com.samsung.health.weight,6320001,12
body_fat_mass,create_sh_ver,start_time,custom,height,weight,muscle_mass,modify_sh_ver,update_time,create_time,client_data_id,skeletal_muscle,fat_free_mass,client_data_ver,basal_metabolic_rate,time_offset,deviceuuid,skeletal_muscle_mass,comment,fat_free,pkg_name,body_fat,datauuid,vfa_level,total_body_water
,,2020-08-06 14:51:01.642,,,93.4854,,,2020-08-06 14:51:10.357,2020-08-06 14:51:10.357,,,,,,UTC-0400,k9L5qUbt1q,,,,com.sec.android.app.shealth,,912f1f2f-d4d0-44ba-b513-4f5a32a4d8c9,,,
,,2021-07-04 15:33:00.000,,,95.3905,,,2021-07-05 01:53:30.472,2021-07-05 01:53:30.472,,,,,,UTC-0400,k9L5qUbt1q,,,,com.sec.android.app.shealth,,47ffbec0-537f-4ba5-adbd-8c486b00fb81,,,
,,2021-07-05 17:39:33.799,,,95.3905,,,2021-07-05 17:39:36.817,2021-07-05 17:39:36.817,,,,,,UTC-0400,k9L5qUbt1q,,,,com.sec.android.app.shealth,,a3673d1c-a1df-4613-8aa0-c2438e210d19,,,
,,2021-07-07 10:03:16.357,,,96.1616,,,2021-07-07 10:03:23.170,2021-07-07 10:03:23.170,,,,,,UTC-0400,k9L5qUbt1q,,,,com.sec.android.app.shealth,,c78382e7-0d23-4051-86da-488bed7dee02,,,
,,2021-07-08 10:09:36.550,,,95.8895,,,2021-07-08 10:09:51.655,2021-07-08 10:09:51.655,,,,,,UTC-0400,k9L5qUbt1q,,,,com.sec.android.app.shealth,,069efb86-826f-4840-af45-a67992a6d519,,,
,,2021-07-11 14:14:17.211,,,96.207,,,2021-07-11 14:14:23.771,2021-07-11 14:14:23.771,,,,,,UTC-0400,k9L5qUbt1q,,,,com.sec.android.app.shealth,,28770186-133c-4d9f-b0f7-6eda5ba92273,,,
,,2021-07-12 08:51:25.261,,175.3,96.1616,,,2021-07-12 08:51:29.134,2021-07-12 08:51:29.134,,,,,,UTC-0400,k9L5qUbt1q,,,,com.sec.android.app.shealth,,5b6628b6-9fce-4167-9fb8-4c484734401d,,,
,,2021-07-13 10:18:40.090,,175.3,96.4338,,,2021-07-13 10:18:46.503,2021-07-13 10:18:46.503,,,,,,UTC-0400,k9L5qUbt1q,,,,com.sec.android.app.shealth,,43089e2b-f995-47f2-8adf-850de5fe690b,,,
,,2021-07-14 10:26:55.817,,175.3,96.4338,,,2021-07-14 10:26:57.659,2021-07-14 10:26:57.659,,,,,,UTC-0400,k9L5qUbt1q,,,,com.sec.android.app.shealth,,d964c12f-f688-40df-8d54-4e0561c0470a,,,
,,2021-07-19 08:43:52.780,,175.3,95.8895,,,2021-07-19 08:44:01.228,2021-07-19 08:44:01.228,,,,,,UTC-0400,k9L5qUbt1q,,,,com.sec.android.app.shealth,,166c927e-f60b-4de8-aa27-e099bd2537bf,,,
,,2021-07-21 10:02:43.016,,175.3,95.9802,,,2021-07-21 10:02:54.517,2021-07-21 10:02:54.517,,,,,,UTC-0400,k9L5qUbt1q,,,,com.sec.android.app.shealth,,5e576fc4-0b1b-41df-9e47-da206d593037,,,
,,2021-07-22 10:14:39.662,,175.3,96.2523,,,2021-07-22 10:14:46.790,2021-07-22 10:14:46.790,,,,,,UTC-0400,k9L5qUbt1q,,,,com.sec.android.app.shealth,,a9f9830d-aecd-4f98-95f1-8a2eb67e7a27,,,
,,2021-07-26 10:06:52.541,,175.3,95.9802,,,2021-07-26 10:06:59.381,2021-07-26 10:06:59.381,,,,,,UTC-0400,k9L5qUbt1q,,,,com.sec.android.app.shealth,,03e51ade-0bb9-4d54-ac6c-01891e7346ec,,,
,,2021-08-02 10:17:00.000,,175.3,94.8009,,,2021-08-03 10:18:09.644,2021-08-03 10:18:09.644,,,,,,UTC-0400,k9L5qUbt1q,,,,com.sec.android.app.shealth,,36cf0902-d0fa-45b9-b5da-22d74a8ad6e3,,,
,,2021-08-03 10:18:15.537,,175.3,95.3452,,,2021-08-03 10:18:23.096,2021-08-03 10:18:23.096,,,,,,UTC-0400,k9L5qUbt1q,,,,com.sec.android.app.shealth,,e9d5044b-4d72-4067-bc43-427c9012907f,,,
,,2021-08-04 10:17:56.502,,175.3,95.7988,,,2021-08-04 10:18:07.501,2021-08-04 10:18:07.501,,,,,,UTC-0400,k9L5qUbt1q,,,,com.sec.android.app.shealth,,a85ba473-6685-4764-a3ec-c322badabbfe,,,
,,2021-08-05 10:18:52.637,,175.3,96.0709,,,2021-08-05 10:18:57.230,2021-08-05 10:18:57.230,,,,,,UTC-0400,k9L5qUbt1q,,,,com.sec.android.app.shealth,,d74aee0e-1be6-41d6-8a0b-cc001de91c85,,,
,,2021-08-08 16:05:18.838,,175.3,94.7555,,,2021-08-08 16:05:31.170,2021-08-08 16:05:31.170,,,,,,UTC-0400,k9L5qUbt1q,,,,com.sec.android.app.shealth,,71633293-ee27-433f-8266-6f806b16b755,,,
,,2021-08-07 16:05:00.000,,175.3,94.3473,,,2021-08-08 16:05:44.379,2021-08-08 16:05:44.379,,,,,,UTC-0400,k9L5qUbt1q,,,,com.sec.android.app.shealth,,05fc8e4b-d990-485e-ae1b-31e01c236a3a,,,
,,2021-08-09 09:03:11.886,,175.3,95.4359,,,2021-08-09 09:03:17.539,2021-08-09 09:03:17.539,,,,,,UTC-0400,k9L5qUbt1q,,,,com.sec.android.app.shealth,,d62068d3-ff7d-47e9-a720-e0c50bbdc3a1,,,
,,2021-08-14 14:50:11.066,,175.3,96.6152,,,2021-08-14 14:50:14.818,2021-08-14 14:50:14.818,,,,,,UTC-0400,k9L5qUbt1q,,,,com.sec.android.app.shealth,,7c4d01ea-dfe8-47bf-a547-c0cfd82e41cc,,,
,,2021-08-15 14:35:41.117,,175.3,95.6173,,,2021-08-15 14:35:46.030,2021-08-15 14:35:46.030,,,,,,UTC-0400,k9L5qUbt1q,,,,com.sec.android.app.shealth,,5e6ac368-4463-4f43-adcf-31015c1a4571,,,
,,2021-08-16 08:38:09.232,,175.3,95.3452,,,2021-08-16 08:38:19.675,2021-08-16 08:38:19.675,,,,,,UTC-0400,k9L5qUbt1q,,,,com.sec.android.app.shealth,,a2e146b1-bc55-4ace-b6d6-8585a60457c0,,,
,,2021-08-18 10:19:52.307,,175.3,96.7059,,,2021-08-18 10:20:00.141,2021-08-18 10:20:00.141,,,,,,UTC-0400,k9L5qUbt1q,,,,com.sec.android.app.shealth,,0ae8326a-4119-4d5b-8a27-b29582b09e6d,,,
,,2021-08-22 15:50:00.000,,175.3,95.4812,,,2021-08-22 20:50:42.310,2021-08-22 20:50:42.310,,,,,,UTC-0400,k9L5qUbt1q,,,,com.sec.android.app.shealth,,34d31cf9-97d8-47a4-b1f5-00291f5f1b8e,,,
,,2021-08-24 10:17:40.329,,175.3,95.708,,,2021-08-24 10:17:46.298,2021-08-24 10:17:46.298,,,,,,UTC-0400,k9L5qUbt1q,,,,com.sec.android.app.shealth,,71451d72-6eaf-4c4f-afc4-bf60b8efbb7e,,,
,,2018-04-16 12:59:00.000,,175.3,97.5224,,,2018-09-29 13:00:32.574,2018-09-29 13:00:32.574,,,,,,UTC-0400,qvQ0/n9FgD,,,,com.sec.android.app.shealth,,b726f5a6-b360-4a28-9fae-2931ef25db6e,,,
,,2018-11-02 11:20:53.816,,175.3,91.8071,,,2018-11-02 11:20:57.846,2018-11-02 11:20:57.846,,,,,,UTC-0400,qvQ0/n9FgD,,,,com.sec.android.app.shealth,,c176f1ff-128c-4d1b-bf61-0b97aced921b,,,
,,2018-09-09 16:52:57.679,,175.3,93.0318,,,2018-09-09 16:53:04.854,2018-09-09 16:53:04.854,,,,,,UTC-0400,qvQ0/n9FgD,,,,com.sec.android.app.shealth,,fe63021a-f081-412c-bb19-b84bd114043c,,,
,,2018-12-20 12:12:18.187,,175.3,91.7618,,,2018-12-20 12:12:22.461,2018-12-20 12:12:22.461,,,,,,UTC-0500,qvQ0/n9FgD,,,,com.sec.android.app.shealth,,c9a4195c-ce33-4ff3-8bde-3327c0ccbbc7,,,
,,2019-05-06 10:42:34.713,,175.3,90.5371,,,2019-05-06 10:42:37.971,2019-05-06 10:42:37.971,,,,,,UTC-0400,qvQ0/n9FgD,,,,com.sec.android.app.shealth,,bdbba862-77a2-4f8e-a2e7-53f36c2a7eeb,,,
,,2019-03-19 11:04:20.182,,175.3,91.6711,,,2019-03-19 11:04:25.959,2019-03-19 11:04:25.959,,,,,,UTC-0400,qvQ0/n9FgD,,,,com.sec.android.app.shealth,,cd1751e6-0028-4d01-b4f0-83065e360c2a,,,
,,2019-03-09 14:22:33.701,,175.3,91.8071,,,2019-03-09 14:22:37.709,2019-03-09 14:22:37.709,,,,,,UTC-0500,qvQ0/n9FgD,,,,com.sec.android.app.shealth,,22300e77-498d-471f-bf9e-7a6793db3970,,,
,,2018-08-24 11:03:40.788,,175.3,93.0772,,,2018-08-24 11:03:54.339,2018-08-24 11:03:54.339,,,,,,UTC-0400,qvQ0/n9FgD,,,,com.sec.android.app.shealth,,a1c3c2d7-0f36-4040-97d7-ce1d26873c1b,,,
,,2019-02-14 12:07:55.892,,175.3,92.0793,,,2019-02-14 12:07:59.387,2019-02-14 12:07:59.387,,,,,,UTC-0500,qvQ0/n9FgD,,,,com.sec.android.app.shealth,,0ef50fc4-a8e5-4858-8bd3-d7cc2ec74e1c,,,
,,2019-04-18 11:15:40.555,,175.3,89.7206,,,2019-04-18 11:15:47.388,2019-04-18 11:15:47.388,,,,,,UTC-0400,qvQ0/n9FgD,,,,com.sec.android.app.shealth,,4f82f683-2c0d-419b-8903-c454a32d07c3,,,
,,2018-11-27 11:57:18.302,,175.3,90.8092,,,2018-11-27 11:57:22.516,2018-11-27 11:57:22.516,,,,,,UTC-0500,qvQ0/n9FgD,,,,com.sec.android.app.shealth,,7389ee4e-b8b5-4862-8a41-8a2039ebe662,,,
,,2019-01-08 12:09:19.159,,175.3,90.5371,,,2019-01-08 12:09:23.594,2019-01-08 12:09:23.594,,,,,,UTC-0500,qvQ0/n9FgD,,,,com.sec.android.app.shealth,,47341d68-a003-464f-be3b-061d2d656ecd,,,
,,2018-09-03 22:39:00.000,,175.3,90.7639,,,2018-09-04 10:29:41.372,2018-09-04 10:29:41.372,,,,,,UTC-0400,qvQ0/n9FgD,,,,com.sec.android.app.shealth,,288e1689-3b06-4d2f-a810-f8ad78f3fef3,,,
,,2019-04-05 11:14:28.753,,175.3,89.9474,,,2019-04-05 11:14:33.521,2019-04-05 11:14:33.521,,,,,,UTC-0400,qvQ0/n9FgD,,,,com.sec.android.app.shealth,,649e1e2c-5894-4c52-9e17-01361cfae1ea,,,
,,2018-08-21 11:32:44.418,,175.3,91.9432,,,2018-08-21 11:32:50.294,2018-08-21 11:32:50.294,,,,,,UTC-0400,qvQ0/n9FgD,,,,com.sec.android.app.shealth,,71ff01e2-7358-4020-92ab-713585262dd5,,,
,,2019-01-24 11:35:18.756,,175.3,91.7618,,,2019-01-24 11:35:23.060,2019-01-24 11:35:23.060,,,,,,UTC-0500,qvQ0/n9FgD,,,,com.sec.android.app.shealth,,6380a3dd-985d-4cfd-95f0-e7f6ba02e174,,,
,,2018-12-30 16:36:49.641,,175.3,91.3989,,,2018-12-30 16:36:53.704,2018-12-30 16:36:53.704,,,,,,UTC-0500,qvQ0/n9FgD,,,,com.sec.android.app.shealth,,e28d7857-180d-4739-a862-56453515d5eb,,,
,,2018-08-26 15:15:34.407,,175.3,91.8979,,,2018-08-26 15:15:46.665,2018-08-26 15:15:46.665,,,,,,UTC-0400,qvQ0/n9FgD,,,,com.sec.android.app.shealth,,d5508f94-6732-47d8-92b0-9d46fbab7051,,,
,,2019-01-18 12:22:50.288,,175.3,90.9907,,,2019-01-18 12:22:55.110,2019-01-18 12:22:55.110,,,,,,UTC-0500,qvQ0/n9FgD,,,,com.sec.android.app.shealth,,c6114598-efa0-4e08-a2e3-18add679955f,,,
,,2018-10-08 16:02:35.138,,175.3,88.3598,,,2018-10-08 16:02:39.926,2018-10-08 16:02:39.926,,,,,,UTC-0400,qvQ0/n9FgD,,,,com.sec.android.app.shealth,,2528d3b1-aedc-42a8-8119-c85c6373288d,,,
,,2018-08-28 11:06:14.613,,175.3,92.8504,,,2018-08-28 11:06:31.042,2018-08-28 11:06:31.042,,,,,,UTC-0400,qvQ0/n9FgD,,,,com.sec.android.app.shealth,,55f63d3a-6ad5-443d-a1d8-1d59934c5e28,,,
,,2019-05-15 10:47:00.428,,175.3,90.8092,,,2019-05-15 10:47:03.902,2019-05-15 10:47:03.902,,,,,,UTC-0400,qvQ0/n9FgD,,,,com.sec.android.app.shealth,,98b5d4da-95b4-497c-b0dd-1963aca04c2f,,,
,,2019-05-08 11:05:15.472,,175.3,90.3103,,,2019-05-08 11:05:20.991,2019-05-08 11:05:20.991,,,,,,UTC-0400,qvQ0/n9FgD,,,,com.sec.android.app.shealth,,e0541704-0d93-4740-8b4e-3c2f78714a07,,,
,,2019-04-10 11:04:40.955,,175.3,90.6278,,,2019-04-10 11:04:44.633,2019-04-10 11:04:44.633,,,,,,UTC-0400,qvQ0/n9FgD,,,,com.sec.android.app.shealth,,401bd1ec-2bd3-4741-a099-d88b2a31c326,,,
,,2019-04-07 11:58:05.346,,175.3,90.4917,,,2019-04-07 11:58:09.859,2019-04-07 11:58:09.859,,,,,,UTC-0400,qvQ0/n9FgD,,,,com.sec.android.app.shealth,,20fd8434-0568-4701-b052-d1b5a4c10cfe,,,
,,2018-10-27 14:42:49.457,,175.3,91.1267,,,2018-10-27 14:42:52.333,2018-10-27 14:42:52.333,,,,,,UTC-0400,qvQ0/n9FgD,,,,com.sec.android.app.shealth,,05374520-ea82-41ef-b7a1-94201db298ff,,,
,,2019-02-11 11:53:14.876,,175.3,92.17,,,2019-02-11 11:53:16.610,2019-02-11 11:53:16.610,,,,,,UTC-0500,qvQ0/n9FgD,,,,com.sec.android.app.shealth,,5b041147-77ff-40da-8474-d303d3044b21,,,
,,2019-04-02 10:49:56.171,,175.3,89.2217,,,2019-04-02 10:50:01.256,2019-04-02 10:50:01.256,,,,,,UTC-0400,qvQ0/n9FgD,,,,com.sec.android.app.shealth,,169894ad-7a26-404a-aa6c-9641f7ed0aea,,,
,,2018-11-13 12:06:44.983,,175.3,91.2628,,,2018-11-13 12:06:49.834,2018-11-13 12:06:49.834,,,,,,UTC-0500,qvQ0/n9FgD,,,,com.sec.android.app.shealth,,014761dd-9475-4ed5-b89a-16563d816f92,,,
,,2019-02-09 13:29:00.372,,175.3,92.17,,,2019-02-09 13:29:04.059,2019-02-09 13:29:04.059,,,,,,UTC-0500,qvQ0/n9FgD,,,,com.sec.android.app.shealth,,0d7cdbbb-d915-465d-91ee-e0daffe873d0,,,
,,2019-01-23 12:03:19.154,,175.3,91.9886,,,2019-01-23 12:03:23.326,2019-01-23 12:03:23.326,,,,,,UTC-0500,qvQ0/n9FgD,,,,com.sec.android.app.shealth,,7be13be8-2f3b-4345-8b1d-f63c1430c757,,,
,,2019-04-29 10:42:40.659,,175.3,90.7185,,,2019-04-29 10:42:44.249,2019-04-29 10:42:44.249,,,,,,UTC-0400,qvQ0/n9FgD,,,,com.sec.android.app.shealth,,f78fbb94-2d53-4cd8-a611-46d440da0833,,,
,,2018-09-01 17:56:32.964,,175.3,91.8979,,,2018-09-01 17:56:42.442,2018-09-01 17:56:42.442,,,,,,UTC-0400,qvQ0/n9FgD,,,,com.sec.android.app.shealth,,b1ba788e-5f69-449f-8b42-5cc4ad5e27b5,,,
,,2018-09-18 10:51:06.879,,175.3,90.3103,,,2018-09-18 10:51:13.071,2018-09-18 10:51:13.071,,,,,,UTC-0400,qvQ0/n9FgD,,,,com.sec.android.app.shealth,,b2925c77-eff2-40ce-a0de-c975ef3fec8b,,,
,,2018-09-24 10:49:20.549,,175.3,90.1288,,,2018-09-24 10:49:26.158,2018-09-24 10:49:26.158,,,,,,UTC-0400,qvQ0/n9FgD,,,,com.sec.android.app.shealth,,de4e50e7-08aa-4662-9e61-4de33ad1e5e6,,,
,,2018-09-11 10:58:31.638,,175.3,92.7597,,,2018-09-11 10:58:56.213,2018-09-11 10:58:56.213,,,,,,UTC-0400,qvQ0/n9FgD,,,,com.sec.android.app.shealth,,62e12a47-2bb4-4ed6-aca7-76c86ecb5385,,,
,,2019-03-06 12:07:10.840,,175.3,92.0339,,,2019-03-06 12:07:14.421,2019-03-06 12:07:14.421,,,,,,UTC-0500,qvQ0/n9FgD,,,,com.sec.android.app.shealth,,fae35de0-40b8-4c7d-aa16-a6359e3d9a2c,,,
,,2019-02-05 10:39:54.666,,175.3,91.535,,,2019-02-05 10:39:58.722,2019-02-05 10:39:58.722,,,,,,UTC-0500,qvQ0/n9FgD,,,,com.sec.android.app.shealth,,fa84ecec-f7e2-4482-aaab-1c6f7c0f364a,,,
,,2019-01-17 11:54:33.266,,175.3,91.535,,,2019-01-17 11:54:37.321,2019-01-17 11:54:37.321,,,,,,UTC-0500,qvQ0/n9FgD,,,,com.sec.android.app.shealth,,9de51696-0040-4fb6-84a5-27df57cd9677,,,
,,2019-04-23 10:48:24.231,,175.3,89.4031,,,2019-04-23 10:48:28.774,2019-04-23 10:48:28.774,,,,,,UTC-0400,qvQ0/n9FgD,,,,com.sec.android.app.shealth,,2088a284-eca4-45bc-b0ad-32b842dae590,,,
,,2019-01-31 12:22:58.039,,175.3,91.8071,,,2019-01-31 12:23:01.919,2019-01-31 12:23:01.919,,,,,,UTC-0500,qvQ0/n9FgD,,,,com.sec.android.app.shealth,,c864da37-650b-4729-85ca-c9b06fcd4abc,,,
,,2018-12-26 12:12:41.308,,175.3,91.036,,,2018-12-26 12:12:44.685,2018-12-26 12:12:44.685,,,,,,UTC-0500,qvQ0/n9FgD,,,,com.sec.android.app.shealth,,8632967c-fe16-4727-8016-b0eb56494c9e,,,
,,2019-04-06 14:31:57.731,,175.3,89.267,,,2019-04-06 14:32:02.200,2019-04-06 14:32:02.200,,,,,,UTC-0400,qvQ0/n9FgD,,,,com.sec.android.app.shealth,,39e48b55-9a55-44f4-bb14-0013227337b3,,,
,,2018-08-22 11:23:24.783,,175.3,92.0793,,,2018-08-22 11:23:29.831,2018-08-22 11:23:29.831,,,,,,UTC-0400,qvQ0/n9FgD,,,,com.sec.android.app.shealth,,380cbf5f-4dea-41d1-b723-cb687460c046,,,
,,2018-10-09 14:00:28.613,,175.3,89.9021,,,2018-10-09 14:00:35.613,2018-10-09 14:00:35.613,,,,,,UTC-0400,qvQ0/n9FgD,,,,com.sec.android.app.shealth,,5ff974fd-eae2-4f5d-8ef6-20de175bfcfb,,,
,,2019-01-03 12:13:52.014,,175.3,91.4443,,,2019-01-03 12:13:57.425,2019-01-03 12:13:57.425,,,,,,UTC-0500,qvQ0/n9FgD,,,,com.sec.android.app.shealth,,4f324446-1e43-4296-af13-80eb5d87e29e,,,
,,2019-04-16 11:11:00.830,,175.3,90.0381,,,2019-04-16 11:11:04.557,2019-04-16 11:11:04.557,,,,,,UTC-0400,qvQ0/n9FgD,,,,com.sec.android.app.shealth,,86c8544a-d3b8-4a6a-8685-ada0df60bbb5,,,
,,2018-08-13 16:38:38.975,,175.3,92.8504,,,2018-08-13 16:39:15.258,2018-08-13 16:39:15.258,,,,,,UTC-0400,qvQ0/n9FgD,,,,com.sec.android.app.shealth,,8c063a5c-3462-4585-af9a-eefbe3f10df9,,,
,,2018-08-23 11:05:14.720,,175.3,92.9411,,,2018-08-23 11:05:25.666,2018-08-23 11:05:25.666,,,,,,UTC-0400,qvQ0/n9FgD,,,,com.sec.android.app.shealth,,fcd519a6-3806-486a-80b3-8c67503c2cbf,,,
,,2018-11-16 12:24:12.916,,175.3,91.9432,,,2018-11-16 12:24:18.589,2018-11-16 12:24:18.589,,,,,,UTC-0500,qvQ0/n9FgD,,,,com.sec.android.app.shealth,,b3ba6a6e-5a0c-4b79-b0a1-cf6b63e27445,,,
,,2018-09-04 10:45:49.364,,175.3,91.3535,,,2018-09-04 10:45:54.843,2018-09-04 10:45:54.843,,,,,,UTC-0400,qvQ0/n9FgD,,,,com.sec.android.app.shealth,,cf265a8b-4ebf-41c1-891d-a75760e26721,,,
,,2019-01-16 11:38:40.019,,175.3,91.5803,,,2019-01-16 11:38:44.032,2019-01-16 11:38:44.032,,,,,,UTC-0500,qvQ0/n9FgD,,,,com.sec.android.app.shealth,,280dbb4e-0b12-40e6-9f76-acc5da5eedb3,,,
,,2017-04-22 02:00:00.244,,175.2,88.9042,,,2017-04-23 03:51:36.031,2017-04-23 03:51:36.031,,,,,,UTC-0400,seasqcFc5J,,,,com.sec.android.app.shealth,,3fd36f65-6864-4397-bb0e-6fce5959472a,,,
,,2018-12-14 12:03:12.251,,175.3,91.6711,,,2018-12-14 12:03:15.938,2018-12-14 12:03:15.938,,,,,,UTC-0500,qvQ0/n9FgD,,,,com.sec.android.app.shealth,,9714d0be-c932-478f-bcea-007eb89c1043,,,
,,2018-12-21 12:10:06.987,,175.3,91.535,,,2018-12-21 12:10:11.755,2018-12-21 12:10:11.755,,,,,,UTC-0500,qvQ0/n9FgD,,,,com.sec.android.app.shealth,,4d2b5fc0-7056-481b-a5ae-a050a31d9991,,,
,,2019-02-03 17:39:29.127,,175.3,90.9907,,,2019-02-03 17:39:34.023,2019-02-03 17:39:34.023,,,,,,UTC-0500,qvQ0/n9FgD,,,,com.sec.android.app.shealth,,e365b805-c66c-492a-9e81-072bbf7cac93,,,
,,2017-04-23 12:53:47.382,,175.2,86.1826,,,2017-04-23 12:54:02.349,2017-04-23 12:54:02.349,,,,,,UTC-0400,seasqcFc5J,,,,com.sec.android.app.shealth,,f0dd134d-8002-4a7d-9f12-16165636a92f,,,
,,2018-11-01 11:15:04.446,,175.3,90.8546,,,2018-11-01 11:15:08.396,2018-11-01 11:15:08.396,,,,,,UTC-0400,qvQ0/n9FgD,,,,com.sec.android.app.shealth,,cd3b35ab-7251-42ad-a5cb-9689119a8b57,,,
,,2017-04-21 03:24:04.947,,175.2,87.997,,,2017-04-21 03:24:14.912,2017-04-21 03:24:14.912,,,,,,UTC-0400,seasqcFc5J,,,,com.sec.android.app.shealth,,3081d097-5437-4653-b9e0-2a99410fcd88,,,
,,2018-12-10 12:12:36.967,,175.3,91.1267,,,2018-12-10 12:12:41.300,2018-12-10 12:12:41.300,,,,,,UTC-0500,qvQ0/n9FgD,,,,com.sec.android.app.shealth,,20d3b126-52e6-4273-8a07-caca1727af8a,,,
,,2018-08-19 20:26:43.604,,175.3,91.9886,,,2018-08-19 20:26:58.582,2018-08-19 20:26:58.582,,,,,,UTC-0400,qvQ0/n9FgD,,,,com.sec.android.app.shealth,,4f8f8619-8fef-45d3-bc61-ae100d251d16,,,
,,2018-09-14 11:16:28.090,,175.3,92.5329,,,2018-09-14 11:16:33.073,2018-09-14 11:16:33.073,,,,,,UTC-0400,qvQ0/n9FgD,,,,com.sec.android.app.shealth,,ebe725df-3ed4-48c6-804d-03865f66e306,,,
,,2019-02-20 11:51:52.194,,175.3,92.3968,,,2019-02-20 11:51:58.175,2019-02-20 11:51:58.175,,,,,,UTC-0500,qvQ0/n9FgD,,,,com.sec.android.app.shealth,,a84f90ea-a76c-4efe-87a2-e344662fb939,,,
,,2018-11-18 16:13:18.573,,175.3,90.3103,,,2018-11-18 16:13:25.153,2018-11-18 16:13:25.153,,,,,,UTC-0500,qvQ0/n9FgD,,,,com.sec.android.app.shealth,,0f40e83f-5430-4bff-9c0f-ca44dfe36785,,,
,,2019-03-11 10:54:22.514,,175.3,91.3535,,,2019-03-11 10:54:26.231,2019-03-11 10:54:26.231,,,,,,UTC-0400,qvQ0/n9FgD,,,,com.sec.android.app.shealth,,ce9c6117-52d3-4858-a8c7-4970d0cfdf87,,,
,,2018-11-26 12:07:00.365,,175.3,90.7185,,,2018-11-26 12:07:03.881,2018-11-26 12:07:03.881,,,,,,UTC-0500,qvQ0/n9FgD,,,,com.sec.android.app.shealth,,3d4afc46-9738-433f-b45f-621f0d8bbc77,,,
,,2017-04-19 17:26:37.969,,175.2,87.2712,,,2017-04-19 17:26:58.922,2017-04-19 17:26:58.922,,,,,,UTC-0400,seasqcFc5J,,,,com.sec.android.app.shealth,,5f41306f-13ae-4085-932b-bc4a57a0ce6e,,,
,,2018-08-29 11:13:44.412,,175.3,92.669,,,2018-08-29 11:13:50.277,2018-08-29 11:13:50.277,,,,,,UTC-0400,qvQ0/n9FgD,,,,com.sec.android.app.shealth,,52462975-c118-4233-9e03-2af0d542d816,,,
,,2019-01-05 13:15:28.550,,175.3,91.036,,,2019-01-05 13:15:33.318,2019-01-05 13:15:33.318,,,,,,UTC-0500,qvQ0/n9FgD,,,,com.sec.android.app.shealth,,d5410f33-a622-4935-a2ce-00da500a8d4d,,,
,,2018-09-27 10:51:02.735,,175.3,91.036,,,2018-09-27 10:51:07.606,2018-09-27 10:51:07.606,,,,,,UTC-0400,qvQ0/n9FgD,,,,com.sec.android.app.shealth,,9688cd5b-23d2-4e27-97c1-67df74abd897,,,
,,2018-11-07 11:52:42.002,,175.3,91.3989,,,2018-11-07 11:52:51.440,2018-11-07 11:52:51.440,,,,,,UTC-0500,qvQ0/n9FgD,,,,com.sec.android.app.shealth,,a24992ec-ae58-401a-83ad-4fda9674b63e,,,
,,2018-12-05 12:07:01.638,,175.3,91.4443,,,2018-12-05 12:07:06.476,2018-12-05 12:07:06.476,,,,,,UTC-0500,qvQ0/n9FgD,,,,com.sec.android.app.shealth,,ad866ff5-8b9a-441a-b56f-4d59ffda8b77,,,
,,2019-02-22 11:48:07.646,,175.3,92.4875,,,2019-02-22 11:48:11.473,2019-02-22 11:48:11.473,,,,,,UTC-0500,qvQ0/n9FgD,,,,com.sec.android.app.shealth,,f2c0c684-7a10-4685-8655-454872fdb85a,,,
,,2019-05-10 11:02:46.089,,175.3,90.9453,,,2019-05-10 11:02:50.099,2019-05-10 11:02:50.099,,,,,,UTC-0400,qvQ0/n9FgD,,,,com.sec.android.app.shealth,,60b04acd-51cd-410a-af8f-c5a854f98e8b,,,
,,2017-04-24 04:28:31.318,,175.2,85.9104,,,2017-04-24 04:28:41.916,2017-04-24 04:28:41.916,,,,,,UTC-0400,seasqcFc5J,,,,com.sec.android.app.shealth,,1429e728-f021-4ff9-969f-c2e244ee0a3c,,,
,,2018-10-03 10:58:46.082,,175.3,91.2628,,,2018-10-03 10:58:50.642,2018-10-03 10:58:50.642,,,,,,UTC-0400,qvQ0/n9FgD,,,,com.sec.android.app.shealth,,26d7177a-5816-44fe-bf5a-121f85c062f7,,,
,,2018-10-05 11:08:49.523,,175.3,90.9453,,,2018-10-05 11:08:53.899,2018-10-05 11:08:53.899,,,,,,UTC-0400,qvQ0/n9FgD,,,,com.sec.android.app.shealth,,416adecf-1904-42b9-adb8-ce5a4494ad36,,,
,,2019-04-09 11:00:43.579,,175.3,90.2196,,,2019-04-09 11:00:47.838,2019-04-09 11:00:47.838,,,,,,UTC-0400,qvQ0/n9FgD,,,,com.sec.android.app.shealth,,5875b687-4006-43ec-a9ca-864cc5511d52,,,
,,2018-10-30 11:21:43.480,,175.3,90.8546,,,2018-10-30 11:21:47.500,2018-10-30 11:21:47.500,,,,,,UTC-0400,qvQ0/n9FgD,,,,com.sec.android.app.shealth,,2263bb7d-5789-49e6-a4ff-d35b716189bd,,,
,,2019-01-02 12:10:57.352,,175.3,91.2175,,,2019-01-02 12:11:01.413,2019-01-02 12:11:01.413,,,,,,UTC-0500,qvQ0/n9FgD,,,,com.sec.android.app.shealth,,53051ed3-7cf3-4bd4-a5df-2a892539e347,,,
,,2019-05-09 11:05:05.789,,175.3,90.9,,,2019-05-09 11:05:09.167,2019-05-09 11:05:09.167,,,,,,UTC-0400,qvQ0/n9FgD,,,,com.sec.android.app.shealth,,fea40946-4a9b-47e9-96d3-d2f69ea77eb9,,,
,,2018-10-12 11:29:05.661,,175.3,91.7618,,,2018-10-12 11:29:10.252,2018-10-12 11:29:10.252,,,,,,UTC-0400,qvQ0/n9FgD,,,,com.sec.android.app.shealth,,abb8d754-c508-45b3-9c92-16cdec4c747a,,,
,,2018-09-15 12:04:58.168,,175.3,91.6711,,,2018-09-15 12:05:02.899,2018-09-15 12:05:02.899,,,,,,UTC-0400,qvQ0/n9FgD,,,,com.sec.android.app.shealth,,56d73ffb-661f-46da-9b51-b038fa99d78f,,,
,,2018-10-15 11:14:17.789,,175.3,90.7185,,,2018-10-15 11:14:21.478,2018-10-15 11:14:21.478,,,,,,UTC-0400,qvQ0/n9FgD,,,,com.sec.android.app.shealth,,a896edb5-ef93-4af7-8216-812a1830aa07,,,
,,2019-05-01 10:55:55.088,,175.3,91.0814,,,2019-05-01 10:56:00.244,2019-05-01 10:56:00.244,,,,,,UTC-0400,qvQ0/n9FgD,,,,com.sec.android.app.shealth,,5b11d650-174e-410b-9f79-4ae91ab11290,,,
,,2018-12-03 12:04:33.555,,175.3,90.5824,,,2018-12-03 12:04:40.319,2018-12-03 12:04:40.319,,,,,,UTC-0500,qvQ0/n9FgD,,,,com.sec.android.app.shealth,,78a62010-e27f-4880-bc61-1a2dd076dedc,,,
,,2019-03-08 11:50:31.491,,175.3,92.4875,,,2019-03-08 11:50:35.440,2019-03-08 11:50:35.440,,,,,,UTC-0500,qvQ0/n9FgD,,,,com.sec.android.app.shealth,,ebeb99b5-f2b5-47ad-9756-9ac8494bf85f,,,
,,2019-03-10 16:42:17.842,,175.3,91.4896,,,2019-03-10 16:42:21.810,2019-03-10 16:42:21.810,,,,,,UTC-0400,qvQ0/n9FgD,,,,com.sec.android.app.shealth,,01eb9f23-9fd7-4ee3-a651-599e34c42d2d,,,
,,2019-04-01 11:02:16.733,,175.3,89.3577,,,2019-04-01 11:02:20.347,2019-04-01 11:02:20.347,,,,,,UTC-0400,qvQ0/n9FgD,,,,com.sec.android.app.shealth,,7c6de9d9-b654-42dd-b2b1-28221fe36a6a,,,
,,2018-09-16 18:10:36.670,,175.3,90.9453,,,2018-09-16 18:10:46.364,2018-09-16 18:10:46.364,,,,,,UTC-0400,qvQ0/n9FgD,,,,com.sec.android.app.shealth,,55e1d851-8b61-4bc8-b89d-23ec6e9a8a96,,,
,,2019-01-15 12:23:54.565,,175.3,91.3535,,,2019-01-15 12:23:59.281,2019-01-15 12:23:59.281,,,,,,UTC-0500,qvQ0/n9FgD,,,,com.sec.android.app.shealth,,5aa341f6-e7a6-48cc-9a12-0523abe62ddb,,,
,,2018-10-23 11:15:24.307,,175.3,90.9453,,,2018-10-23 11:15:28.324,2018-10-23 11:15:28.324,,,,,,UTC-0400,qvQ0/n9FgD,,,,com.sec.android.app.shealth,,4a691e12-f6d7-4d6e-8fbf-ae5c44eaf429,,,
,,2018-12-07 12:06:22.202,,175.3,90.4464,,,2018-12-07 12:06:27.120,2018-12-07 12:06:27.120,,,,,,UTC-0500,qvQ0/n9FgD,,,,com.sec.android.app.shealth,,dfd7b901-5c00-4a9f-86c7-3993ae9db46d,,,
,,2019-04-22 10:53:00.049,,175.3,89.4938,,,2019-04-22 10:53:03.832,2019-04-22 10:53:03.832,,,,,,UTC-0400,qvQ0/n9FgD,,,,com.sec.android.app.shealth,,875a0bee-54cd-4624-beca-d6125f90d13d,,,
,,2018-12-18 11:37:52.729,,175.3,91.1267,,,2018-12-18 11:37:56.973,2018-12-18 11:37:56.973,,,,,,UTC-0500,qvQ0/n9FgD,,,,com.sec.android.app.shealth,,0de9177f-1888-480d-a463-f3244a7a3eee,,,
,,2019-03-24 18:14:54.257,,175.3,90.9907,,,2019-03-24 18:14:57.682,2019-03-24 18:14:57.682,,,,,,UTC-0400,qvQ0/n9FgD,,,,com.sec.android.app.shealth,,58596fa4-57c3-4eed-a645-250b06bde59f,,,
,,2019-04-20 13:35:39.949,,175.3,89.9474,,,2019-04-20 13:35:44.329,2019-04-20 13:35:44.329,,,,,,UTC-0400,qvQ0/n9FgD,,,,com.sec.android.app.shealth,,5a35bbdf-8787-482a-89fe-2d343b3fd063,,,
,,2018-10-01 11:11:59.563,,175.3,90.4917,,,2018-10-01 11:12:05.225,2018-10-01 11:12:05.225,,,,,,UTC-0400,qvQ0/n9FgD,,,,com.sec.android.app.shealth,,f82b9667-116b-4989-bb4d-1b7901556c84,,,
,,2019-03-03 14:41:22.955,,175.3,91.8979,,,2019-03-03 14:41:26.957,2019-03-03 14:41:26.957,,,,,,UTC-0500,qvQ0/n9FgD,,,,com.sec.android.app.shealth,,b6ddea48-74a0-431b-ace7-5c52fccdfe92,,,
,,2018-10-29 10:57:31.085,,175.3,91.1267,,,2018-10-29 10:57:36.889,2018-10-29 10:57:36.889,,,,,,UTC-0400,qvQ0/n9FgD,,,,com.sec.android.app.shealth,,92beb4eb-e03a-4a6e-a8fb-4a58d27c4367,,,
,,2018-09-17 10:51:20.856,,175.3,91.535,,,2018-09-17 10:51:27.578,2018-09-17 10:51:27.578,,,,,,UTC-0400,qvQ0/n9FgD,,,,com.sec.android.app.shealth,,202d7bd7-b91d-4712-a96b-16dd53d7c101,,,
,,2019-03-18 10:50:31.615,,175.3,91.7618,,,2019-03-18 10:50:35.244,2019-03-18 10:50:35.244,,,,,,UTC-0400,qvQ0/n9FgD,,,,com.sec.android.app.shealth,,791dfb4b-64d2-49d2-877e-3c5e7fa933b2,,,
,,2019-03-02 14:50:51.240,,175.3,92.0339,,,2019-03-02 14:50:54.908,2019-03-02 14:50:54.908,,,,,,UTC-0500,qvQ0/n9FgD,,,,com.sec.android.app.shealth,,abb6049a-9dcb-4326-a2a0-c2fc44dd0db1,,,
,,2019-04-13 12:43:22.578,,175.3,90.2196,,,2019-04-13 12:43:26.776,2019-04-13 12:43:26.776,,,,,,UTC-0400,qvQ0/n9FgD,,,,com.sec.android.app.shealth,,2c811e08-aa31-46a5-8d22-f7e7ecde2901,,,
,,2017-04-24 10:30:00.936,,175.2,85.4568,,,2017-04-25 02:39:57.245,2017-04-25 02:39:57.245,,,,,,UTC-0400,seasqcFc5J,,,,com.sec.android.app.shealth,,cd0eca97-910c-4d7b-b6e0-92c3e9e2df20,,,
,,2018-12-27 12:12:13.738,,175.3,91.3082,,,2018-12-27 12:12:18.121,2018-12-27 12:12:18.121,,,,,,UTC-0500,qvQ0/n9FgD,,,,com.sec.android.app.shealth,,f40b4373-9335-4e5f-a9a4-c3ecc9403c64,,,
,,2018-09-22 19:12:45.276,,175.3,90.7185,,,2018-09-22 19:12:50.275,2018-09-22 19:12:50.275,,,,,,UTC-0400,qvQ0/n9FgD,,,,com.sec.android.app.shealth,,dc9732b1-2517-4e34-8449-483ac106c2e4,,,
,,2019-04-25 10:52:20.402,,175.3,89.8567,,,2019-04-25 10:52:23.493,2019-04-25 10:52:23.493,,,,,,UTC-0400,qvQ0/n9FgD,,,,com.sec.android.app.shealth,,d3d2fb3d-b628-437a-ab3b-63467dbaa98e,,,
,,2019-03-07 11:45:18.123,,175.3,92.2154,,,2019-03-07 11:45:21.341,2019-03-07 11:45:21.341,,,,,,UTC-0500,qvQ0/n9FgD,,,,com.sec.android.app.shealth,,5948e97b-c486-4c0f-971c-974ec0a7b8b1,,,
,,2019-04-19 11:21:33.600,,175.3,89.9928,,,2019-04-19 11:21:40.512,2019-04-19 11:21:40.512,,,,,,UTC-0400,qvQ0/n9FgD,,,,com.sec.android.app.shealth,,df8f2a93-3daa-4235-bf59-0be193e43f10,,,
,,2018-10-10 11:07:31.681,,175.3,90.7639,,,2018-10-10 11:07:35.945,2018-10-10 11:07:35.945,,,,,,UTC-0400,qvQ0/n9FgD,,,,com.sec.android.app.shealth,,e6c20ae9-2f2d-4d95-885a-a26706d0e84b,,,
,,2019-02-06 12:20:40.726,,175.3,91.7164,,,2019-02-06 12:20:44.309,2019-02-06 12:20:44.309,,,,,,UTC-0500,qvQ0/n9FgD,,,,com.sec.android.app.shealth,,c22791dd-13e0-425c-9cc7-3ecf411da681,,,
,,2019-01-19 15:52:14.656,,175.3,90.9,,,2019-01-19 15:52:19.362,2019-01-19 15:52:19.362,,,,,,UTC-0500,qvQ0/n9FgD,,,,com.sec.android.app.shealth,,1ce25048-bd87-46a0-a593-4e219cc3bb12,,,
,,2019-01-25 12:22:24.727,,175.3,90.8092,,,2019-01-25 12:22:28.898,2019-01-25 12:22:28.898,,,,,,UTC-0500,qvQ0/n9FgD,,,,com.sec.android.app.shealth,,67f200d6-6c65-4af4-b448-b80c98e1a0f0,,,
,,2019-03-25 10:42:50.370,,175.3,90.9,,,2019-03-25 10:42:54.071,2019-03-25 10:42:54.071,,,,,,UTC-0400,qvQ0/n9FgD,,,,com.sec.android.app.shealth,,dc7c88a3-176f-4fa9-ac5d-d9f6987e2b41,,,
,,2017-04-22 18:00:00.220,,175.2,85.5476,,,2017-04-23 03:52:09.251,2017-04-23 03:52:09.251,,,,,,UTC-0400,seasqcFc5J,,,,com.sec.android.app.shealth,,cb31512b-abac-49b2-a21c-261b041502ec,,,
,,2019-04-03 11:01:54.467,,175.3,88.9949,,,2019-04-03 11:01:59.161,2019-04-03 11:01:59.161,,,,,,UTC-0400,qvQ0/n9FgD,,,,com.sec.android.app.shealth,,c3fdbbe2-b97d-4ac4-937d-4c28c5304895,,,
,,2018-11-15 12:06:28.864,,175.3,92.0793,,,2018-11-15 12:06:32.829,2018-11-15 12:06:32.829,,,,,,UTC-0500,qvQ0/n9FgD,,,,com.sec.android.app.shealth,,6e4a02a5-9161-404b-8dd6-e9ccc6c038eb,,,
,,2018-10-07 16:25:52.047,,175.3,88.9949,,,2018-10-07 16:25:59.593,2018-10-07 16:25:59.593,,,,,,UTC-0400,qvQ0/n9FgD,,,,com.sec.android.app.shealth,,86b029be-95ef-4309-a1a7-0467e3beaf30,,,
,,2018-09-10 10:48:57.186,,175.3,92.9411,,,2018-09-10 10:49:02.387,2018-09-10 10:49:02.387,,,,,,UTC-0400,qvQ0/n9FgD,,,,com.sec.android.app.shealth,,d9907655-dc7b-457e-8491-1d708cff1fad,,,
,,2018-11-17 17:56:00.746,,175.3,90.6278,,,2018-11-17 17:56:05.315,2018-11-17 17:56:05.315,,,,,,UTC-0500,qvQ0/n9FgD,,,,com.sec.android.app.shealth,,6fac7e6f-1390-4a0e-94c6-820db753a2a6,,,
,,2019-05-16 11:08:39.253,,175.3,90.8092,,,2019-05-16 11:08:42.213,2019-05-16 11:08:42.213,,,,,,UTC-0400,qvQ0/n9FgD,,,,com.sec.android.app.shealth,,ef6fd005-b298-4913-96aa-dbd58c933690,,,
,,2018-12-19 12:10:14.392,,175.3,91.3535,,,2018-12-19 12:10:22.318,2018-12-19 12:10:22.318,,,,,,UTC-0500,qvQ0/n9FgD,,,,com.sec.android.app.shealth,,9be864bb-a372-4462-a2e4-7e873a1aaf95,,,
,,2019-03-04 11:50:49.771,,175.3,91.6711,,,2019-03-04 11:50:53.889,2019-03-04 11:50:53.889,,,,,,UTC-0500,qvQ0/n9FgD,,,,com.sec.android.app.shealth,,5c48954b-530a-4071-b9d8-4f0f673f724c,,,
,,2019-03-05 11:50:21.304,,175.3,91.8979,,,2019-03-05 11:50:26.173,2019-03-05 11:50:26.173,,,,,,UTC-0500,qvQ0/n9FgD,,,,com.sec.android.app.shealth,,750eec0d-1c7c-4e15-9542-71890e1a37fc,,,
,,2018-11-12 12:16:19.342,,175.3,90.3103,,,2018-11-12 12:16:24.309,2018-11-12 12:16:24.309,,,,,,UTC-0500,qvQ0/n9FgD,,,,com.sec.android.app.shealth,,a133a837-008e-4200-81b3-0d105d50eda6,,,
,,2018-10-19 11:18:46.978,,175.3,90.9907,,,2018-10-19 11:18:51.228,2018-10-19 11:18:51.228,,,,,,UTC-0400,qvQ0/n9FgD,,,,com.sec.android.app.shealth,,12f01f01-e3d1-4bcf-b458-eb76a658f371,,,
,,2018-09-25 10:55:50.874,,175.3,90.8546,,,2018-09-25 10:55:56.145,2018-09-25 10:55:56.145,,,,,,UTC-0400,qvQ0/n9FgD,,,,com.sec.android.app.shealth,,4ca0c804-caad-4fdd-a6c7-896cb4ec5c59,,,
,,2018-11-21 12:17:16.587,,175.3,91.1267,,,2018-11-21 12:17:20.813,2018-11-21 12:17:20.813,,,,,,UTC-0500,qvQ0/n9FgD,,,,com.sec.android.app.shealth,,6a810859-a8b8-4d33-b197-647c0a567751,,,
,,2017-04-25 02:41:14.061,,175.2,86.0012,,,2017-04-25 02:41:28.549,2017-04-25 02:41:28.549,,,,,,UTC-0400,seasqcFc5J,,,,com.sec.android.app.shealth,,8da6f07a-2795-4b0f-b91e-5f52f73c8981,,,
,,2018-12-06 12:02:25.929,,175.3,91.3535,,,2018-12-06 12:02:30.902,2018-12-06 12:02:30.902,,,,,,UTC-0500,qvQ0/n9FgD,,,,com.sec.android.app.shealth,,3cc2ec5e-22cf-4066-ab52-3d1d8a45c65c,,,
,,2018-12-12 11:54:50.071,,175.3,90.9453,,,2018-12-12 11:54:53.699,2018-12-12 11:54:53.699,,,,,,UTC-0500,qvQ0/n9FgD,,,,com.sec.android.app.shealth,,f533af6e-3115-44e0-842b-307c1e8a8eec,,,
,,2019-04-26 11:02:47.079,,175.3,90.0381,,,2019-04-26 11:02:51.799,2019-04-26 11:02:51.799,,,,,,UTC-0400,qvQ0/n9FgD,,,,com.sec.android.app.shealth,,e950bec8-4495-4e83-be42-ff1a2d0a964b,,,
,,2018-11-20 12:12:49.955,,175.3,90.5824,,,2018-11-20 12:12:54.615,2018-11-20 12:12:54.615,,,,,,UTC-0500,qvQ0/n9FgD,,,,com.sec.android.app.shealth,,440bdc5f-83fc-4ee6-b9f0-ae5ee6e7dfda,,,
,,2017-04-18 09:59:59.318,,175.2,86.0012,,,2017-04-18 10:00:48.880,2017-04-18 10:00:48.880,,,,,,UTC-0400,seasqcFc5J,,This is the first time under 190 in a while.,,com.sec.android.app.shealth,,60591412-0fd0-4af1-8cf7-997fa0a55196,,,
,,2018-10-24 11:05:47.309,,175.3,90.9453,,,2018-10-24 11:05:51.099,2018-10-24 11:05:51.099,,,,,,UTC-0400,qvQ0/n9FgD,,,,com.sec.android.app.shealth,,a7f7ca1f-66d3-40c4-94a6-8843598a2313,,,
,,2018-12-22 18:15:31.932,,175.3,91.036,,,2018-12-22 18:15:36.086,2018-12-22 18:15:36.086,,,,,,UTC-0500,qvQ0/n9FgD,,,,com.sec.android.app.shealth,,68f031a3-ecf1-49a9-b7ab-9eecacb1f849,,,
,,2018-12-04 11:51:33.624,,175.3,90.9907,,,2018-12-04 11:51:38.754,2018-12-04 11:51:38.754,,,,,,UTC-0500,qvQ0/n9FgD,,,,com.sec.android.app.shealth,,25b8c06b-edce-49aa-b3a4-37dbaeb626c4,,,
,,2018-09-05 11:09:53.958,,175.3,92.2607,,,2018-09-05 11:09:59.967,2018-09-05 11:09:59.967,,,,,,UTC-0400,qvQ0/n9FgD,,,,com.sec.android.app.shealth,,5d31625e-dfc5-4a41-be11-491284f7c294,,,
,,2018-11-30 11:17:01.339,,175.3,91.4896,,,2018-11-30 11:17:05.420,2018-11-30 11:17:05.420,,,,,,UTC-0500,qvQ0/n9FgD,,,,com.sec.android.app.shealth,,9aca1c0e-c81e-4672-b7ea-36261119104b,,,
,,2018-09-29 12:58:51.408,,175.3,90.7639,,,2018-09-29 12:58:54.987,2018-09-29 12:58:54.987,,,,,,UTC-0400,qvQ0/n9FgD,,,,com.sec.android.app.shealth,,d449cb4f-96fe-4743-a07b-89db8579ff37,,,
,,2018-11-08 12:15:07.204,,175.3,90.9,,,2018-11-08 12:15:11.284,2018-11-08 12:15:11.284,,,,,,UTC-0500,qvQ0/n9FgD,,,,com.sec.android.app.shealth,,48547a7b-0989-41c4-ace0-a7a322b13ab7,,,
,,2018-11-29 11:55:01.895,,175.3,91.2175,,,2018-11-29 11:55:06.421,2018-11-29 11:55:06.421,,,,,,UTC-0500,qvQ0/n9FgD,,,,com.sec.android.app.shealth,,f0590eb7-9df3-42ee-af38-9b9877658370,,,
,,2019-03-20 10:36:45.299,,175.3,91.7618,,,2019-03-20 10:36:48.536,2019-03-20 10:36:48.536,,,,,,UTC-0400,qvQ0/n9FgD,,,,com.sec.android.app.shealth,,a468d7f6-9671-4e35-aab9-6867fa43ec53,,,
,,2019-02-19 11:59:54.433,,175.3,92.2154,,,2019-02-19 11:59:58.166,2019-02-19 11:59:58.166,,,,,,UTC-0500,qvQ0/n9FgD,,,,com.sec.android.app.shealth,,ff895c64-aa6f-45b4-9cff-9ce3ca4c7b7e,,,
,,2018-09-13 11:09:22.258,,175.3,91.9886,,,2018-09-13 11:09:28.529,2018-09-13 11:09:28.529,,,,,,UTC-0400,qvQ0/n9FgD,,,,com.sec.android.app.shealth,,b67a03ac-2d51-479c-bb66-f01279a7041d,,,
,,2019-02-28 12:01:10.736,,175.3,91.8071,,,2019-02-28 12:01:15.154,2019-02-28 12:01:15.154,,,,,,UTC-0500,qvQ0/n9FgD,,,,com.sec.android.app.shealth,,06ead29d-53b6-4268-8b5c-6373411dd936,,,
,,2018-10-22 10:53:04.399,,175.3,89.9021,,,2018-10-22 10:53:10.169,2018-10-22 10:53:10.169,,,,,,UTC-0400,qvQ0/n9FgD,,,,com.sec.android.app.shealth,,beff84b4-cb23-4b0c-b6dc-fa3322c0fa1b,,,
,,2019-04-11 11:05:58.864,,175.3,91.3535,,,2019-04-11 11:06:02.355,2019-04-11 11:06:02.355,,,,,,UTC-0400,qvQ0/n9FgD,,,,com.sec.android.app.shealth,,7b832757-0db0-4d3b-929a-8ea0b2e7b344,,,
,,2019-05-03 10:51:57.026,,175.3,90.8092,,,2019-05-03 10:52:00.779,2019-05-03 10:52:00.779,,,,,,UTC-0400,qvQ0/n9FgD,,,,com.sec.android.app.shealth,,8d83e860-296a-4b80-b606-32706595891b,,,
,,2019-01-11 12:05:24.080,,175.3,91.0814,,,2019-01-11 12:05:29.321,2019-01-11 12:05:29.321,,,,,,UTC-0500,qvQ0/n9FgD,,,,com.sec.android.app.shealth,,021cb409-39e1-49da-b2f3-c29820e1ab50,,,
,,2018-09-28 11:04:35.175,,175.3,90.7639,,,2018-09-28 11:04:40.777,2018-09-28 11:04:40.777,,,,,,UTC-0400,qvQ0/n9FgD,,,,com.sec.android.app.shealth,,5f651fd9-e5a3-4618-9eba-8078b75f469b,,,
,,2019-05-02 11:04:47.788,,175.3,91.2628,,,2019-05-02 11:04:52.092,2019-05-02 11:04:52.092,,,,,,UTC-0400,qvQ0/n9FgD,,,,com.sec.android.app.shealth,,21997b99-e938-42c3-a7bb-09d7c22b2461,,,
,,2018-10-16 11:13:27.699,,175.3,91.1267,,,2018-10-16 11:13:31.823,2018-10-16 11:13:31.823,,,,,,UTC-0400,qvQ0/n9FgD,,,,com.sec.android.app.shealth,,c1ac8b85-4e2f-4734-97f3-6de1d36ad795,,,
,,2019-05-11 13:51:40.386,,175.3,90.9,,,2019-05-11 13:51:43.894,2019-05-11 13:51:43.894,,,,,,UTC-0400,qvQ0/n9FgD,,,,com.sec.android.app.shealth,,15ca3b83-e989-4f38-908a-19c3afdeba22,,,
,,2018-10-11 10:59:52.346,,175.3,90.9,,,2018-10-11 11:00:00.285,2018-10-11 11:00:00.285,,,,,,UTC-0400,qvQ0/n9FgD,,,,com.sec.android.app.shealth,,a7420da7-3dfc-47e8-9c0f-f7e6f6e7e05d,,,
,,2019-04-12 11:16:16.192,,175.3,89.8567,,,2019-04-12 11:16:21.145,2019-04-12 11:16:21.145,,,,,,UTC-0400,qvQ0/n9FgD,,,,com.sec.android.app.shealth,,40609b89-7f30-4a1a-9798-94e1b000a722,,,
,,2019-02-01 12:13:31.824,,175.3,91.7164,,,2019-02-01 12:13:36.882,2019-02-01 12:13:36.882,,,,,,UTC-0500,qvQ0/n9FgD,,,,com.sec.android.app.shealth,,f8dd70e4-5a45-49c9-912b-ddac54d5a247,,,
,,2019-03-14 11:16:23.163,,175.3,91.6711,,,2019-03-14 11:16:27.240,2019-03-14 11:16:27.240,,,,,,UTC-0400,qvQ0/n9FgD,,,,com.sec.android.app.shealth,,e3b9b8bc-5405-40a1-b77e-cb1f4492f743,,,
,,2018-10-26 11:21:37.408,,175.3,91.1267,,,2018-10-26 11:21:41.110,2018-10-26 11:21:41.110,,,,,,UTC-0400,qvQ0/n9FgD,,,,com.sec.android.app.shealth,,bc36f640-9005-4ac1-bb3b-589bef499c6b,,,
,,2018-09-15 19:35:05.455,,175.3,91.3535,,,2018-09-15 19:35:10.326,2018-09-15 19:35:10.326,,,,,,UTC-0400,qvQ0/n9FgD,,,,com.sec.android.app.shealth,,2bb8b891-58fb-4ba5-bd88-6c23577c21e3,,,
,,2018-10-20 19:29:07.024,,175.3,90.401,,,2018-10-20 19:29:11.651,2018-10-20 19:29:11.651,,,,,,UTC-0400,qvQ0/n9FgD,,,,com.sec.android.app.shealth,,79570a09-b669-46f7-8a46-4590d90670c0,,,
,,2019-05-13 10:59:17.720,,175.3,91.036,,,2019-05-13 10:59:24.118,2019-05-13 10:59:24.118,,,,,,UTC-0400,qvQ0/n9FgD,,,,com.sec.android.app.shealth,,6d8228b0-bfd9-4da3-a511-4fcd2c0ea4dd,,,
,,2018-10-25 10:55:46.343,,175.3,91.3082,,,2018-10-25 10:55:50.889,2018-10-25 10:55:50.889,,,,,,UTC-0400,qvQ0/n9FgD,,,,com.sec.android.app.shealth,,cbc07629-8032-478f-affc-a3cb99d249d1,,,
,,2019-03-02 14:48:50.055,,175.3,92.0339,,,2019-03-02 14:48:53.718,2019-03-02 14:48:53.718,,,,,,UTC-0500,qvQ0/n9FgD,,,,com.sec.android.app.shealth,,87a267c8-dff0-4848-a97c-1f86fa636175,,,
,,2018-09-20 10:50:01.787,,175.3,92.17,,,2018-09-20 10:50:08.300,2018-09-20 10:50:08.300,,,,,,UTC-0400,qvQ0/n9FgD,,,,com.sec.android.app.shealth,,37d1acd8-e19f-414f-b7b2-73333aa46325,,,
,,2018-10-28 17:37:23.138,,175.3,90.2196,,,2018-10-28 17:37:29.432,2018-10-28 17:37:29.432,,,,,,UTC-0400,qvQ0/n9FgD,,,,com.sec.android.app.shealth,,418fb121-4054-4a26-a5af-1f85c7f7de0e,,,
,,2018-12-31 12:21:55.618,,175.3,91.535,,,2018-12-31 12:21:59.588,2018-12-31 12:21:59.588,,,,,,UTC-0500,qvQ0/n9FgD,,,,com.sec.android.app.shealth,,2722f095-7208-4ece-af50-79c9d45bf2b6,,,
,,2018-11-19 12:11:07.007,,175.3,89.8567,,,2018-11-19 12:11:11.971,2018-11-19 12:11:11.971,,,,,,UTC-0500,qvQ0/n9FgD,,,,com.sec.android.app.shealth,,3607d28b-7092-49b6-8b23-20403400a51e,,,
,,2019-03-22 11:26:07.348,,175.3,91.2175,,,2019-03-22 11:26:10.856,2019-03-22 11:26:10.856,,,,,,UTC-0400,qvQ0/n9FgD,,,,com.sec.android.app.shealth,,5dbb7d6f-5e53-4a03-ada5-97bfbf6f8c1f,,,
,,2018-09-06 11:04:20.034,,175.3,93.2133,,,2018-09-06 11:04:26.886,2018-09-06 11:04:26.886,,,,,,UTC-0400,qvQ0/n9FgD,,,,com.sec.android.app.shealth,,8e409fcf-fb1f-4972-ac2e-d3351e2f4398,,,
,,2018-10-04 10:57:37.086,,175.3,91.4443,,,2018-10-04 10:57:41.597,2018-10-04 10:57:41.597,,,,,,UTC-0400,qvQ0/n9FgD,,,,com.sec.android.app.shealth,,6788c894-837c-4e11-aaf5-dce9f3a9858d,,,
,,2019-03-15 11:06:03.401,,175.3,91.9886,,,2019-03-15 11:06:08.034,2019-03-15 11:06:08.034,,,,,,UTC-0400,qvQ0/n9FgD,,,,com.sec.android.app.shealth,,986c5a60-8672-4bf8-bb35-120bfa7e460e,,,
,,2019-03-13 11:18:37.698,,175.3,91.036,,,2019-03-13 11:18:42.257,2019-03-13 11:18:42.257,,,,,,UTC-0400,qvQ0/n9FgD,,,,com.sec.android.app.shealth,,2770404c-88d3-4aca-ac7e-4666bfa3824f,,,
,,2019-05-17 11:07:14.642,,175.3,90.7185,,,2019-05-17 11:07:17.507,2019-05-17 11:07:17.507,,,,,,UTC-0400,qvQ0/n9FgD,,,,com.sec.android.app.shealth,,6493e5ea-9070-4730-8f6c-1221fd3e6221,,,
,,2018-08-22 11:23:02.996,,175.3,91.8979,,,2018-08-22 11:23:14.022,2018-08-22 11:23:14.022,,,,,,UTC-0400,qvQ0/n9FgD,,,,com.sec.android.app.shealth,,90547105-bbb8-4db2-842b-b2312069c3bb,,,
,,2018-11-10 18:00:57.922,,175.3,90.2196,,,2018-11-10 18:01:06.209,2018-11-10 18:01:06.209,,,,,,UTC-0500,qvQ0/n9FgD,,,,com.sec.android.app.shealth,,9baadda5-3cc5-4f6e-94bd-7b424a38e705,,,
,,2018-08-30 11:10:29.222,,175.3,93.0318,,,2018-08-30 11:10:34.853,2018-08-30 11:10:34.853,,,,,,UTC-0400,qvQ0/n9FgD,,,,com.sec.android.app.shealth,,98969ea7-917a-4dcb-b09b-19bee3970fa6,,,
,,2018-11-03 12:04:19.362,,175.3,91.8525,,,2018-11-03 12:04:25.503,2018-11-03 12:04:25.503,,,,,,UTC-0400,qvQ0/n9FgD,,,,com.sec.android.app.shealth,,46f3df6b-9f8d-4ae3-ad37-fd764bf42ed8,,,
,,2019-03-28 11:04:05.529,,175.3,88.7681,,,2019-03-28 11:04:10.445,2019-03-28 11:04:10.445,,,,,,UTC-0400,qvQ0/n9FgD,,,,com.sec.android.app.shealth,,c1abb75a-9004-4d38-9067-af779db93b67,,,
,,2018-12-28 12:24:38.861,,175.3,92.2607,,,2018-12-28 12:24:45.789,2018-12-28 12:24:45.789,,,,,,UTC-0500,qvQ0/n9FgD,,,,com.sec.android.app.shealth,,8e4b7d90-d716-468d-afa7-6e6e52a99413,,,
,,2019-03-12 10:53:10.149,,175.3,91.4896,,,2019-03-12 10:53:14.060,2019-03-12 10:53:14.060,,,,,,UTC-0400,qvQ0/n9FgD,,,,com.sec.android.app.shealth,,03d3d6cb-2934-4999-911d-67ae4c428acf,,,
,,2019-05-14 10:53:40.842,,175.3,90.4917,,,2019-05-14 10:53:44.586,2019-05-14 10:53:44.586,,,,,,UTC-0400,qvQ0/n9FgD,,,,com.sec.android.app.shealth,,068de894-46b5-4e3a-9113-712f6e142e85,,,
,,2018-12-13 12:08:23.271,,175.3,91.8525,,,2018-12-13 12:08:27.568,2018-12-13 12:08:27.568,,,,,,UTC-0500,qvQ0/n9FgD,,,,com.sec.android.app.shealth,,1819d3ce-960e-4192-ab73-f4b5e8cdc615,,,
,,2018-11-09 12:15:29.181,,175.3,91.3082,,,2018-11-09 12:15:35.951,2018-11-09 12:15:35.951,,,,,,UTC-0500,qvQ0/n9FgD,,,,com.sec.android.app.shealth,,418ddf63-eb7f-482e-aef3-d1d08e89393b,,,
,,2018-11-28 11:59:58.399,,175.3,90.9907,,,2018-11-28 12:00:04.090,2018-11-28 12:00:04.090,,,,,,UTC-0500,qvQ0/n9FgD,,,,com.sec.android.app.shealth,,50bd6cf7-dcd6-430b-bc3b-15a71670523e,,,
,,2019-01-09 11:29:37.027,,175.3,90.4917,,,2019-01-09 11:29:41.698,2019-01-09 11:29:41.698,,,,,,UTC-0500,qvQ0/n9FgD,,,,com.sec.android.app.shealth,,0b2a3eb2-44a2-48a5-8d19-9a1e731d9099,,,
,,2017-04-23 03:52:14.241,,175.2,86.9991,,,2017-04-23 03:52:29.222,2017-04-23 03:52:29.222,,,,,,UTC-0400,seasqcFc5J,,,,com.sec.android.app.shealth,,632f72da-8fc8-47f4-a220-77b86a873936,,,
,,2019-01-29 12:13:03.136,,175.3,91.7618,,,2019-01-29 12:13:06.921,2019-01-29 12:13:06.921,,,,,,UTC-0500,qvQ0/n9FgD,,,,com.sec.android.app.shealth,,54bb548b-de73-48e6-9e2f-b4622724d462,,,
,,2019-03-29 11:15:07.313,,175.3,88.4959,,,2019-03-29 11:15:13.409,2019-03-29 11:15:13.409,,,,,,UTC-0400,qvQ0/n9FgD,,,,com.sec.android.app.shealth,,51878027-79e1-4952-a579-d26c0f517a23,,,
,,2018-09-21 11:18:44.412,,175.3,91.7618,,,2018-09-21 11:18:50.472,2018-09-21 11:18:50.472,,,,,,UTC-0400,qvQ0/n9FgD,,,,com.sec.android.app.shealth,,a80786c3-2acc-4a27-9f5b-26d04b80b1e8,,,
,,2019-01-30 12:22:36.108,,175.3,91.5803,,,2019-01-30 12:22:42.202,2019-01-30 12:22:42.202,,,,,,UTC-0500,qvQ0/n9FgD,,,,com.sec.android.app.shealth,,cbc020df-2567-49bd-aa66-80631e093071,,,
,,2018-09-12 11:01:27.224,,175.3,91.8525,,,2018-09-12 11:01:32.396,2018-09-12 11:01:32.396,,,,,,UTC-0400,qvQ0/n9FgD,,,,com.sec.android.app.shealth,,6f858cdd-324f-448f-83ee-c3e9b72ef57a,,,
,,2018-10-06 14:43:57.328,,175.3,90.5824,,,2018-10-06 14:44:01.986,2018-10-06 14:44:01.986,,,,,,UTC-0400,qvQ0/n9FgD,,,,com.sec.android.app.shealth,,8a1026cf-a88b-405a-9e81-5b5cb29c189a,,,
,,2019-04-24 11:03:27.157,,175.3,89.8567,,,2019-04-24 11:03:32.116,2019-04-24 11:03:32.116,,,,,,UTC-0400,qvQ0/n9FgD,,,,com.sec.android.app.shealth,,47dc9b32-6c44-4d27-a766-f90c6901a7e5,,,
,,2018-09-23 14:25:23.370,,175.3,91.2628,,,2018-09-23 14:25:27.669,2018-09-23 14:25:27.669,,,,,,UTC-0400,qvQ0/n9FgD,,,,com.sec.android.app.shealth,,6af3ca66-bb7f-413c-a708-f722fa190d59,,,
,,2019-01-13 16:57:42.469,,175.3,90.6278,,,2019-01-13 16:57:46.847,2019-01-13 16:57:46.847,,,,,,UTC-0500,qvQ0/n9FgD,,,,com.sec.android.app.shealth,,a6b7e578-0d06-4991-8841-e8660167d376,,,
,,2018-12-11 11:49:26.744,,175.3,90.4917,,,2018-12-11 11:49:32.189,2018-12-11 11:49:32.189,,,,,,UTC-0500,qvQ0/n9FgD,,,,com.sec.android.app.shealth,,14255cd9-de3d-4491-9681-0dcd3ea2426c,,,
,,2018-10-18 10:42:04.002,,175.3,90.9453,,,2018-10-18 10:42:08.827,2018-10-18 10:42:08.827,,,,,,UTC-0400,qvQ0/n9FgD,,,,com.sec.android.app.shealth,,a7e51dc2-e32a-4f61-b613-ac759d06d597,,,
,,2019-04-15 11:00:56.871,,175.3,90.2196,,,2019-04-15 11:01:03.722,2019-04-15 11:01:03.722,,,,,,UTC-0400,qvQ0/n9FgD,,,,com.sec.android.app.shealth,,9b751321-943d-45ef-8f4a-af815616d4d1,,,
,,2019-02-04 12:19:56.072,,175.3,91.3082,,,2019-02-04 12:19:59.505,2019-02-04 12:19:59.505,,,,,,UTC-0500,qvQ0/n9FgD,,,,com.sec.android.app.shealth,,5abcd272-d805-4c2f-a6e7-ab676471130c,,,
,,2018-08-31 10:59:32.764,,175.3,92.9865,,,2018-08-31 10:59:38.314,2018-08-31 10:59:38.314,,,,,,UTC-0400,qvQ0/n9FgD,,,,com.sec.android.app.shealth,,00041709-6613-48e2-82d8-1e5ee8992a62,,,
,,2019-04-17 11:28:31.044,,175.3,89.7206,,,2019-04-17 11:28:36.184,2019-04-17 11:28:36.184,,,,,,UTC-0400,qvQ0/n9FgD,,,,com.sec.android.app.shealth,,64335edd-90bd-4f07-b206-6dae8ad9459d,,,
,,2019-01-10 12:13:16.909,,175.3,90.4917,,,2019-01-10 12:13:19.159,2019-01-10 12:13:19.159,,,,,,UTC-0500,qvQ0/n9FgD,,,,com.sec.android.app.shealth,,45cc93ba-79d9-47c0-82c3-06b667134b92,,,
,,2018-08-20 11:15:30.559,,175.3,91.9886,,,2018-08-20 11:15:35.409,2018-08-20 11:15:35.409,,,,,,UTC-0400,qvQ0/n9FgD,,,,com.sec.android.app.shealth,,06528673-2189-4101-a6a7-45080a177943,,,
,,2019-04-30 11:01:39.624,,175.3,91.2175,,,2019-04-30 11:01:44.071,2019-04-30 11:01:44.071,,,,,,UTC-0400,qvQ0/n9FgD,,,,com.sec.android.app.shealth,,f326e5c6-22e0-47e1-9e6e-1bbb7fbd08f6,,,
,,2018-11-06 12:04:16.394,,175.3,90.9,,,2018-11-06 12:04:20.293,2018-11-06 12:04:20.293,,,,,,UTC-0500,qvQ0/n9FgD,,,,com.sec.android.app.shealth,,f97f1b05-1cfb-43de-b773-8510f3f68f9b,,,
,,2018-09-07 11:22:21.575,,175.3,93.6215,,,2018-09-07 11:22:26.812,2018-09-07 11:22:26.812,,,,,,UTC-0400,qvQ0/n9FgD,,,,com.sec.android.app.shealth,,92424c84-2260-4069-aa61-9724bc7a9eee,,,
,,2018-12-01 19:31:08.798,,175.3,90.5371,,,2018-12-01 19:31:13.383,2018-12-01 19:31:13.383,,,,,,UTC-0500,qvQ0/n9FgD,,,,com.sec.android.app.shealth,,a8ca8247-d9ec-4662-8313-31afad70f7be,,,
,,2018-08-27 11:06:43.166,,175.3,92.2607,,,2018-08-27 11:06:51.053,2018-08-27 11:06:51.053,,,,,,UTC-0400,qvQ0/n9FgD,,,,com.sec.android.app.shealth,,e4e1de52-fef4-4977-a27b-fc11a0ed2a0c,,,
,,2019-04-14 14:47:44.986,,175.3,90.3556,,,2019-04-14 14:47:49.229,2019-04-14 14:47:49.229,,,,,,UTC-0400,qvQ0/n9FgD,,,,com.sec.android.app.shealth,,b300c390-cefa-4e37-bd16-cdf26907557e,,,
,,2019-01-14 12:16:52.817,,175.3,91.535,,,2019-01-14 12:16:57.216,2019-01-14 12:16:57.216,,,,,,UTC-0500,qvQ0/n9FgD,,,,com.sec.android.app.shealth,,0f54fd7d-8e3e-4ca2-be1a-9c0b1e55f531,,,
,,2018-10-02 10:56:06.547,,175.3,90.3103,,,2018-10-02 10:56:11.288,2018-10-02 10:56:11.288,,,,,,UTC-0400,qvQ0/n9FgD,,,,com.sec.android.app.shealth,,ddd158aa-4c0f-48f0-960a-e233e993683b,,,
,,2018-12-17 11:44:36.246,,175.3,90.1288,,,2018-12-17 11:44:41.168,2018-12-17 11:44:41.168,,,,,,UTC-0500,qvQ0/n9FgD,,,,com.sec.android.app.shealth,,9d0ba83f-7b99-4376-8fb1-306650275730,,,
,,2018-11-05 10:59:24.898,,175.3,90.2649,,,2018-11-05 10:59:29.060,2018-11-05 10:59:29.060,,,,,,UTC-0500,qvQ0/n9FgD,,,,com.sec.android.app.shealth,,27eb6ae4-0d9a-4a90-8143-8e7fc4f85912,,,
,,2018-11-14 12:03:21.356,,175.3,91.3082,,,2018-11-14 12:03:26.342,2018-11-14 12:03:26.342,,,,,,UTC-0500,qvQ0/n9FgD,,,,com.sec.android.app.shealth,,23929289-dd99-4911-b163-e296303d565d,,,
,,2019-04-08 10:38:51.473,,175.3,90.0381,,,2019-04-08 10:38:55.778,2019-04-08 10:38:55.778,,,,,,UTC-0400,qvQ0/n9FgD,,,,com.sec.android.app.shealth,,e1c13a94-9ea8-4f72-a42a-7b1b90799691,,,
,,2019-02-12 12:21:19.755,,175.3,91.036,,,2019-02-12 12:21:23.718,2019-02-12 12:21:23.718,,,,,,UTC-0500,qvQ0/n9FgD,,,,com.sec.android.app.shealth,,ff3862cd-2cc5-486e-9ae9-620b820208b7,,,
,,2019-01-28 12:07:22.871,,175.3,91.4443,,,2019-01-28 12:07:27.494,2019-01-28 12:07:27.494,,,,,,UTC-0500,qvQ0/n9FgD,,,,com.sec.android.app.shealth,,a41985df-a22f-4dbc-a86e-8cc61f8d2ef6,,,
,,2019-03-01 12:22:26.604,,175.3,91.9886,,,2019-03-01 12:22:30.586,2019-03-01 12:22:30.586,,,,,,UTC-0500,qvQ0/n9FgD,,,,com.sec.android.app.shealth,,bbe558a3-dda7-4478-8000-c11cae382653,,,
,,2018-10-17 11:05:12.039,,175.3,91.2628,,,2018-10-17 11:05:16.206,2018-10-17 11:05:16.206,,,,,,UTC-0400,qvQ0/n9FgD,,,,com.sec.android.app.shealth,,c6f52ff5-94c7-4528-af15-52560b2f8823,,,
,,2019-02-25 11:48:56.217,,175.3,91.6711,,,2019-02-25 11:49:00.686,2019-02-25 11:49:00.686,,,,,,UTC-0500,qvQ0/n9FgD,,,,com.sec.android.app.shealth,,c405c278-fbe8-48c1-993f-ae71ccec2a08,,,
,,2018-09-19 10:49:39.250,,175.3,91.2628,,,2018-09-19 10:49:44.354,2018-09-19 10:49:44.354,,,,,,UTC-0400,qvQ0/n9FgD,,,,com.sec.android.app.shealth,,af5c2ef9-fca0-4d2e-bcff-2babdd8f1d80,,,
,,2019-02-27 12:24:14.452,,175.3,92.2607,,,2019-02-27 12:24:20.491,2019-02-27 12:24:20.491,,,,,,UTC-0500,qvQ0/n9FgD,,,,com.sec.android.app.shealth,,981fa9eb-59e2-4822-bef9-85289e83265b,,,
,,2018-11-12 06:27:03.644,,175.3,90.7639,,,2018-11-12 06:27:11.028,2018-11-12 06:27:11.028,,,,,,UTC-0500,qvQ0/n9FgD,,,,com.sec.android.app.shealth,,b3dc688d-b3d8-4835-9704-43af46922fc3,,,
,,2021-09-07 09:06:08.686,,175.3,96.9781,,,2021-09-07 09:06:18.944,2021-09-07 09:06:18.944,,,,,,UTC-0400,0YsTDK1a2W,,,,com.sec.android.app.shealth,,92c01342-83a2-42a7-9596-14591f0e4924,,,
,,2021-09-08 10:37:58.753,,175.3,97.341,,,2021-09-08 10:38:06.079,2021-09-08 10:38:06.079,,,,,,UTC-0400,0YsTDK1a2W,,,,com.sec.android.app.shealth,,0615ed20-2567-4b8c-ba31-bd2bb4346889,,,
,,2021-09-12 15:00:25.598,,175.3,97.341,,,2021-09-12 15:00:27.776,2021-09-12 15:00:27.776,,,,,,UTC-0400,0YsTDK1a2W,,,,com.sec.android.app.shealth,,3388be02-fa3a-4f2c-8bfe-5f012e9043ea,,,
,,2021-09-13 09:12:12.392,,175.3,97.2502,,,2021-09-13 09:12:15.946,2021-09-13 09:12:15.946,,,,,,UTC-0400,0YsTDK1a2W,,,,com.sec.android.app.shealth,,acd7089d-3f51-489d-9d2d-d42b1884e3e6,,,
,,2021-09-14 10:20:17.048,,175.3,97.7946,,,2021-09-14 10:20:23.523,2021-09-14 10:20:23.523,,,,,,UTC-0400,0YsTDK1a2W,,,,com.sec.android.app.shealth,,c9f48a0f-57f0-4a76-8600-690f32accea9,,,
,,2021-09-14 12:23:22.316,,175.3,97.7946,,,2021-09-14 12:23:24.454,2021-09-14 12:23:24.454,,,,,,UTC-0400,0YsTDK1a2W,,,,com.sec.android.app.shealth,,655c4e58-45a5-4016-8b0f-2b2e47d59330,,,
,,2021-09-15 10:33:47.276,,175.3,98.611,,,2021-09-15 10:33:59.826,2021-09-15 10:33:59.826,,,,,,UTC-0400,0YsTDK1a2W,,,,com.sec.android.app.shealth,,3e1d6f29-1439-4ec1-b622-53980d7fe23b,,,
,,2021-09-16 12:43:00.000,,175.3,99.5636,,,2021-09-17 12:43:51.880,2021-09-17 12:43:51.880,,,,,,UTC-0400,0YsTDK1a2W,,,,com.sec.android.app.shealth,,7267d96a-bb42-491a-97ec-b21e33c7e261,,,
,,2021-09-17 12:43:54.981,,175.3,98.6564,,,2021-09-17 12:44:08.698,2021-09-17 12:44:08.698,,,,,,UTC-0400,0YsTDK1a2W,,,,com.sec.android.app.shealth,,ae419469-b4e8-43eb-9e21-e63b64314536,,,
,,2021-09-18 13:02:16.453,,175.3,98.2028,,,2021-09-18 13:02:21.917,2021-09-18 13:02:21.917,,,,,,UTC-0400,0YsTDK1a2W,,,,com.sec.android.app.shealth,,87d9ea81-a67c-4dce-9771-51ae43f03b99,,,
,,2021-09-20 08:39:16.456,,175.3,97.8853,,,2021-09-20 08:39:23.351,2021-09-20 08:39:23.351,,,,,,UTC-0400,0YsTDK1a2W,,,,com.sec.android.app.shealth,,680060d8-de2d-4ec3-9f3e-9a7e560a2ff2,,,
,,2021-09-21 10:25:20.134,,175.3,98.1574,,,2021-09-21 10:25:25.924,2021-09-21 10:25:25.924,,,,,,UTC-0400,0YsTDK1a2W,,,,com.sec.android.app.shealth,,ea770aef-acb2-4b0d-a7d5-a2354b3d40c7,,,
,,2021-09-28 10:03:12.523,,175.3,97.341,,,2021-09-28 10:03:19.619,2021-09-28 10:03:19.619,,,,,,UTC-0400,0YsTDK1a2W,,,,com.sec.android.app.shealth,,87543522-9ec9-4fc0-891d-d718c58f1957,,,
,,2021-09-29 10:13:39.606,,175.3,97.4317,,,2021-09-29 10:13:44.654,2021-09-29 10:13:44.654,,,,,,UTC-0400,0YsTDK1a2W,,,,com.sec.android.app.shealth,,7c4077fd-4a9b-4e7e-a27b-3b379bced327,,,
,,2021-09-30 14:26:18.608,,175.3,97.4317,,,2021-09-30 14:26:20.495,2021-09-30 14:26:20.495,,,,,,UTC-0400,0YsTDK1a2W,,,,com.sec.android.app.shealth,,ee46f941-9295-479e-989a-48fd720fa9eb,,,
,,2021-10-01 12:41:14.984,,175.3,98.0214,,,2021-10-01 12:41:21.639,2021-10-01 12:41:21.639,,,,,,UTC-0400,0YsTDK1a2W,,,,com.sec.android.app.shealth,,8494a842-b0c9-41c5-b47a-669919c33f56,,,
,,2021-10-04 08:47:09.087,,175.3,97.8399,,,2021-10-04 08:47:15.747,2021-10-04 08:47:15.747,,,,,,UTC-0400,0YsTDK1a2W,,,,com.sec.android.app.shealth,,1c18d1fc-f9a1-4e08-a1d2-5ba54b32ed1b,,,
,,2021-10-05 10:14:39.662,,175.3,97.5224,,,2021-10-05 10:14:45.333,2021-10-05 10:14:45.333,,,,,,UTC-0400,0YsTDK1a2W,,,,com.sec.android.app.shealth,,896fca46-397e-43e2-9ef5-a1d2582b0e85,,,
,,2021-10-07 12:24:00.000,,175.3,97.6131,,,2021-10-08 12:25:06.343,2021-10-08 12:25:06.343,,,,,,UTC-0400,0YsTDK1a2W,,,,com.sec.android.app.shealth,,f27f48db-2679-4762-9ad7-6f94b178642d,,,
,,2021-10-08 12:25:09.054,,175.3,97.8853,,,2021-10-08 12:25:17.745,2021-10-08 12:25:17.745,,,,,,UTC-0400,0YsTDK1a2W,,,,com.sec.android.app.shealth,,57e63ea7-0e1b-40fc-95c5-c38b3dd0b3a3,,,
,,2021-10-10 16:50:00.000,,175.3,97.2502,,,2021-10-11 08:50:41.180,2021-10-11 08:50:41.180,,,,,,UTC-0400,0YsTDK1a2W,,,,com.sec.android.app.shealth,,17ad7790-1b18-4a39-aa43-038ce86b3cf2,,,
,,2021-10-11 08:50:47.840,,175.3,97.4317,,,2021-10-11 08:50:54.286,2021-10-11 08:50:54.286,,,,,,UTC-0400,0YsTDK1a2W,,,,com.sec.android.app.shealth,,3c7db5c1-cf26-446b-a212-869e5ad9d6ad,,,
,,2021-10-16 17:04:15.656,,175.3,96.8874,,,2021-10-16 17:04:20.688,2021-10-16 17:04:20.688,,,,,,UTC-0400,0YsTDK1a2W,,,,com.sec.android.app.shealth,,111b531f-6424-437f-964d-00b4d4478b0d,,,
,,2021-10-18 08:41:50.998,,175.3,97.2049,,,2021-10-18 08:41:57.796,2021-10-18 08:41:57.796,,,,,,UTC-0400,0YsTDK1a2W,,,,com.sec.android.app.shealth,,208d106f-8a99-4d22-9b0d-f0b3d51e8f84,,,
,,2021-10-21 10:46:19.787,,175.3,97.477,,,2021-10-21 10:46:24.048,2021-10-21 10:46:24.048,,,,,,UTC-0400,0YsTDK1a2W,,,,com.sec.android.app.shealth,,942a78b6-702b-4153-b51f-cfc60457b1aa,,,
,,2021-10-25 08:32:33.787,,175.3,97.2502,,,2021-10-25 08:32:40.722,2021-10-25 08:32:40.722,,,,,,UTC-0400,0YsTDK1a2W,,,,com.sec.android.app.shealth,,7b8cd1cd-0350-4563-9199-bf39f16a702b,,,
,,2021-10-27 10:32:00.000,,175.3,98.2482,,,2021-10-27 10:33:17.640,2021-10-27 10:33:17.640,,,,,,UTC-0400,0YsTDK1a2W,,,,com.sec.android.app.shealth,,e22df838-a598-44b1-8e73-c7b95abc873e,,,
,,2021-10-30 16:00:53.080,,175.3,98.6564,,,2021-10-30 16:00:58.493,2021-10-30 16:00:58.493,,,,,,UTC-0400,0YsTDK1a2W,,,,com.sec.android.app.shealth,,75646fad-bc71-4e3b-9630-501394d9a246,,,
,,2021-11-01 08:49:55.323,,175.3,97.2502,,,2021-11-01 08:50:01.388,2021-11-01 08:50:01.388,,,,,,UTC-0400,0YsTDK1a2W,,,,com.sec.android.app.shealth,,335b925a-c622-491f-8abf-bf5667ca04be,,,
,,2021-10-31 16:00:00.000,,175.3,97.7946,,,2021-11-01 08:50:35.333,2021-11-01 08:50:35.333,,,,,,UTC-0400,0YsTDK1a2W,,,,com.sec.android.app.shealth,,b51a3ae8-cec0-4f26-9bf9-5efe2749faaa,,,
,,2021-11-06 18:31:41.298,,175.3,97.477,,,2021-11-06 18:31:49.700,2021-11-06 18:31:49.700,,,,,,UTC-0400,0YsTDK1a2W,,,,com.sec.android.app.shealth,,450a0aae-4424-4963-ab30-16097cfd1920,,,
,,2021-11-11 11:50:01.343,,175.3,98.611,,,2021-11-11 11:50:06.458,2021-11-11 11:50:06.458,,,,,,UTC-0500,0YsTDK1a2W,,,,com.sec.android.app.shealth,,d9725e7f-ec1a-4861-a4ac-29d0bdbd03d2,,,
,,2021-11-13 15:24:57.996,,175.3,98.5203,,,2021-11-13 15:25:02.641,2021-11-13 15:25:02.641,,,,,,UTC-0500,0YsTDK1a2W,,,,com.sec.android.app.shealth,,d19d8cfc-210f-4b4f-b192-09c27c2a4ec3,,,
,,2021-11-16 11:33:02.610,,175.3,97.7946,,,2021-11-16 11:33:07.536,2021-11-16 11:33:07.536,,,,,,UTC-0500,0YsTDK1a2W,,,,com.sec.android.app.shealth,,c34fa68d-130a-4a6d-b368-3ece61071706,,,
,,2021-11-17 11:44:55.647,,175.3,98.1574,,,2021-11-17 11:45:01.664,2021-11-17 11:45:01.664,,,,,,UTC-0500,0YsTDK1a2W,,,,com.sec.android.app.shealth,,df45724e-5317-40a5-a32d-e096fbc19678,,,
,,2021-11-20 16:57:23.912,,175.3,98.3842,,,2021-11-20 16:57:29.430,2021-11-20 16:57:29.430,,,,,,UTC-0500,0YsTDK1a2W,,,,com.sec.android.app.shealth,,ab2d5a2b-55f3-40b2-9993-e5a3e1156937,,,
,,2021-11-21 17:32:30.575,,175.3,97.7492,,,2021-11-21 17:32:35.605,2021-11-21 17:32:35.605,,,,,,UTC-0500,0YsTDK1a2W,,,,com.sec.android.app.shealth,,da715583-3ab6-4ab6-a0e4-1751f5f8c36e,,,
,,2021-11-22 09:39:55.202,,175.3,97.5678,,,2021-11-22 09:40:03.642,2021-11-22 09:40:03.642,,,,,,UTC-0500,0YsTDK1a2W,,,,com.sec.android.app.shealth,,9d784d17-e4f0-4789-aa2b-1cfdfcdcbf15,,,
,,2021-11-25 16:17:27.414,,175.3,99.8811,,,2021-11-25 16:17:34.476,2021-11-25 16:17:34.476,,,,,,UTC-0500,0YsTDK1a2W,,,,com.sec.android.app.shealth,,35f9559a-b990-4a0d-aa9a-8d79a073385d,,,
,,2021-11-26 19:25:31.752,,175.3,98.2935,,,2021-11-26 19:25:36.790,2021-11-26 19:25:36.790,,,,,,UTC-0500,0YsTDK1a2W,,,,com.sec.android.app.shealth,,0ef2e56f-ab47-4be5-af09-6d9ab8b8e624,,,
,,2021-11-27 17:56:41.821,,175.3,97.9306,,,2021-11-27 17:56:48.673,2021-11-27 17:56:48.673,,,,,,UTC-0500,0YsTDK1a2W,,,,com.sec.android.app.shealth,,27bd217d-6e96-468f-8675-3ffba1d18426,,,
,,2021-11-29 09:39:30.303,,175.3,98.2028,,,2021-11-29 09:39:35.272,2021-11-29 09:39:35.272,,,,,,UTC-0500,0YsTDK1a2W,,,,com.sec.android.app.shealth,,93412885-59ab-4fb6-a6a7-826a0e168e9d,,,
,,2021-12-01 11:43:05.201,,175.3,98.4296,,,2021-12-01 11:43:09.197,2021-12-01 11:43:09.197,,,,,,UTC-0500,0YsTDK1a2W,,,,com.sec.android.app.shealth,,f9d9e31e-64fb-436f-85b4-00b40361ceac,,,
,,2021-12-04 17:03:45.870,,175.3,98.611,,,2021-12-04 17:03:53.732,2021-12-04 17:03:53.732,,,,,,UTC-0500,0YsTDK1a2W,,,,com.sec.android.app.shealth,,cb9af4ff-c1bf-4629-9e2d-7c67c2fd0bfa,,,
,,2021-12-03 13:00:00.000,,175.3,100.0172,,,2021-12-04 17:04:12.169,2021-12-04 17:04:12.169,,,,,,UTC-0500,0YsTDK1a2W,,,,com.sec.android.app.shealth,,1773696a-10ab-44d5-8081-adfa8bb007c4,,,
,,2021-12-05 17:43:55.829,,175.3,97.2049,,,2021-12-05 17:44:00.054,2021-12-05 17:44:00.054,,,,,,UTC-0500,0YsTDK1a2W,,,,com.sec.android.app.shealth,,72b4dbbb-0775-4995-8b05-5f0438b926c4,,,
,,2021-12-06 09:41:30.434,,175.3,97.7038,,,2021-12-06 09:41:35.721,2021-12-06 09:41:35.721,,,,,,UTC-0500,0YsTDK1a2W,,,,com.sec.android.app.shealth,,daa92465-8b37-4b71-a4d4-6bf1a600fabd,,,
,,2021-12-07 11:44:38.244,,175.3,97.2502,,,2021-12-07 11:44:42.833,2021-12-07 11:44:42.833,,,,,,UTC-0500,0YsTDK1a2W,,,,com.sec.android.app.shealth,,13ce896b-1463-49c5-950e-8877b0e7984b,,,
,,2021-12-08 11:43:14.398,,175.3,97.1595,,,2021-12-08 11:43:20.755,2021-12-08 11:43:20.755,,,,,,UTC-0500,0YsTDK1a2W,,,,com.sec.android.app.shealth,,0ae1ccdb-612a-4310-8e58-f432e8bb4be1,,,
,,2021-12-09 11:52:15.770,,175.3,98.5203,,,2021-12-09 11:52:22.574,2021-12-09 11:52:22.574,,,,,,UTC-0500,0YsTDK1a2W,,,,com.sec.android.app.shealth,,e9391921-6903-4089-8642-242a2618f8bb,,,
,,2021-12-11 18:19:04.794,,175.3,97.6131,,,2021-12-11 18:19:10.781,2021-12-11 18:19:10.781,,,,,,UTC-0500,0YsTDK1a2W,,,,com.sec.android.app.shealth,,829a5dce-c05b-4d94-88c2-3e4a38a11a4a,,,
,,2021-12-12 17:38:07.845,,175.3,97.1595,,,2021-12-12 17:38:14.291,2021-12-12 17:38:14.291,,,,,,UTC-0500,0YsTDK1a2W,,,,com.sec.android.app.shealth,,946dd8ad-fa46-4159-bc9a-451165a72bfc,,,
,,2021-12-14 11:44:59.610,,175.3,97.6131,,,2021-12-14 11:45:06.617,2021-12-14 11:45:06.617,,,,,,UTC-0500,0YsTDK1a2W,,,,com.sec.android.app.shealth,,dc4348fb-9501-490a-81cd-02976ea46692,,,
,,2021-12-18 16:11:42.730,,175.3,98.7471,,,2021-12-18 16:11:48.456,2021-12-18 16:11:48.456,,,,,,UTC-0500,0YsTDK1a2W,,,,com.sec.android.app.shealth,,d48e6eb2-945c-4786-bc90-efc47444a128,,,
,,2021-12-25 16:54:55.733,,175.3,97.8399,,,2021-12-25 16:55:01.102,2021-12-25 16:55:01.102,,,,,,UTC-0500,0YsTDK1a2W,,,,com.sec.android.app.shealth,,503d70a0-936c-4408-a4e0-ec760857e83b,,,
,,2021-12-26 17:07:38.407,,175.3,98.2482,,,2021-12-26 17:07:43.046,2021-12-26 17:07:43.046,,,,,,UTC-0500,0YsTDK1a2W,,,,com.sec.android.app.shealth,,5c709ce3-2a6a-4b79-a2cb-2b003ff865fd,,,
,,2021-12-27 09:51:32.201,,175.3,98.7018,,,2021-12-27 09:51:39.865,2021-12-27 09:51:39.865,,,,,,UTC-0500,0YsTDK1a2W,,,,com.sec.android.app.shealth,,c9c2182d-5323-451a-813b-8530f9b8cb04,,,
,,2021-12-29 11:27:47.128,,175.3,97.0688,,,2021-12-29 11:28:28.322,2021-12-29 11:28:28.322,,,,,,UTC-0500,0YsTDK1a2W,,,,com.sec.android.app.shealth,,596937a2-5538-4179-9089-389e37a61c9a,,,
,,2021-12-30 13:34:31.625,,175.3,95.2544,,,2021-12-30 13:34:40.291,2021-12-30 13:34:40.291,,,,,,UTC-0500,0YsTDK1a2W,,,,com.sec.android.app.shealth,,7a3558e9-f24a-4501-986f-f0c5e16d4676,,,
,,2021-12-31 15:56:00.766,,175.3,96.1616,,,2021-12-31 15:56:04.307,2021-12-31 15:56:04.307,,,,,,UTC-0500,0YsTDK1a2W,,,,com.sec.android.app.shealth,,4da33662-5215-4710-8453-a523defb00d7,,,
,,2022-01-01 17:23:41.600,,175.3,97.7492,,,2022-01-01 17:23:47.626,2022-01-01 17:23:47.626,,,,,,UTC-0500,0YsTDK1a2W,,,,com.sec.android.app.shealth,,a66c6f2e-ae13-4b79-b6da-7ba768b8c6da,,,
,,2022-01-02 15:37:58.841,,175.3,97.9306,,,2022-01-02 15:38:02.139,2022-01-02 15:38:02.139,,,,,,UTC-0500,0YsTDK1a2W,,,,com.sec.android.app.shealth,,ead88644-15e7-4e43-a717-bca52a74f01c,,,
,,2022-01-03 05:06:18.837,,175.3,97.7038,,,2022-01-03 05:06:22.756,2022-01-03 05:06:22.756,,,,,,UTC-0500,0YsTDK1a2W,,,,com.sec.android.app.shealth,,b21cabf9-b9d6-422d-82f6-992c0d8e2d02,,,
,,2022-01-03 09:58:58.192,,175.3,97.2502,,,2022-01-03 09:59:03.992,2022-01-03 09:59:03.992,,,,,,UTC-0500,0YsTDK1a2W,,,,com.sec.android.app.shealth,,01bd6d61-52a5-4dd5-ae7f-ff3e6ecd45ab,,,
,,2022-01-03 10:07:04.828,,175.3,97.1595,,,2022-01-03 10:07:07.999,2022-01-03 10:07:07.999,,,,,,UTC-0500,0YsTDK1a2W,,,,com.sec.android.app.shealth,,039566f6-f4b3-4a32-970b-3c617e64534a,,,
,,2022-01-04 11:30:39.347,,175.3,96.7059,,,2022-01-04 11:30:45.996,2022-01-04 11:30:45.996,,,,,,UTC-0500,0YsTDK1a2W,,,,com.sec.android.app.shealth,,608b3796-f701-4c7c-9a58-38f03f45a6a8,,,
,,2022-01-05 11:47:56.809,,175.3,96.6152,,,2022-01-05 11:48:00.756,2022-01-05 11:48:00.756,,,,,,UTC-0500,0YsTDK1a2W,,,,com.sec.android.app.shealth,,3617d03d-3d76-4606-8dfa-da7b18ba95ed,,,
,,2022-01-06 17:56:00.172,,175.3,96.1616,,,2022-01-06 17:56:04.732,2022-01-06 17:56:04.732,,,,,,UTC-0500,0YsTDK1a2W,,,,com.sec.android.app.shealth,,cdf6d5e1-2439-465c-8bb0-4213c43c127d,,,
,,2022-01-07 15:47:36.032,,175.3,95.2544,,,2022-01-07 15:47:43.186,2022-01-07 15:47:43.186,,,,,,UTC-0500,0YsTDK1a2W,,,,com.sec.android.app.shealth,,95384655-ad8a-493f-9598-837995a48794,,,
,,2022-01-07 16:23:09.656,,175.3,95.4359,,,2022-01-07 16:23:13.111,2022-01-07 16:23:13.111,,,,,,UTC-0500,0YsTDK1a2W,,,,com.sec.android.app.shealth,,b14ad7ea-7078-45b5-a12c-88f8cfa6c4e9,,,
,,2022-01-08 15:33:03.145,,175.3,95.2544,,,2022-01-08 15:33:07.298,2022-01-08 15:33:07.298,,,,,,UTC-0500,0YsTDK1a2W,,,,com.sec.android.app.shealth,,d48b9c87-9dc4-4edc-93e0-afcf8f5d5eed,,,
,,2022-01-10 21:35:11.817,,175.3,95.3452,,,2022-01-10 21:35:15.378,2022-01-10 21:35:15.378,,,,,,UTC-0500,0YsTDK1a2W,,,,com.sec.android.app.shealth,,1eb7394e-bc1d-4c7f-a19b-820493a6ec96,,,
,,2022-01-11 18:48:54.278,,175.3,94.8916,,,2022-01-11 18:49:00.610,2022-01-11 18:49:00.610,,,,,,UTC-0500,0YsTDK1a2W,,,,com.sec.android.app.shealth,,5b8e6dc5-6dbf-46bf-8d36-a76c96266f16,,,
,,2022-01-11 23:48:09.916,,175.3,94.438,,,2022-01-11 23:48:16.897,2022-01-11 23:48:16.897,,,,,,UTC-0500,0YsTDK1a2W,,,,com.sec.android.app.shealth,,d970a03f-1219-4dd8-8963-c43f459886d4,,,
,,2022-01-12 14:01:57.544,,175.3,94.3473,,,2022-01-12 14:02:05.314,2022-01-12 14:02:05.314,,,,,,UTC-0500,0YsTDK1a2W,,,,com.sec.android.app.shealth,,a458c9e7-387c-4f1d-a450-4c990ac94eb2,,,
,,2022-01-13 17:51:15.437,,175.3,94.0751,,,2022-01-13 17:51:24.862,2022-01-13 17:51:24.862,,,,,,UTC-0500,0YsTDK1a2W,,,,com.sec.android.app.shealth,,2fb05815-07ce-4616-87d9-8e9d06302f9b,,,
,,2022-01-14 13:32:45.821,,175.3,93.7122,,,2022-01-14 13:32:53.275,2022-01-14 13:32:53.275,,,,,,UTC-0500,0YsTDK1a2W,,,,com.sec.android.app.shealth,,7e2c0212-a49f-4342-bba8-bd81016ecedf,,,
,,2022-01-17 22:24:26.313,,175.3,94.1658,,,2022-01-17 22:24:29.717,2022-01-17 22:24:29.717,,,,,,UTC-0500,0YsTDK1a2W,,,,com.sec.android.app.shealth,,3551084f-59b4-413a-bbe2-9d4843c62d24,,,
,,2022-01-18 12:42:33.811,,175.3,93.9844,,,2022-01-18 12:42:40.376,2022-01-18 12:42:40.376,,,,,,UTC-0500,0YsTDK1a2W,,,,com.sec.android.app.shealth,,845ece88-393b-4d9e-af7c-10fc57ed446c,,,
,,2022-01-19 12:38:53.568,,175.3,95.3452,,,2022-01-19 12:38:57.813,2022-01-19 12:38:57.813,,,,,,UTC-0500,0YsTDK1a2W,,,,com.sec.android.app.shealth,,aad17a1f-40ad-4e41-8300-b147ccd2e17c,,,
,,2022-01-21 15:10:27.003,,175.3,93.9844,,,2022-01-21 15:10:33.213,2022-01-21 15:10:33.213,,,,,,UTC-0500,0YsTDK1a2W,,,,com.sec.android.app.shealth,,16ef1137-906b-4111-b6bc-b202c1ca13bb,,,
,,2022-01-22 16:28:45.505,,175.3,93.8937,,,2022-01-22 16:28:49.559,2022-01-22 16:28:49.559,,,,,,UTC-0500,0YsTDK1a2W,,,,com.sec.android.app.shealth,,5ddd1c0c-d55c-4366-99f2-c33832014b2a,,,
,,2022-01-23 19:14:32.210,,175.3,94.2112,,,2022-01-23 19:14:35.470,2022-01-23 19:14:35.470,,,,,,UTC-0500,0YsTDK1a2W,,,,com.sec.android.app.shealth,,2e517d65-c245-49c0-b3bb-38e31e87cfcb,,,
,,2022-01-26 15:31:05.409,,175.3,94.6194,,,2022-01-26 15:31:10.089,2022-01-26 15:31:10.089,,,,,,UTC-0500,0YsTDK1a2W,,,,com.sec.android.app.shealth,,edfd1693-1ab5-4307-903a-aab82faa12e8,,,
,,2022-01-25 15:31:00.000,,175.3,95.5266,,,2022-01-26 15:31:23.651,2022-01-26 15:31:23.651,,,,,,UTC-0500,0YsTDK1a2W,,,,com.sec.android.app.shealth,,3cbb5738-0231-4250-b187-b880afbeca1b,,,
,,2022-01-27 13:54:08.302,,175.3,94.7555,,,2022-01-27 13:54:13.288,2022-01-27 13:54:13.288,,,,,,UTC-0500,0YsTDK1a2W,,,,com.sec.android.app.shealth,,db83f959-3179-4420-83d4-8d094a42edb4,,,
,,2022-01-29 17:33:46.793,,175.3,95.2091,,,2022-01-29 17:33:52.827,2022-01-29 17:33:52.827,,,,,,UTC-0500,0YsTDK1a2W,,,,com.sec.android.app.shealth,,7e341399-f870-4bc6-9cb9-705a3901e308,,,
,,2022-01-30 17:55:27.390,,175.3,94.7555,,,2022-01-30 17:55:33.106,2022-01-30 17:55:33.106,,,,,,UTC-0500,0YsTDK1a2W,,,,com.sec.android.app.shealth,,aa522460-d4a3-4104-ba8c-b7f0677e52d3,,,
,,2022-01-31 12:58:57.230,,175.3,94.2112,,,2022-01-31 12:59:05.615,2022-01-31 12:59:05.615,,,,,,UTC-0500,0YsTDK1a2W,,,,com.sec.android.app.shealth,,e12b392a-9714-4fd9-a104-b24518ef1697,,,
,,2022-02-02 15:41:01.414,,175.3,95.2544,,,2022-02-02 15:41:08.480,2022-02-02 15:41:08.480,,,,,,UTC-0500,0YsTDK1a2W,,,,com.sec.android.app.shealth,,f06a1659-f7dd-4d81-8d5b-3160806f06e1,,,
,,2022-02-03 13:23:10.037,,175.3,95.4359,,,2022-02-03 13:23:13.187,2022-02-03 13:23:13.187,,,,,,UTC-0500,0YsTDK1a2W,,,,com.sec.android.app.shealth,,92c92918-5701-4bd9-b5aa-6b59805a31eb,,,
,,2022-02-04 15:24:16.966,,175.3,94.8009,,,2022-02-04 15:24:22.911,2022-02-04 15:24:22.911,,,,,,UTC-0500,0YsTDK1a2W,,,,com.sec.android.app.shealth,,d375bfd7-93ba-4dca-914a-8c2d3a4e318a,,,
,,2022-02-05 17:42:30.638,,175.3,95.2091,,,2022-02-05 17:42:34.086,2022-02-05 17:42:34.086,,,,,,UTC-0500,0YsTDK1a2W,,,,com.sec.android.app.shealth,,18c41c26-dd42-4f7f-b44f-53fc02cfa3e2,,,
,,2022-02-06 17:19:32.872,,175.3,94.7555,,,2022-02-06 17:19:37.576,2022-02-06 17:19:37.576,,,,,,UTC-0500,0YsTDK1a2W,,,,com.sec.android.app.shealth,,dcc541de-4abb-4019-88df-895d7ac76ccd,,,
,,2022-02-08 11:50:45.111,,175.3,95.6627,,,2022-02-08 11:50:49.869,2022-02-08 11:50:49.869,,,,,,UTC-0500,0YsTDK1a2W,,,,com.sec.android.app.shealth,,32d468d4-4d08-4ead-a00e-ce68722fc638,,,
,,2022-02-09 11:47:29.666,,175.3,95.2544,,,2022-02-09 11:47:34.147,2022-02-09 11:47:34.147,,,,,,UTC-0500,0YsTDK1a2W,,,,com.sec.android.app.shealth,,a070aa29-8799-4322-830c-baccd20d3528,,,
,,2022-02-12 16:57:44.495,,175.3,95.1637,,,2022-02-12 16:57:49.556,2022-02-12 16:57:49.556,,,,,,UTC-0500,0YsTDK1a2W,,,,com.sec.android.app.shealth,,1a7ef14a-87a8-42bf-8715-0617dc234790,,,
,,2022-02-14 09:42:22.284,,175.3,95.3452,,,2022-02-14 09:42:27.783,2022-02-14 09:42:27.783,,,,,,UTC-0500,0YsTDK1a2W,,,,com.sec.android.app.shealth,,1a3f72f4-f975-4bb4-89a4-8d1f657fcc70,,,
,,2022-02-15 12:07:24.468,,175.3,95.5266,,,2022-02-15 12:07:28.719,2022-02-15 12:07:28.719,,,,,,UTC-0500,0YsTDK1a2W,,,,com.sec.android.app.shealth,,90210d2b-69b7-4c21-a09b-fe2aadd6ad83,,,
,,2022-02-19 16:40:52.051,,175.3,95.0276,,,2022-02-19 16:40:56.002,2022-02-19 16:40:56.002,,,,,,UTC-0500,0YsTDK1a2W,,,,com.sec.android.app.shealth,,8c999a95-6d49-460e-b576-8a05881be036,,,
,,2022-02-20 15:16:20.292,,175.3,95.4359,,,2022-02-20 15:16:25.752,2022-02-20 15:16:25.752,,,,,,UTC-0500,0YsTDK1a2W,,,,com.sec.android.app.shealth,,00421e45-08bd-4f17-84a2-a34890758921,,,
,,2022-02-21 16:21:21.588,,175.3,95.7988,,,2022-02-21 16:21:25.733,2022-02-21 16:21:25.733,,,,,,UTC-0500,0YsTDK1a2W,,,,com.sec.android.app.shealth,,df4baeab-e8e9-40ce-9dda-15c30f67324b,,,
,,2022-02-22 09:44:02.919,,175.3,95.8441,,,2022-02-22 09:44:06.694,2022-02-22 09:44:06.694,,,,,,UTC-0500,0YsTDK1a2W,,,,com.sec.android.app.shealth,,c77da7a9-c1ab-4265-867e-3dfad4098b92,,,
,,2022-02-23 11:42:29.539,,175.3,96.6152,,,2022-02-23 11:42:34.645,2022-02-23 11:42:34.645,,,,,,UTC-0500,0YsTDK1a2W,,,,com.sec.android.app.shealth,,85d6c625-b4fb-4850-a1ea-7d9c42296cd5,,,
,,2022-02-26 15:25:23.036,,175.3,96.2977,,,2022-02-26 15:25:28.693,2022-02-26 15:25:28.693,,,,,,UTC-0500,0YsTDK1a2W,,,,com.sec.android.app.shealth,,97eb574e-eb1e-49b7-9407-7d8a45556529,,,
,,2022-03-01 12:18:39.097,,175.3,97.1595,,,2022-03-01 12:18:43.089,2022-03-01 12:18:43.089,,,,,,UTC-0500,0YsTDK1a2W,,,,com.sec.android.app.shealth,,ec1c239d-6662-4e72-9035-4679efc00fd5,,,
,,2022-03-03 11:52:58.631,,175.3,98.3389,,,2022-03-03 11:53:05.113,2022-03-03 11:53:05.113,,,,,,UTC-0500,0YsTDK1a2W,,,,com.sec.android.app.shealth,,cb474d4e-518c-4953-a562-4b720535e0aa,,,
,,2022-03-06 16:38:08.036,,175.3,98.1574,,,2022-03-06 16:38:11.769,2022-03-06 16:38:11.769,,,,,,UTC-0500,0YsTDK1a2W,,,,com.sec.android.app.shealth,,d2560ba8-cf6c-4595-8fe6-80f6cdaf5d30,,,
,,2022-03-07 09:43:08.412,,175.3,98.5203,,,2022-03-07 09:43:12.579,2022-03-07 09:43:12.579,,,,,,UTC-0500,0YsTDK1a2W,,,,com.sec.android.app.shealth,,a67af366-6dd3-494c-95da-f774b76b26f3,,,
,,2022-03-08 11:42:44.944,,175.3,97.7946,,,2022-03-08 11:42:51.115,2022-03-08 11:42:51.115,,,,,,UTC-0500,0YsTDK1a2W,,,,com.sec.android.app.shealth,,ac6c166d-6dd2-4a26-8eba-f29ccfbdaa32,,,
,,2022-03-12 14:56:21.147,,175.3,98.2482,,,2022-03-12 14:56:24.694,2022-03-12 14:56:24.694,,,,,,UTC-0500,0YsTDK1a2W,,,,com.sec.android.app.shealth,,3eb46e38-6f5d-4c7c-9b7e-844fb6b24617,,,
,,2022-03-17 15:09:02.288,,175.3,99.11,,,2022-03-17 15:09:06.756,2022-03-17 15:09:06.756,,,,,,UTC-0400,0YsTDK1a2W,,,,com.sec.android.app.shealth,,e11cad8f-be11-433b-ad48-e74d41ab1cdb,,,
,,2022-03-20 16:12:10.202,,175.3,97.6585,,,2022-03-20 16:12:15.857,2022-03-20 16:12:15.857,,,,,,UTC-0400,0YsTDK1a2W,,,,com.sec.android.app.shealth,,b0352e32-efe4-429f-aca3-b3161276f462,,,
,,2022-03-21 08:51:44.222,,175.3,98.1574,,,2022-03-21 08:51:48.096,2022-03-21 08:51:48.096,,,,,,UTC-0400,0YsTDK1a2W,,,,com.sec.android.app.shealth,,7c774d17-b87a-4c31-b905-ca15912142f9,,,
,,2022-03-23 10:42:38.347,,175.3,98.1574,,,2022-03-23 10:42:40.268,2022-03-23 10:42:40.268,,,,,,UTC-0400,0YsTDK1a2W,,,,com.sec.android.app.shealth,,0e522926-a91b-446a-b9ad-6bfad755e19c,,,
,,2022-03-27 16:25:10.955,,175.3,97.7492,,,2022-03-27 16:25:15.590,2022-03-27 16:25:15.590,,,,,,UTC-0400,0YsTDK1a2W,,,,com.sec.android.app.shealth,,28c1b160-9f96-4410-8eb1-62c6d3b0af80,,,
,,2022-03-28 08:45:55.281,,175.3,97.7492,,,2022-03-28 08:45:57.960,2022-03-28 08:45:57.960,,,,,,UTC-0400,0YsTDK1a2W,,,,com.sec.android.app.shealth,,af99ed93-267d-4204-8c8c-5432747d8201,,,
,,2022-03-29 10:46:46.980,,175.3,97.7038,,,2022-03-29 10:46:49.757,2022-03-29 10:46:49.757,,,,,,UTC-0400,0YsTDK1a2W,,,,com.sec.android.app.shealth,,b865a9f5-8276-48ff-b212-293c658045e4,,,
,,2022-03-30 10:43:03.795,,175.3,98.3389,,,2022-03-30 10:43:10.451,2022-03-30 10:43:10.451,,,,,,UTC-0400,0YsTDK1a2W,,,,com.sec.android.app.shealth,,50754c52-88f2-4320-9120-473616c9356a,,,
,,2022-04-02 13:34:45.290,,175.3,97.0688,,,2022-04-02 13:34:50.901,2022-04-02 13:34:50.901,,,,,,UTC-0400,0YsTDK1a2W,,,,com.sec.android.app.shealth,,2d70ff1c-c31f-4130-ae63-f6c6baabbfe5,,,
,,2022-04-05 11:13:52.712,,175.3,97.976,,,2022-04-05 11:13:56.887,2022-04-05 11:13:56.887,,,,,,UTC-0400,0YsTDK1a2W,,,,com.sec.android.app.shealth,,2de8605f-271b-469d-8a7a-4f5df30b9858,,,
,,2022-04-07 10:55:02.814,,175.3,98.0667,,,2022-04-07 10:55:06.338,2022-04-07 10:55:06.338,,,,,,UTC-0400,0YsTDK1a2W,,,,com.sec.android.app.shealth,,04a15d38-cd22-4c66-87a9-cb754f43efa3,,,
,,2022-04-09 20:28:02.168,,175.3,97.7038,,,2022-04-09 20:28:06.349,2022-04-09 20:28:06.349,,,,,,UTC-0400,0YsTDK1a2W,,,,com.sec.android.app.shealth,,8d928b7b-f55d-4588-a6a1-565c9710d8b1,,,
,,2022-04-10 16:07:43.272,,175.3,98.0667,,,2022-04-10 16:07:48.336,2022-04-10 16:07:48.336,,,,,,UTC-0400,0YsTDK1a2W,,,,com.sec.android.app.shealth,,59a96038-14be-4a27-b17f-296dccd88108,,,
,,2022-04-12 10:45:14.008,,175.3,97.8853,,,2022-04-12 10:45:19.330,2022-04-12 10:45:19.330,,,,,,UTC-0400,0YsTDK1a2W,,,,com.sec.android.app.shealth,,286e09fd-74a5-4ec3-a468-556b6a3f2eaa,,,
,,2022-04-13 11:10:34.209,,175.3,97.7946,,,2022-04-13 11:10:37.897,2022-04-13 11:10:37.897,,,,,,UTC-0400,0YsTDK1a2W,,,,com.sec.android.app.shealth,,08bab25b-5ea3-4e18-a7cd-5dd2ae29599c,,,
,,2022-04-14 14:21:48.209,,175.3,97.6585,,,2022-04-14 14:21:51.578,2022-04-14 14:21:51.578,,,,,,UTC-0400,0YsTDK1a2W,,,,com.sec.android.app.shealth,,a1bdddf6-d10c-4490-b691-e05d606ff140,,,
,,2022-04-16 14:27:41.766,,175.3,97.8853,,,2022-04-16 14:27:46.104,2022-04-16 14:27:46.104,,,,,,UTC-0400,0YsTDK1a2W,,,,com.sec.android.app.shealth,,c7389d6d-78a9-4898-8694-b76839a5b135,,,
,,2022-04-20 10:43:05.916,,175.3,98.611,,,2022-04-20 10:43:11.882,2022-04-20 10:43:11.882,,,,,,UTC-0400,0YsTDK1a2W,,,,com.sec.android.app.shealth,,ff3f81c0-6fcd-4f41-8e6e-a5afbe1ada7b,,,
,,2022-04-21 10:51:33.907,,175.3,98.7018,,,2022-04-21 10:51:36.543,2022-04-21 10:51:36.543,,,,,,UTC-0400,0YsTDK1a2W,,,,com.sec.android.app.shealth,,4eda5a13-53d2-4bbb-ae31-df28df302838,,,
,,2022-04-25 08:50:26.685,,175.3,97.9306,,,2022-04-25 08:50:33.386,2022-04-25 08:50:33.386,,,,,,UTC-0400,0YsTDK1a2W,,,,com.sec.android.app.shealth,,26d70316-9cbc-4d0c-9c3f-bee3967c68ff,,,
,,2022-04-26 11:06:18.399,,175.3,97.976,,,2022-04-26 11:06:23.786,2022-04-26 11:06:23.786,,,,,,UTC-0400,0YsTDK1a2W,,,,com.sec.android.app.shealth,,8a28b2a4-1a27-4211-a391-5c873cdb819f,,,
,,2022-04-29 11:57:13.104,,175.3,98.611,,,2022-04-29 11:57:18.361,2022-04-29 11:57:18.361,,,,,,UTC-0400,0YsTDK1a2W,,,,com.sec.android.app.shealth,,7da3ee22-9449-44fc-bdcc-dc2707c8f26c,,,
,,2022-05-03 11:05:24.819,,175.3,97.7946,,,2022-05-03 11:05:29.984,2022-05-03 11:05:29.984,,,,,,UTC-0400,0YsTDK1a2W,,,,com.sec.android.app.shealth,,02ab0e82-1485-4a2b-8176-fd29f67bf3f4,,,
,,2022-05-04 10:48:31.043,,175.3,97.8853,,,2022-05-04 10:48:34.045,2022-05-04 10:48:34.045,,,,,,UTC-0400,0YsTDK1a2W,,,,com.sec.android.app.shealth,,7fa7de9e-0d46-4afa-a0bb-1f144abedb78,,,
,,2022-05-07 16:07:56.314,,175.3,97.2502,,,2022-05-07 16:08:00.215,2022-05-07 16:08:00.215,,,,,,UTC-0400,0YsTDK1a2W,,,,com.sec.android.app.shealth,,651598b5-8d23-4b5a-bbe1-0c18abfc9b6c,,,
,,2022-05-11 11:14:56.961,,175.3,98.5203,,,2022-05-11 11:15:02.676,2022-05-11 11:15:02.676,,,,,,UTC-0400,0YsTDK1a2W,,,,com.sec.android.app.shealth,,798a57ee-83a6-48bd-aa7d-6fc24d8048e3,,,
,,2022-05-12 10:51:05.755,,175.3,98.1574,,,2022-05-12 10:51:09.727,2022-05-12 10:51:09.727,,,,,,UTC-0400,0YsTDK1a2W,,,,com.sec.android.app.shealth,,f4ca5efa-9bd0-4a1c-a093-20ddbf8d1a80,,,
,,2022-05-13 13:02:17.397,,175.3,98.3389,,,2022-05-13 13:02:21.337,2022-05-13 13:02:21.337,,,,,,UTC-0400,0YsTDK1a2W,,,,com.sec.android.app.shealth,,7c2407c0-c4fb-4908-8722-8485eb19bb3a,,,
,,2022-05-14 13:39:32.506,,175.3,98.0667,,,2022-05-14 13:39:36.574,2022-05-14 13:39:36.574,,,,,,UTC-0400,0YsTDK1a2W,,,,com.sec.android.app.shealth,,2fbf92aa-db46-4f09-85c8-3a80880a3acb,,,
,,2022-05-16 14:22:19.261,,175.3,96.9327,,,2022-05-16 14:22:24.944,2022-05-16 14:22:24.944,,,,,,UTC-0400,0YsTDK1a2W,,,,com.sec.android.app.shealth,,7d415326-bade-4ccc-ac0c-8b84e1ed88a5,,,
,,2022-05-17 08:48:02.300,,175.3,98.611,,,2022-05-17 08:48:09.809,2022-05-17 08:48:09.809,,,,,,UTC-0400,0YsTDK1a2W,,,,com.sec.android.app.shealth,,c64371e4-e5a5-405a-86ec-f6d399bea904,,,
,,2022-05-18 10:51:53.838,,175.3,98.3389,,,2022-05-18 10:51:59.105,2022-05-18 10:51:59.105,,,,,,UTC-0400,0YsTDK1a2W,,,,com.sec.android.app.shealth,,706944cb-9fb9-475c-a9c9-ccea5fb62d2c,,,
,,2022-05-20 13:00:42.956,,175.3,98.7471,,,2022-05-20 13:00:46.331,2022-05-20 13:00:46.331,,,,,,UTC-0400,0YsTDK1a2W,,,,com.sec.android.app.shealth,,d9ee5125-359f-4331-a183-e6fb2daece92,,,
,,2022-05-21 14:50:11.045,,175.3,98.1574,,,2022-05-21 14:50:15.279,2022-05-21 14:50:15.279,,,,,,UTC-0400,0YsTDK1a2W,,,,com.sec.android.app.shealth,,cfb657ec-40e6-437c-b928-2f1611ec7a5f,,,
,,2022-05-22 14:22:05.240,,175.3,98.2482,,,2022-05-22 14:22:08.275,2022-05-22 14:22:08.275,,,,,,UTC-0400,0YsTDK1a2W,,,,com.sec.android.app.shealth,,4a4d4333-e926-4b49-8113-86052cd14282,,,
,,2022-05-24 11:04:08.020,,175.3,97.8853,,,2022-05-24 11:04:12.689,2022-05-24 11:04:12.689,,,,,,UTC-0400,0YsTDK1a2W,,,,com.sec.android.app.shealth,,8bbeb2de-fcc7-494b-9112-0379f4369fbf,,,
,,2022-05-25 11:02:36.764,,175.3,98.3389,,,2022-05-25 11:02:39.470,2022-05-25 11:02:39.470,,,,,,UTC-0400,0YsTDK1a2W,,,,com.sec.android.app.shealth,,08c4920f-2208-453f-a083-e6687dd1f17b,,,
,,2022-05-26 10:58:45.366,,175.3,98.8832,,,2022-05-26 10:58:51.341,2022-05-26 10:58:51.341,,,,,,UTC-0400,0YsTDK1a2W,,,,com.sec.android.app.shealth,,27a7f12e-cd4b-4037-949c-c4aff07c2316,,,
,,2022-05-27 13:35:39.210,,175.3,98.7925,,,2022-05-27 13:35:43.315,2022-05-27 13:35:43.315,,,,,,UTC-0400,0YsTDK1a2W,,,,com.sec.android.app.shealth,,c2307c7f-191f-41f0-bdbb-592a2c9deccb,,,
,,2022-05-28 13:40:59.843,,175.3,98.3389,,,2022-05-28 13:41:01.967,2022-05-28 13:41:01.967,,,,,,UTC-0400,0YsTDK1a2W,,,,com.sec.android.app.shealth,,3f2afd93-57e5-4703-b49c-4cc43b69edf9,,,
,,2022-05-29 14:37:22.251,,175.3,98.1121,,,2022-05-29 14:37:25.125,2022-05-29 14:37:25.125,,,,,,UTC-0400,0YsTDK1a2W,,,,com.sec.android.app.shealth,,5eeb57cc-3801-43e8-a555-82fef41ab41b,,,
,,2022-06-01 10:49:09.764,,175.3,98.3389,,,2022-06-01 10:49:15.586,2022-06-01 10:49:15.586,,,,,,UTC-0400,0YsTDK1a2W,,,,com.sec.android.app.shealth,,fca33d14-3713-4858-b02e-3a48e899a8e4,,,
,,2022-06-02 11:18:17.141,,175.3,98.5203,,,2022-06-02 11:18:21.758,2022-06-02 11:18:21.758,,,,,,UTC-0400,0YsTDK1a2W,,,,com.sec.android.app.shealth,,3b8c5d79-e8a0-496a-98d5-bda4ca2996b6,,,
,,2022-06-03 14:07:42.904,,175.3,98.2482,,,2022-06-03 14:07:48.172,2022-06-03 14:07:48.172,,,,,,UTC-0400,0YsTDK1a2W,,,,com.sec.android.app.shealth,,2c38d957-217e-4e1f-ba94-62c556c387c9,,,
,,2022-06-04 15:33:47.250,,175.3,98.0667,,,2022-06-04 15:33:50.589,2022-06-04 15:33:50.589,,,,,,UTC-0400,0YsTDK1a2W,,,,com.sec.android.app.shealth,,82bd668f-bd1b-4e81-bb40-cb633a20e041,,,
,,2022-06-05 14:11:40.831,,175.3,98.2482,,,2022-06-05 14:11:44.697,2022-06-05 14:11:44.697,,,,,,UTC-0400,0YsTDK1a2W,,,,com.sec.android.app.shealth,,34fa96c9-478f-49e1-9ca3-50cb10efc4c7,,,
,,2022-06-08 10:54:25.461,,175.3,97.7946,,,2022-06-08 10:54:28.454,2022-06-08 10:54:28.454,,,,,,UTC-0400,0YsTDK1a2W,,,,com.sec.android.app.shealth,,332e6186-0a9d-46f1-8481-e73b50dd85e7,,,
,,2022-06-09 10:58:02.219,,175.3,98.4296,,,2022-06-09 10:58:08.005,2022-06-09 10:58:08.005,,,,,,UTC-0400,0YsTDK1a2W,,,,com.sec.android.app.shealth,,a680e925-c3c4-45f6-8a32-97afd46eda32,,,
,,2022-06-10 13:22:53.215,,175.3,98.0667,,,2022-06-10 13:22:58.148,2022-06-10 13:22:58.148,,,,,,UTC-0400,0YsTDK1a2W,,,,com.sec.android.app.shealth,,d022f937-4397-4e64-ab6c-a439750d67fa,,,
,,2022-06-11 12:42:34.612,,175.3,97.9306,,,2022-06-11 12:42:40.295,2022-06-11 12:42:40.295,,,,,,UTC-0400,0YsTDK1a2W,,,,com.sec.android.app.shealth,,63d534a6-29e5-4d4f-a91c-8f2df7e4df4c,,,
,,2022-06-13 09:32:57.155,,175.3,98.0667,,,2022-06-13 09:33:06.722,2022-06-13 09:33:06.722,,,,,,UTC-0400,0YsTDK1a2W,,,,com.sec.android.app.shealth,,e3d388dc-332a-4340-a41f-ff3b3ed88446,,,
,,2022-06-14 10:53:39.692,,175.3,98.0667,,,2022-06-14 10:53:41.622,2022-06-14 10:53:41.622,,,,,,UTC-0400,0YsTDK1a2W,,,,com.sec.android.app.shealth,,5d62d227-c8ec-49ca-a0e9-a35ea6d9baba,,,
,,2022-06-15 10:49:28.790,,175.3,98.0667,,,2022-06-15 10:49:30.836,2022-06-15 10:49:30.836,,,,,,UTC-0400,0YsTDK1a2W,,,,com.sec.android.app.shealth,,735ffcc5-1ddd-4374-8298-58817b8505eb,,,
,,2022-06-15 10:49:35.431,,175.3,98.0667,,,2022-06-15 10:49:39.584,2022-06-15 10:49:39.584,,,,,,UTC-0400,0YsTDK1a2W,,,,com.sec.android.app.shealth,,76a4ae11-91ee-45b3-9e57-b68b52245b47,,,
,,2022-06-16 10:53:40.696,,175.3,97.8853,,,2022-06-16 10:53:46.578,2022-06-16 10:53:46.578,,,,,,UTC-0400,0YsTDK1a2W,,,,com.sec.android.app.shealth,,0b20ae0c-1e30-46b3-8a66-327902a29f42,,,
,,2022-06-19 14:47:01.994,,175.3,97.6585,,,2022-06-19 14:47:06.045,2022-06-19 14:47:06.045,,,,,,UTC-0400,0YsTDK1a2W,,,,com.sec.android.app.shealth,,c4926460-0104-467f-bff4-2865a092ed75,,,
,,2022-06-20 18:44:27.943,,175.3,96.7059,,,2022-06-20 18:44:32.535,2022-06-20 18:44:32.535,,,,,,UTC-0400,0YsTDK1a2W,,,,com.sec.android.app.shealth,,471b8d45-ef7e-4e38-8947-ab012a5758a6,,,
,,2022-06-21 16:09:07.267,,175.3,96.7967,,,2022-06-21 16:09:11.864,2022-06-21 16:09:11.864,,,,,,UTC-0400,0YsTDK1a2W,,,,com.sec.android.app.shealth,,28f6b0e2-3172-4013-865a-bf14a267b85a,,,
,,2022-06-24 15:03:26.081,,175.3,96.7513,,,2022-06-24 15:03:28.546,2022-06-24 15:03:28.546,,,,,,UTC-0400,0YsTDK1a2W,,,,com.sec.android.app.shealth,,bf6c7e54-229a-4388-90d5-d3694364b842,,,
,,2022-06-26 19:36:56.931,,175.3,96.9327,,,2022-06-26 19:37:00.629,2022-06-26 19:37:00.629,,,,,,UTC-0400,0YsTDK1a2W,,,,com.sec.android.app.shealth,,c22a4eb6-e49e-475c-96c4-46860b486723,,,
,,2022-06-30 10:49:48.121,,175.3,98.1574,,,2022-06-30 10:49:52.191,2022-06-30 10:49:52.191,,,,,,UTC-0400,0YsTDK1a2W,,,,com.sec.android.app.shealth,,36380893-56fc-4835-a91b-9d82fb502772,,,
,,2022-07-01 13:16:07.486,,175.3,97.2502,,,2022-07-01 13:16:10.764,2022-07-01 13:16:10.764,,,,,,UTC-0400,0YsTDK1a2W,,,,com.sec.android.app.shealth,,3e26e9b7-4c7b-4ea7-aa16-01f00b97737a,,,
,,2022-07-02 15:02:22.755,,175.3,97.341,,,2022-07-02 15:02:25.853,2022-07-02 15:02:25.853,,,,,,UTC-0400,0YsTDK1a2W,,,,com.sec.android.app.shealth,,b49910ba-bf79-40b8-b414-102a541464eb,,,
,,2022-07-03 16:30:51.051,,175.3,96.5699,,,2022-07-03 16:30:55.816,2022-07-03 16:30:55.816,,,,,,UTC-0400,0YsTDK1a2W,,,,com.sec.android.app.shealth,,84a67ceb-ab5b-4d3d-9b8b-050bb85bb4b4,,,
,,2022-07-03 18:21:26.875,,175.3,96.2523,,,2022-07-03 18:21:31.661,2022-07-03 18:21:31.661,,,,,,UTC-0400,0YsTDK1a2W,,,,com.sec.android.app.shealth,,8ca22975-0504-4d06-b4cf-6a615e9636a5,,,
,,2022-07-04 15:36:20.856,,175.3,95.8895,,,2022-07-04 15:36:24.830,2022-07-04 15:36:24.830,,,,,,UTC-0400,0YsTDK1a2W,,,,com.sec.android.app.shealth,,6c16e211-9bb1-4347-9b6e-58a4324af31a,,,
,,2022-07-05 08:50:29.753,,175.3,96.3884,,,2022-07-05 08:50:33.454,2022-07-05 08:50:33.454,,,,,,UTC-0400,0YsTDK1a2W,,,,com.sec.android.app.shealth,,c8df9b42-a2f7-4c6c-960c-1f147dec58f9,,,
,,2022-07-06 11:25:33.655,,175.3,96.7967,,,2022-07-06 11:25:37.189,2022-07-06 11:25:37.189,,,,,,UTC-0400,0YsTDK1a2W,,,,com.sec.android.app.shealth,,f28ba0b4-5d9b-4b22-9f7b-0d080af75abf,,,
,,2022-07-08 14:31:22.508,,175.3,97.0688,,,2022-07-08 14:31:26.370,2022-07-08 14:31:26.370,,,,,,UTC-0400,0YsTDK1a2W,,,,com.sec.android.app.shealth,,ddb8b3d6-8d86-469e-bfe2-7935b8582d77,,,
,,2022-07-10 15:46:36.235,,175.3,97.4317,,,2022-07-10 15:46:39.830,2022-07-10 15:46:39.830,,,,,,UTC-0400,0YsTDK1a2W,,,,com.sec.android.app.shealth,,0d47e0f5-1efc-4e3b-a1d3-81833d671ac7,,,
,,2022-07-11 09:10:40.375,,175.3,98.0667,,,2022-07-11 09:10:46.288,2022-07-11 09:10:46.288,,,,,,UTC-0400,0YsTDK1a2W,,,,com.sec.android.app.shealth,,0fed8326-d60d-4770-adb5-23c4cec1d73f,,,
,,2022-07-12 10:47:29.147,,175.3,96.9327,,,2022-07-12 10:47:37.020,2022-07-12 10:47:37.020,,,,,,UTC-0400,0YsTDK1a2W,,,,com.sec.android.app.shealth,,977f4e98-f960-41bc-94ef-b9321a09f7cd,,,
,,2022-07-13 10:46:47.686,,175.3,97.341,,,2022-07-13 10:46:51.475,2022-07-13 10:46:51.475,,,,,,UTC-0400,0YsTDK1a2W,,,,com.sec.android.app.shealth,,19928d50-c924-429c-9304-29b790858390,,,
,,2022-07-14 10:50:55.548,,175.3,97.6131,,,2022-07-14 10:51:00.130,2022-07-14 10:51:00.130,,,,,,UTC-0400,0YsTDK1a2W,,,,com.sec.android.app.shealth,,24c41d32-7b9c-4702-ab49-45b74ddbb3ba,,,
,,2022-07-16 13:14:56.121,,175.3,97.4317,,,2022-07-16 13:15:00.137,2022-07-16 13:15:00.137,,,,,,UTC-0400,0YsTDK1a2W,,,,com.sec.android.app.shealth,,1f32827f-6ee4-4fb9-80a6-75f9aa8657c8,,,
,,2022-07-17 16:04:08.106,,175.3,96.9327,,,2022-07-17 16:04:11.507,2022-07-17 16:04:11.507,,,,,,UTC-0400,0YsTDK1a2W,,,,com.sec.android.app.shealth,,b99e0285-6a60-4386-a23e-04492dace3be,,,
,,2022-07-18 09:20:21.297,,175.3,96.9327,,,2022-07-18 09:20:23.283,2022-07-18 09:20:23.283,,,,,,UTC-0400,0YsTDK1a2W,,,,com.sec.android.app.shealth,,b461f3ac-2a97-402b-bb5e-02cae97cdcf3,,,
,,2022-07-19 10:58:13.765,,175.3,96.2523,,,2022-07-19 10:58:19.502,2022-07-19 10:58:19.502,,,,,,UTC-0400,0YsTDK1a2W,,,,com.sec.android.app.shealth,,0bb48980-8eb7-488f-bdb2-e8230222bc1e,,,
,,2022-07-20 11:25:29.111,,175.3,96.7059,,,2022-07-20 11:25:31.552,2022-07-20 11:25:31.552,,,,,,UTC-0400,0YsTDK1a2W,,,,com.sec.android.app.shealth,,8ad0c656-48cf-40fe-9c81-3618df90d46d,,,
,,2022-07-21 11:00:26.199,,175.3,96.8874,,,2022-07-21 11:00:31.092,2022-07-21 11:00:31.092,,,,,,UTC-0400,0YsTDK1a2W,,,,com.sec.android.app.shealth,,1b03dc26-1f1b-4590-ac00-b6e851e0e086,,,
,,2022-07-22 14:02:45.550,,175.3,96.7059,,,2022-07-22 14:02:48.640,2022-07-22 14:02:48.640,,,,,,UTC-0400,0YsTDK1a2W,,,,com.sec.android.app.shealth,,6066ec8d-8eef-4902-89ad-8fca9dfab06d,,,
,,2022-07-23 12:17:07.044,,175.3,96.6152,,,2022-07-23 12:17:09.912,2022-07-23 12:17:09.912,,,,,,UTC-0400,0YsTDK1a2W,,,,com.sec.android.app.shealth,,2906aafc-c102-4928-b6d7-2fa32b4f18e6,,,
,,2022-07-25 09:22:17.996,,175.3,97.9306,,,2022-07-25 09:22:21.987,2022-07-25 09:22:21.987,,,,,,UTC-0400,0YsTDK1a2W,,,,com.sec.android.app.shealth,,3030a732-6926-48ac-94e0-7e1787cad962,,,
,,2022-07-26 10:43:30.918,,175.3,97.7038,,,2022-07-26 10:43:35.491,2022-07-26 10:43:35.491,,,,,,UTC-0400,0YsTDK1a2W,,,,com.sec.android.app.shealth,,6c4b7ba5-b943-4b27-9a53-349361279816,,,
,,2022-07-28 10:54:45.642,,175.3,96.8874,,,2022-07-28 10:54:49.728,2022-07-28 10:54:49.728,,,,,,UTC-0400,0YsTDK1a2W,,,,com.sec.android.app.shealth,,3f47713e-4e83-4300-b949-5e583d29c6ba,,,
,,2022-07-30 15:21:21.604,,175.3,96.6606,,,2022-07-30 15:21:24.918,2022-07-30 15:21:24.918,,,,,,UTC-0400,0YsTDK1a2W,,,,com.sec.android.app.shealth,,b3e35a0f-ebdc-4339-9edc-8357e6327a79,,,
,,2022-07-31 15:53:43.473,,175.3,96.6606,,,2022-07-31 15:53:45.199,2022-07-31 15:53:45.199,,,,,,UTC-0400,0YsTDK1a2W,,,,com.sec.android.app.shealth,,8489fc7b-f2d3-4659-a99e-941af436a18a,,,
,,2022-08-01 08:25:16.224,,175.3,97.2502,,,2022-08-01 08:25:20.636,2022-08-01 08:25:20.636,,,,,,UTC-0400,0YsTDK1a2W,,,,com.sec.android.app.shealth,,ed0888c5-b76b-4036-b5e8-0ede4ff79c73,,,
,,2022-08-02 11:06:07.645,,175.3,97.0688,,,2022-08-02 11:06:14.079,2022-08-02 11:06:14.079,,,,,,UTC-0400,0YsTDK1a2W,,,,com.sec.android.app.shealth,,e2d4ac4e-2d6f-4888-a514-433b93e84f42,,,
,,2022-08-03 11:07:09.907,,175.3,97.5224,,,2022-08-03 11:07:12.611,2022-08-03 11:07:12.611,,,,,,UTC-0400,0YsTDK1a2W,,,,com.sec.android.app.shealth,,06f1ef99-32ef-4693-8b34-b48bbdb7282b,,,
,,2022-08-04 10:49:41.993,,175.3,97.976,,,2022-08-04 10:49:45.162,2022-08-04 10:49:45.162,,,,,,UTC-0400,0YsTDK1a2W,,,,com.sec.android.app.shealth,,473508b3-efe4-4497-88c1-b42a05ed2f7a,,,
,,2022-08-05 12:08:25.877,,175.3,97.1595,,,2022-08-05 12:08:34.739,2022-08-05 12:08:34.739,,,,,,UTC-0400,0YsTDK1a2W,,,,com.sec.android.app.shealth,,8bf9bc16-6d0e-4cab-98d6-382ce1837754,,,
,,2022-08-08 09:03:11.670,,175.3,96.1616,,,2022-08-08 09:03:15.817,2022-08-08 09:03:15.817,,,,,,UTC-0400,0YsTDK1a2W,,,,com.sec.android.app.shealth,,2f15cac9-2cc1-4334-b7ec-a3b2cc487fca,,,
,,2022-08-09 11:00:07.553,,175.3,96.6152,,,2022-08-09 11:00:09.990,2022-08-09 11:00:09.990,,,,,,UTC-0400,0YsTDK1a2W,,,,com.sec.android.app.shealth,,0873ed1d-0e0c-42cf-8d9b-dfbb7b73da53,,,
,,2022-08-10 10:58:36.446,,175.3,96.2523,,,2022-08-10 10:58:44.852,2022-08-10 10:58:44.852,,,,,,UTC-0400,0YsTDK1a2W,,,,com.sec.android.app.shealth,,4858d964-2b9c-4610-98de-d875237b9cbf,,,
,,2022-08-11 10:42:18.854,,175.3,96.8874,,,2022-08-11 10:42:24.538,2022-08-11 10:42:24.538,,,,,,UTC-0400,0YsTDK1a2W,,,,com.sec.android.app.shealth,,18d6c889-612f-4dca-b4b0-87091eff34ad,,,
,,2022-08-12 16:22:53.829,,175.3,96.207,,,2022-08-12 16:22:58.637,2022-08-12 16:22:58.637,,,,,,UTC-0400,0YsTDK1a2W,,,,com.sec.android.app.shealth,,a7467d1a-2221-4120-b648-0cd8d6d954c8,,,
,,2022-08-13 13:52:28.818,,175.3,95.2998,,,2022-08-13 13:52:32.111,2022-08-13 13:52:32.111,,,,,,UTC-0400,0YsTDK1a2W,,,,com.sec.android.app.shealth,,bb2a51c4-a4ec-45ec-ab4c-4662b42b9b07,,,
,,2022-08-13 18:15:20.772,,175.3,94.438,,,2022-08-13 18:15:26.519,2022-08-13 18:15:26.519,,,,,,UTC-0400,0YsTDK1a2W,,,,com.sec.android.app.shealth,,5f3db59b-59d5-4e95-9b1e-a622b3790273,,,
,,2022-08-14 13:05:19.709,,175.3,95.1184,,,2022-08-14 13:05:25.244,2022-08-14 13:05:25.244,,,,,,UTC-0400,0YsTDK1a2W,,,,com.sec.android.app.shealth,,15e93aff-1d68-4540-b83f-89b49032de50,,,
,,2022-08-15 09:12:31.091,,175.3,95.5266,,,2022-08-15 09:12:34.728,2022-08-15 09:12:34.728,,,,,,UTC-0400,0YsTDK1a2W,,,,com.sec.android.app.shealth,,f535ee51-eb03-4377-bd72-a547856de459,,,
,,2022-08-16 10:50:39.960,,175.3,95.708,,,2022-08-16 10:50:44.486,2022-08-16 10:50:44.486,,,,,,UTC-0400,0YsTDK1a2W,,,,com.sec.android.app.shealth,,b1ebff64-a925-4683-861e-f77f53c007bf,,,
,,2022-08-17 10:53:32.637,,175.3,95.8895,,,2022-08-17 10:53:37.569,2022-08-17 10:53:37.569,,,,,,UTC-0400,0YsTDK1a2W,,,,com.sec.android.app.shealth,,53d20fdd-a08e-45eb-9dff-015333fe8cd2,,,
,,2022-08-18 11:03:08.536,,175.3,96.7059,,,2022-08-18 11:03:12.891,2022-08-18 11:03:12.891,,,,,,UTC-0400,0YsTDK1a2W,,,,com.sec.android.app.shealth,,7777eae9-7de7-44aa-bfca-13279c4eda07,,,
,,2022-08-19 11:50:40.519,,175.3,96.7059,,,2022-08-19 11:50:42.385,2022-08-19 11:50:42.385,,,,,,UTC-0400,0YsTDK1a2W,,,,com.sec.android.app.shealth,,e4b714d9-4fc4-4ac2-978b-6ea37bf2b6bf,,,
,,2022-08-20 13:55:56.621,,175.3,95.8441,,,2022-08-20 13:56:00.772,2022-08-20 13:56:00.772,,,,,,UTC-0400,0YsTDK1a2W,,,,com.sec.android.app.shealth,,a3958cd7-85b0-4232-aa66-7db2d5dec4ad,,,
,,2022-08-21 14:25:55.180,,175.3,95.1637,,,2022-08-21 14:26:02.356,2022-08-21 14:26:02.356,,,,,,UTC-0400,0YsTDK1a2W,,,,com.sec.android.app.shealth,,9acb99c0-dd76-48b7-816d-715939b6f3c5,,,
,,2022-08-22 09:07:09.248,,175.3,95.5266,,,2022-08-22 09:07:12.774,2022-08-22 09:07:12.774,,,,,,UTC-0400,0YsTDK1a2W,,,,com.sec.android.app.shealth,,27e1e55e-8d99-46b0-b52d-02176546c624,,,
,,2022-08-23 11:03:02.956,,175.3,95.8895,,,2022-08-23 11:03:08.073,2022-08-23 11:03:08.073,,,,,,UTC-0400,0YsTDK1a2W,,,,com.sec.android.app.shealth,,f6a5561b-d232-4cbd-a0e1-0da62bff1242,,,
,,2022-08-24 10:57:53.331,,175.3,96.2523,,,2022-08-24 10:57:56.762,2022-08-24 10:57:56.762,,,,,,UTC-0400,0YsTDK1a2W,,,,com.sec.android.app.shealth,,d47b5b63-77ef-4db1-b8c9-bf5423ce3506,,,
,,2022-08-25 10:55:37.669,,175.3,96.7967,,,2022-08-25 10:55:42.925,2022-08-25 10:55:42.925,,,,,,UTC-0400,0YsTDK1a2W,,,,com.sec.android.app.shealth,,b9625bd6-1988-4986-bc6b-15a477718b24,,,
,,2022-08-26 12:12:25.320,,175.3,96.207,,,2022-08-26 12:12:29.108,2022-08-26 12:12:29.108,,,,,,UTC-0400,0YsTDK1a2W,,,,com.sec.android.app.shealth,,995fb973-9ad5-4154-8889-1abb0d226847,,,
,,2022-08-27 14:03:05.103,,175.3,95.5266,,,2022-08-27 14:03:11.369,2022-08-27 14:03:11.369,,,,,,UTC-0400,0YsTDK1a2W,,,,com.sec.android.app.shealth,,88581daf-3ec8-48d2-b778-61aa98888695,,,
,,2022-08-27 18:35:53.526,,175.3,94.6194,,,2022-08-27 18:35:56.415,2022-08-27 18:35:56.415,,,,,,UTC-0400,0YsTDK1a2W,,,,com.sec.android.app.shealth,,1233bef8-e597-432f-a337-6c5a0d72ac90,,,
,,2022-08-28 16:34:58.730,,175.3,95.7534,,,2022-08-28 16:35:12.507,2022-08-28 16:35:12.507,,,,,,UTC-0400,0YsTDK1a2W,,,,com.sec.android.app.shealth,,6df08f53-ecb7-4c45-9397-54f67112756e,,,
,,2022-08-29 08:52:19.208,,175.3,95.8441,,,2022-08-29 08:52:22.197,2022-08-29 08:52:22.197,,,,,,UTC-0400,0YsTDK1a2W,,,,com.sec.android.app.shealth,,1f8f5ef4-1f7a-4f73-9cbf-78750ef5cd9b,,,
,,2022-08-30 10:47:23.365,,175.3,96.7059,,,2022-08-30 10:47:28.505,2022-08-30 10:47:28.505,,,,,,UTC-0400,0YsTDK1a2W,,,,com.sec.android.app.shealth,,dfc2081e-de30-45a6-806d-619eca5cd6ad,,,
,,2022-08-31 10:47:35.311,,175.3,96.1616,,,2022-08-31 10:47:39.321,2022-08-31 10:47:39.321,,,,,,UTC-0400,0YsTDK1a2W,,,,com.sec.android.app.shealth,,5d49003c-72b2-4ce3-9af5-c31ab3b614f7,,,
,,2022-09-01 10:48:42.134,,175.3,96.1616,,,2022-09-01 10:48:43.918,2022-09-01 10:48:43.918,,,,,,UTC-0400,0YsTDK1a2W,,,,com.sec.android.app.shealth,,8e71907c-7246-4ab6-b813-eabd0dbecaf6,,,
,,2022-09-02 14:47:07.017,,175.3,94.8462,,,2022-09-02 14:47:11.435,2022-09-02 14:47:11.435,,,,,,UTC-0400,0YsTDK1a2W,,,,com.sec.android.app.shealth,,7b7ce8ae-c5b1-447a-8326-ba3c619b63c1,,,
,,2022-09-03 13:33:19.189,,175.3,95.5266,,,2022-09-03 13:33:23.852,2022-09-03 13:33:23.852,,,,,,UTC-0400,0YsTDK1a2W,,,,com.sec.android.app.shealth,,ed0277ea-3a42-4a96-98d3-594dbea09130,,,
,,2022-09-04 15:25:24.844,,175.3,95.3452,,,2022-09-04 15:25:29.840,2022-09-04 15:25:29.840,,,,,,UTC-0400,0YsTDK1a2W,,,,com.sec.android.app.shealth,,5a4d7475-7def-4eeb-bc86-bc2c8a02e7fd,,,
,,2022-09-05 12:42:14.554,,175.3,96.1163,,,2022-09-05 12:42:18.837,2022-09-05 12:42:18.837,,,,,,UTC-0400,0YsTDK1a2W,,,,com.sec.android.app.shealth,,72b0811c-8d21-48a9-b45e-bc8bedaa8851,,,
,,2022-09-06 09:08:23.044,,175.3,95.8895,,,2022-09-06 09:08:29.310,2022-09-06 09:08:29.310,,,,,,UTC-0400,0YsTDK1a2W,,,,com.sec.android.app.shealth,,ac0ea513-6fdc-4434-b630-f3fa97acdf0d,,,
,,2022-09-07 11:09:00.943,,175.3,95.708,,,2022-09-07 11:09:04.616,2022-09-07 11:09:04.616,,,,,,UTC-0400,0YsTDK1a2W,,,,com.sec.android.app.shealth,,e9e48097-cae1-4f71-a899-b4e1f213fa85,,,
,,2022-09-08 11:00:07.208,,175.3,95.6173,,,2022-09-08 11:00:11.444,2022-09-08 11:00:11.444,,,,,,UTC-0400,0YsTDK1a2W,,,,com.sec.android.app.shealth,,9865d549-cd80-4fcc-be71-90f024d76a60,,,
,,2022-09-10 15:59:52.545,,175.3,94.8916,,,2022-09-10 15:59:57.973,2022-09-10 15:59:57.973,,,,,,UTC-0400,0YsTDK1a2W,,,,com.sec.android.app.shealth,,f4292705-5788-409c-a389-38d8bdc92837,,,
,,2022-09-11 16:20:01.077,,175.3,95.6627,,,2022-09-11 16:20:05.844,2022-09-11 16:20:05.844,,,,,,UTC-0400,0YsTDK1a2W,,,,com.sec.android.app.shealth,,45370002-e117-4a6b-8c97-7339350571a0,,,
31.32744,,2022-09-11 16:57:40.935,,175.26,95.66263,,,2022-09-11 16:57:40.941,2022-09-11 16:57:40.941,,35.469208,64.33519,,1759,UTC-0400,mlwC+Ir3ps,33.930775,,67.25217,com.sec.android.app.shealth,32.747833,0247fe75-de0b-4c34-8485-ad51026db3bd,,47.182247,
,,2022-09-13 10:21:19.351,,175.3,94.9823,,,2022-09-13 10:21:24.627,2022-09-13 10:21:24.627,,,,,,UTC-0400,0YsTDK1a2W,,,,com.sec.android.app.shealth,,8078e368-012f-43f2-b999-dd6eac78c123,,,
,,2022-09-15 10:45:08.347,,175.3,96.3431,,,2022-09-15 10:45:11.652,2022-09-15 10:45:11.652,,,,,,UTC-0400,0YsTDK1a2W,,,,com.sec.android.app.shealth,,bb10af95-4994-4627-b773-2d20019cc65c,,,
,,2022-09-16 14:00:33.198,,175.3,96.0709,,,2022-09-16 14:00:39.458,2022-09-16 14:00:39.458,,,,,,UTC-0400,0YsTDK1a2W,,,,com.sec.android.app.shealth,,03500fc4-e0d3-414a-8667-90de89416989,,,
,,2022-09-17 15:36:33.106,,175.3,95.1637,,,2022-09-17 15:36:36.827,2022-09-17 15:36:36.827,,,,,,UTC-0400,0YsTDK1a2W,,,,com.sec.android.app.shealth,,9e373e06-d10b-4d67-a7af-3c90702d900c,,,
,,2022-09-18 16:48:22.909,,175.3,95.8895,,,2022-09-18 16:48:27.455,2022-09-18 16:48:27.455,,,,,,UTC-0400,0YsTDK1a2W,,,,com.sec.android.app.shealth,,68e69dc7-6366-4256-a76d-456b106cd06b,,,
,,2022-09-19 08:55:06.890,,175.3,95.5266,,,2022-09-19 08:55:12.542,2022-09-19 08:55:12.542,,,,,,UTC-0400,0YsTDK1a2W,,,,com.sec.android.app.shealth,,3f481714-c89f-48d8-a202-abe0752be836,,,
,,2022-09-20 10:45:10.956,,175.3,94.9823,,,2022-09-20 10:45:15.718,2022-09-20 10:45:15.718,,,,,,UTC-0400,0YsTDK1a2W,,,,com.sec.android.app.shealth,,12e2133a-a664-447e-af9a-2c736b1612e0,,,
,,2022-09-21 10:50:48.693,,175.3,95.5266,,,2022-09-21 10:50:52.312,2022-09-21 10:50:52.312,,,,,,UTC-0400,0YsTDK1a2W,,,,com.sec.android.app.shealth,,ac23aab6-5a5d-4e76-9f9b-d3958ab639d7,,,
,,2022-09-22 10:51:20.158,,175.3,96.0709,,,2022-09-22 10:51:24.240,2022-09-22 10:51:24.240,,,,,,UTC-0400,0YsTDK1a2W,,,,com.sec.android.app.shealth,,8a6567c6-451e-4ac8-aefd-4a3d989fa30f,,,
,,2022-09-23 12:52:02.576,,175.3,95.7534,,,2022-09-23 12:52:07.647,2022-09-23 12:52:07.647,,,,,,UTC-0400,0YsTDK1a2W,,,,com.sec.android.app.shealth,,3ee70614-382d-464c-8877-7d711590cd6a,,,
,,2022-09-25 16:20:11.762,,175.3,94.438,,,2022-09-25 16:20:17.047,2022-09-25 16:20:17.047,,,,,,UTC-0400,0YsTDK1a2W,,,,com.sec.android.app.shealth,,c428ac1f-9ba5-476f-a60b-3fc55c69d515,,,
,,2022-09-26 08:47:59.826,,175.3,94.8009,,,2022-09-26 08:48:03.846,2022-09-26 08:48:03.846,,,,,,UTC-0400,0YsTDK1a2W,,,,com.sec.android.app.shealth,,d8caf71a-d8de-4fd2-9927-88d514484803,,,
,,2022-09-27 10:47:41.431,,175.3,94.7101,,,2022-09-27 10:47:47.254,2022-09-27 10:47:47.254,,,,,,UTC-0400,0YsTDK1a2W,,,,com.sec.android.app.shealth,,a879346d-a230-4bfc-8b66-6ac4eb8e77a2,,,
31.268019,,2022-09-28 03:25:39.436,,175.26,95.20903,,,2022-09-28 03:25:39.444,2022-09-28 03:25:39.444,,35.386894,63.94101,,1751,UTC-0400,mlwC+Ir3ps,33.691517,,67.158554,com.sec.android.app.shealth,32.841442,c6368cd0-cf58-4503-9230-c927c64c22e6,,46.891445,
,,2022-09-28 10:51:09.607,,175.3,94.6194,,,2022-09-28 10:51:14.854,2022-09-28 10:51:14.854,,,,,,UTC-0400,0YsTDK1a2W,,,,com.sec.android.app.shealth,,b52a69ff-b8f3-4647-bc92-7473fcc18090,,,
,,2022-09-29 10:54:23.396,,175.3,94.7101,,,2022-09-29 10:54:27.480,2022-09-29 10:54:27.480,,,,,,UTC-0400,0YsTDK1a2W,,,,com.sec.android.app.shealth,,ecf50914-e035-496e-a845-3b9b9c3e9581,,,
,,2022-09-30 14:29:06.367,,175.3,95.2544,,,2022-09-30 14:29:12.248,2022-09-30 14:29:12.248,,,,,,UTC-0400,0YsTDK1a2W,,,,com.sec.android.app.shealth,,1da7945f-8352-4782-9f4c-60ec8693e26f,,,
,,2022-10-01 11:01:38.988,,175.3,95.708,,,2022-10-01 11:01:42.230,2022-10-01 11:01:42.230,,,,,,UTC-0400,0YsTDK1a2W,,,,com.sec.android.app.shealth,,e710a384-8514-4d40-903c-caed4d3ac7aa,,,
,,2022-10-02 12:43:17.482,,175.3,95.708,,,2022-10-02 12:43:19.156,2022-10-02 12:43:19.156,,,,,,UTC-0400,0YsTDK1a2W,,,,com.sec.android.app.shealth,,5ed01f6e-22c6-4b7e-9b9a-e1e640c036da,,,
,,2022-10-03 17:38:19.062,,175.3,94.3926,,,2022-10-03 17:38:24.050,2022-10-03 17:38:24.050,,,,,,UTC-0400,0YsTDK1a2W,,,,com.sec.android.app.shealth,,e75eed85-b5dd-4204-b1a7-7f139c06650e,,,
,,2022-10-04 10:52:09.903,,175.3,94.7101,,,2022-10-04 10:52:14.239,2022-10-04 10:52:14.239,,,,,,UTC-0400,0YsTDK1a2W,,,,com.sec.android.app.shealth,,a9332de7-93d3-437d-8eb7-0a7795d2bea8,,,
,,2022-10-05 10:46:43.230,,175.3,94.438,,,2022-10-05 10:46:47.842,2022-10-05 10:46:47.842,,,,,,UTC-0400,0YsTDK1a2W,,,,com.sec.android.app.shealth,,1222b776-5b57-4b8f-ba50-542103cabecf,,,
,,2022-10-06 10:53:05.271,,175.3,94.7101,,,2022-10-06 10:53:11.092,2022-10-06 10:53:11.092,,,,,,UTC-0400,0YsTDK1a2W,,,,com.sec.android.app.shealth,,788dcebf-fae2-47ad-bef4-4a81c190428c,,,
,,2022-10-07 10:53:57.507,,175.3,95.1637,,,2022-10-07 10:54:00.465,2022-10-07 10:54:00.465,,,,,,UTC-0400,0YsTDK1a2W,,,,com.sec.android.app.shealth,,08add396-e6a7-46d5-8cd4-4234425e9567,,,
,,2022-10-09 16:00:15.395,,175.3,94.0297,,,2022-10-09 16:00:21.131,2022-10-09 16:00:21.131,,,,,,UTC-0400,0YsTDK1a2W,,,,com.sec.android.app.shealth,,688fdef6-4122-484d-97e1-1c4f4703f857,,,
,,2022-10-10 12:54:49.274,,175.3,93.9844,,,2022-10-10 12:54:52.238,2022-10-10 12:54:52.238,,,,,,UTC-0400,0YsTDK1a2W,,,,com.sec.android.app.shealth,,49049d66-48ea-4abe-81ed-421735b6295b,,,
,,2022-10-10 17:11:03.500,,175.3,93.5308,,,2022-10-10 17:11:06.572,2022-10-10 17:11:06.572,,,,,,UTC-0400,0YsTDK1a2W,,,,com.sec.android.app.shealth,,adfae34e-93db-45fb-918c-2abff7d57813,,,
,,2022-10-11 10:52:54.980,,175.3,94.2565,,,2022-10-11 10:52:59.608,2022-10-11 10:52:59.608,,,,,,UTC-0400,0YsTDK1a2W,,,,com.sec.android.app.shealth,,cd1e1f4e-9cce-40db-a429-705a362b452c,,,
,,2022-10-12 10:54:07.997,,175.3,93.8937,,,2022-10-12 10:54:12.823,2022-10-12 10:54:12.823,,,,,,UTC-0400,0YsTDK1a2W,,,,com.sec.android.app.shealth,,cbfedbda-cf2a-472b-9e16-2c486e4a4d27,,,
,,2022-10-13 10:49:05.597,,175.3,92.805,,,2022-10-13 10:49:12.105,2022-10-13 10:49:12.105,,,,,,UTC-0400,0YsTDK1a2W,,,,com.sec.android.app.shealth,,e564d2e3-b7f1-4020-b860-f67af8f7db7b,,,
,,2022-10-14 10:41:37.252,,175.3,93.0772,,,2022-10-14 10:41:42.200,2022-10-14 10:41:42.200,,,,,,UTC-0400,0YsTDK1a2W,,,,com.sec.android.app.shealth,,77afc1cf-9306-4f27-aa5b-38c4fae7cfe9,,,
,,2022-10-15 15:27:53.847,,175.3,92.7597,,,2022-10-15 15:27:58.876,2022-10-15 15:27:58.876,,,,,,UTC-0400,0YsTDK1a2W,,,,com.sec.android.app.shealth,,d72d96ae-0b1c-497a-8add-bcbdbd58bc1b,,,
,,2022-10-16 16:02:25.808,,175.3,93.3494,,,2022-10-16 16:02:29.982,2022-10-16 16:02:29.982,,,,,,UTC-0400,0YsTDK1a2W,,,,com.sec.android.app.shealth,,fd7c566a-8ce1-43c0-85b5-6f87881961cf,,,
,,2022-10-24 14:18:12.353,,175.3,94.5287,,,2022-10-24 14:18:17.262,2022-10-24 14:18:17.262,,,,,,UTC-0400,0YsTDK1a2W,,,,com.sec.android.app.shealth,,d0362817-9317-477e-aef2-3d05b13d40f6,,,
30.743734,,2022-10-24 14:19:28.684,,175.26,94.52865,,,2022-10-24 14:19:28.692,2022-10-24 14:19:28.692,,35.57101,63.784912,,1747,UTC-0400,mlwC+Ir3ps,33.624798,,67.47681,com.sec.android.app.shealth,32.523193,99678947-ac1a-440c-bc50-d773417f2beb,,46.77844,
,,2022-10-25 10:55:09.530,,175.3,94.8916,,,2022-10-25 10:55:13.331,2022-10-25 10:55:13.331,,,,,,UTC-0400,0YsTDK1a2W,,,,com.sec.android.app.shealth,,330937e7-6c85-4797-bdaa-856449f66f11,,,
,,2022-10-26 10:44:40.726,,175.3,94.438,,,2022-10-26 10:44:43.055,2022-10-26 10:44:43.055,,,,,,UTC-0400,0YsTDK1a2W,,,,com.sec.android.app.shealth,,41d54b7e-b4dd-4a78-86f4-014ad957e52c,,,
,,2022-10-27 10:42:59.502,,175.3,93.1679,,,2022-10-27 10:43:37.062,2022-10-27 10:43:37.062,,,,,,UTC-0400,0YsTDK1a2W,,,,com.sec.android.app.shealth,,68bb8bd4-7a35-43e1-a4a0-4d23ccdda0d5,,,
,,2022-10-28 10:18:12.261,,175.3,91.7164,,,2022-10-28 10:18:18.360,2022-10-28 10:18:18.360,,,,,,UTC-0400,0YsTDK1a2W,,,,com.sec.android.app.shealth,,ab5e993e-233c-4d98-a51d-477f92c03354,,,
,,2022-10-29 15:44:46.158,,175.3,90.9907,,,2022-10-29 15:44:52.020,2022-10-29 15:44:52.020,,,,,,UTC-0400,0YsTDK1a2W,,,,com.sec.android.app.shealth,,4c51debf-fee1-4f9e-b7e4-b805d3b5c075,,,
,,2022-10-30 20:03:30.925,,175.3,91.4443,,,2022-10-30 20:03:34.230,2022-10-30 20:03:34.230,,,,,,UTC-0400,0YsTDK1a2W,,,,com.sec.android.app.shealth,,65e4b403-42d3-4eb6-b890-ec8a813b7b20,,,
,,2022-11-02 11:04:44.958,,175.3,90.8092,,,2022-11-02 11:04:49.944,2022-11-02 11:04:49.944,,,,,,UTC-0400,0YsTDK1a2W,,,,com.sec.android.app.shealth,,90065404-1f1a-48b6-a573-6d8d9c704ce8,,,
,,2022-11-03 12:17:27.716,,175.3,91.0814,,,2022-11-03 12:17:32.930,2022-11-03 12:17:32.930,,,,,,UTC-0400,0YsTDK1a2W,,,,com.sec.android.app.shealth,,62b8c2f9-395a-4b7a-aec1-8ccc7b49fec5,,,
,,2022-11-04 09:34:41.651,,175.3,91.8979,,,2022-11-04 09:34:46.369,2022-11-04 09:34:46.369,,,,,,UTC-0400,0YsTDK1a2W,,,,com.sec.android.app.shealth,,23b7a0db-c6b0-4ae4-99d3-4c9233bb9ed9,,,
,,2022-11-05 10:23:52.001,,175.3,91.4443,,,2022-11-05 10:23:55.720,2022-11-05 10:23:55.720,,,,,,UTC-0400,0YsTDK1a2W,,,,com.sec.android.app.shealth,,32293e14-4e60-4ed5-b3a2-7e58a9a50401,,,
,,2022-11-06 15:27:08.543,,175.3,91.0814,,,2022-11-06 15:27:12.851,2022-11-06 15:27:12.851,,,,,,UTC-0500,0YsTDK1a2W,,,,com.sec.android.app.shealth,,59b0a5a6-30d5-4905-b027-59c496c0e021,,,
,,2022-11-07 13:08:06.734,,175.3,90.2649,,,2022-11-07 13:08:10.836,2022-11-07 13:08:10.836,,,,,,UTC-0500,0YsTDK1a2W,,,,com.sec.android.app.shealth,,a89fbed4-8d1e-44f7-9cc1-7657175b509b,,,
,,2022-11-09 17:22:52.130,,175.3,90.6278,,,2022-11-09 17:22:55.446,2022-11-09 17:22:55.446,,,,,,UTC-0500,0YsTDK1a2W,,,,com.sec.android.app.shealth,,dc4e014e-c258-4d6a-a552-9d676133e287,,,
,,2022-11-10 12:49:11.987,,175.3,91.8525,,,2022-11-10 12:49:18.305,2022-11-10 12:49:18.305,,,,,,UTC-0500,0YsTDK1a2W,,,,com.sec.android.app.shealth,,03ae6d92-8fc4-4b3e-8b73-29c8d165d6a0,,,
,,2022-11-11 13:09:42.851,,175.3,90.5371,,,2022-11-11 13:09:47.495,2022-11-11 13:09:47.495,,,,,,UTC-0500,0YsTDK1a2W,,,,com.sec.android.app.shealth,,09c48e38-cf53-46f5-a718-e4542848a8ef,,,
,,2022-11-12 18:11:16.730,,175.3,90.9907,,,2022-11-12 18:11:20.555,2022-11-12 18:11:20.555,,,,,,UTC-0500,0YsTDK1a2W,,,,com.sec.android.app.shealth,,d3b5896e-55a6-4a65-a732-ae36420e832b,,,
30.29583,,2022-11-12 18:12:52.453,,175.26,90.99063,,,2022-11-12 18:12:52.464,2022-11-12 18:12:52.464,,34.891697,60.6948,,1681,UTC-0500,mlwC+Ir3ps,31.748177,,66.70445,com.sec.android.app.shealth,33.295547,98904243-a8cc-48dc-a879-fb47f687decd,,44.49868,
,,2022-11-13 17:22:50.869,,175.3,91.3989,,,2022-11-13 17:22:54.151,2022-11-13 17:22:54.151,,,,,,UTC-0500,0YsTDK1a2W,,,,com.sec.android.app.shealth,,5c66f5f5-d4ee-4a17-902d-414230be912c,,,
,,2022-11-14 14:57:30.319,,175.3,91.2628,,,2022-11-14 14:57:34.013,2022-11-14 14:57:34.013,,,,,,UTC-0500,0YsTDK1a2W,,,,com.sec.android.app.shealth,,1e2d9080-7a6e-45fa-8431-9be55db07f81,,,
,,2022-11-15 10:10:41.514,,175.3,91.2628,,,2022-11-15 10:10:43.307,2022-11-15 10:10:43.307,,,,,,UTC-0500,0YsTDK1a2W,,,,com.sec.android.app.shealth,,ae9912c7-d74c-4f14-9330-43c9637b5697,,,
,,2022-11-16 13:10:10.094,,175.3,89.3577,,,2022-11-16 13:10:14.905,2022-11-16 13:10:14.905,,,,,,UTC-0500,0YsTDK1a2W,,,,com.sec.android.app.shealth,,ec9d6dc4-69a5-41d6-9c94-714bfe5db4d0,,,
,,2022-11-17 11:47:21.204,,175.3,89.6299,,,2022-11-17 11:47:27.092,2022-11-17 11:47:27.092,,,,,,UTC-0500,0YsTDK1a2W,,,,com.sec.android.app.shealth,,960160bf-654c-41c3-8e88-1479749b3acb,,,
,,2022-11-18 11:41:11.362,,175.3,89.6299,,,2022-11-18 11:41:13.280,2022-11-18 11:41:13.280,,,,,,UTC-0500,0YsTDK1a2W,,,,com.sec.android.app.shealth,,829197ed-8ffc-42e0-abd9-ef3989699c10,,,
,,2022-11-19 14:36:23.405,,175.3,90.7639,,,2022-11-19 14:36:30.176,2022-11-19 14:36:30.176,,,,,,UTC-0500,0YsTDK1a2W,,,,com.sec.android.app.shealth,,67789ebe-e9c0-405a-a340-03775de57ba8,,,
,,2022-11-20 16:18:41.470,,175.3,90.9907,,,2022-11-20 16:18:45.910,2022-11-20 16:18:45.910,,,,,,UTC-0500,0YsTDK1a2W,,,,com.sec.android.app.shealth,,7c6da8aa-3502-4b47-819d-660064b0dba4,,,
,,2022-11-20 21:26:13.842,,175.3,89.267,,,2022-11-20 21:26:20.221,2022-11-20 21:26:20.221,,,,,,UTC-0500,0YsTDK1a2W,,,,com.sec.android.app.shealth,,a38f068d-a4c5-4d8c-bdc0-26e2607b44e5,,,
,,2022-11-21 09:48:02.271,,175.3,90.3103,,,2022-11-21 09:48:07.837,2022-11-21 09:48:07.837,,,,,,UTC-0500,0YsTDK1a2W,,,,com.sec.android.app.shealth,,c566d7ee-69e9-4faa-9838-015781d2f254,,,
,,2022-11-22 11:29:39.889,,175.3,91.3535,,,2022-11-22 11:29:44.486,2022-11-22 11:29:44.486,,,,,,UTC-0500,0YsTDK1a2W,,,,com.sec.android.app.shealth,,279bb0b5-fec3-456f-b6d1-131e5419f763,,,
,,2022-11-24 18:43:45.036,,175.3,90.6278,,,2022-11-24 18:43:51.303,2022-11-24 18:43:51.303,,,,,,UTC-0500,0YsTDK1a2W,,,,com.sec.android.app.shealth,,208404b2-ff42-4c1d-839a-86c6ecebf10a,,,
,,2022-11-25 17:26:56.433,,175.3,90.6278,,,2022-11-25 17:27:01.152,2022-11-25 17:27:01.152,,,,,,UTC-0500,0YsTDK1a2W,,,,com.sec.android.app.shealth,,3cf0cf61-fd65-421e-84e5-9e8e60733f66,,,
,,2022-11-26 15:08:15.675,,175.3,90.3103,,,2022-11-26 15:08:19.905,2022-11-26 15:08:19.905,,,,,,UTC-0500,0YsTDK1a2W,,,,com.sec.android.app.shealth,,4b24ddd4-12fa-4a70-8f53-a70a913f8e28,,,
,,2022-11-26 15:17:23.706,,175.3,90.2196,,,2022-11-26 15:17:27.945,2022-11-26 15:17:27.945,,,,,,UTC-0500,0YsTDK1a2W,,,,com.sec.android.app.shealth,,dc65b914-c58a-4303-aac6-71ec7291d1b9,,,
,,2022-11-26 19:05:23.235,,175.3,89.5392,,,2022-11-26 19:05:28.198,2022-11-26 19:05:28.198,,,,,,UTC-0500,0YsTDK1a2W,,,,com.sec.android.app.shealth,,0a0a9a56-3d55-4823-b3b6-01c97e4b6e0b,,,
,,2022-11-27 16:51:46.772,,175.3,90.1288,,,2022-11-27 16:51:52.198,2022-11-27 16:51:52.198,,,,,,UTC-0500,0YsTDK1a2W,,,,com.sec.android.app.shealth,,1e88ad65-9190-4a42-9794-c774f183fa13,,,
,,2022-12-06 19:00:59.334,,175.3,89.4938,,,2022-12-06 19:01:03.999,2022-12-06 19:01:03.999,,,,,,UTC-0500,0YsTDK1a2W,,,,com.sec.android.app.shealth,,fd48d77b-7e17-4e23-a4af-ced0e6008b46,,,
,,2022-12-07 11:55:19.049,,175.3,90.2649,,,2022-12-07 11:55:24.684,2022-12-07 11:55:24.684,,,,,,UTC-0500,0YsTDK1a2W,,,,com.sec.android.app.shealth,,44692979-db57-4d95-bc5a-ddc2380506cf,,,
,,2022-12-08 11:41:30.003,,175.3,90.2649,,,2022-12-08 11:41:31.640,2022-12-08 11:41:31.640,,,,,,UTC-0500,0YsTDK1a2W,,,,com.sec.android.app.shealth,,8b4585c1-1df2-4219-aef2-aca21b615803,,,
,,2022-12-09 11:47:53.429,,175.3,88.9042,,,2022-12-09 11:47:58.677,2022-12-09 11:47:58.677,,,,,,UTC-0500,0YsTDK1a2W,,,,com.sec.android.app.shealth,,bf4affbf-6e04-4ce9-8183-440fc423948a,,,
,,2022-12-10 14:07:07.817,,175.3,89.7206,,,2022-12-10 14:07:11.686,2022-12-10 14:07:11.686,,,,,,UTC-0500,0YsTDK1a2W,,,,com.sec.android.app.shealth,,934f44d9-2fd2-437e-bbfa-f2784533b2f4,,,
,,2022-12-12 13:57:54.515,,175.3,89.8567,,,2022-12-12 13:57:59.790,2022-12-12 13:57:59.790,,,,,,UTC-0500,0YsTDK1a2W,,,,com.sec.android.app.shealth,,68e8c37a-13fd-421e-997d-68b67a1d2968,,,
,,2022-12-14 11:32:17.854,,175.3,88.9042,,,2022-12-14 11:32:24.499,2022-12-14 11:32:24.499,,,,,,UTC-0500,0YsTDK1a2W,,,,com.sec.android.app.shealth,,bf5d5fc5-475a-481d-baad-ba58c96ff3d6,,,
,,2022-12-14 11:32:26.056,,175.3,88.9042,,,2022-12-14 11:32:30.391,2022-12-14 11:32:30.391,,,,,,UTC-0500,0YsTDK1a2W,,,,com.sec.android.app.shealth,,3f0147a3-b99c-4a36-a1d8-456b8387c280,,,
,,2022-12-15 11:18:45.566,,175.3,88.4506,,,2022-12-15 11:18:49.220,2022-12-15 11:18:49.220,,,,,,UTC-0500,0YsTDK1a2W,,,,com.sec.android.app.shealth,,43b8e46e-3b6a-4f33-b67b-4c6383c48e37,,,
,,2022-12-16 11:44:11.008,,175.3,88.632,,,2022-12-16 11:44:14.856,2022-12-16 11:44:14.856,,,,,,UTC-0500,0YsTDK1a2W,,,,com.sec.android.app.shealth,,9a192b31-de73-472a-b607-5392ba9f59ca,,,
,,2022-12-17 18:01:02.658,,175.3,88.0877,,,2022-12-17 18:01:06.460,2022-12-17 18:01:06.460,,,,,,UTC-0500,0YsTDK1a2W,,,,com.sec.android.app.shealth,,e92f0914-ad47-4420-8bf6-5f60c3c8086a,,,
,,2022-12-18 15:18:58.412,,175.3,88.0877,,,2022-12-18 15:19:01.160,2022-12-18 15:19:01.160,,,,,,UTC-0500,0YsTDK1a2W,,,,com.sec.android.app.shealth,,08f8f257-2aae-4731-839c-5648cf4fdc35,,,
,,2022-12-19 09:18:55.626,,175.3,87.997,,,2022-12-19 09:18:58.734,2022-12-19 09:18:58.734,,,,,,UTC-0500,0YsTDK1a2W,,,,com.sec.android.app.shealth,,f2c8cfda-81fb-4996-ba1e-e0e1a08b9944,,,
,,2022-12-20 11:49:11.560,,175.3,87.5434,,,2022-12-20 11:49:19.430,2022-12-20 11:49:19.430,,,,,,UTC-0500,0YsTDK1a2W,,,,com.sec.android.app.shealth,,537e5aa4-ec1d-47a8-8e25-fe103f479180,,,
,,2022-12-21 17:35:24.655,,175.3,87.2712,,,2022-12-21 17:35:31.381,2022-12-21 17:35:31.381,,,,,,UTC-0500,0YsTDK1a2W,,,,com.sec.android.app.shealth,,e2bbf9bf-6621-4845-a2c6-5039284b40f9,,,
,,2022-12-21 20:20:58.836,,175.3,86.9537,,,2022-12-21 20:21:16.879,2022-12-21 20:21:16.879,,,,,,UTC-0500,0YsTDK1a2W,,,,com.sec.android.app.shealth,,8ccb8881-aa92-4803-8647-d96b0fe07895,,,
27.957348,,2022-12-21 20:26:35.376,,175.26,86.95365,,,2022-12-21 20:26:35.383,2022-12-21 20:26:35.383,,35.46003,58.996304,,1644,UTC-0500,mlwC+Ir3ps,30.833792,,67.84799,com.sec.android.app.shealth,32.15201,1fbb9cb4-81a4-475a-bc9f-a644c7af73dd,,43.254578,
,,2022-12-22 14:53:45.301,,175.3,87.8609,,,2022-12-22 14:53:48.905,2022-12-22 14:53:48.905,,,,,,UTC-0500,0YsTDK1a2W,,,,com.sec.android.app.shealth,,48c0c709-a95c-47d5-b6b0-dca87e255000,,,
,,2022-12-22 17:28:31.580,,175.3,87.4527,,,2022-12-22 17:28:34.695,2022-12-22 17:28:34.695,,,,,,UTC-0500,0YsTDK1a2W,,,,com.sec.android.app.shealth,,7b6164be-d6fd-4046-9278-df3fc56aceb1,,,
,,2022-12-23 16:04:41.110,,175.3,86.9537,,,2022-12-23 16:04:44.226,2022-12-23 16:04:44.226,,,,,,UTC-0500,0YsTDK1a2W,,,,com.sec.android.app.shealth,,647df029-db10-4951-b8da-407fd3955f1d,,,
,,2022-12-25 19:07:25.035,,175.3,86.8176,,,2022-12-25 19:07:27.998,2022-12-25 19:07:27.998,,,,,,UTC-0500,0YsTDK1a2W,,,,com.sec.android.app.shealth,,91ecf65e-4cbe-4831-8d04-866f7646ce72,,,
,,2022-12-26 19:13:13.321,,175.3,87.498,,,2022-12-26 19:13:17.842,2022-12-26 19:13:17.842,,,,,,UTC-0500,0YsTDK1a2W,,,,com.sec.android.app.shealth,,08584cd3-b8b5-475b-b1cd-6be4c84edf0f,,,
,,2022-12-27 16:41:51.439,,175.3,87.498,,,2022-12-27 16:41:53.120,2022-12-27 16:41:53.120,,,,,,UTC-0500,0YsTDK1a2W,,,,com.sec.android.app.shealth,,b786418b-8a3b-4de9-acd0-99bae1a2ebc4,,,
,,2022-12-29 18:14:03.964,,175.3,86.8176,,,2022-12-29 18:14:09.510,2022-12-29 18:14:09.510,,,,,,UTC-0500,0YsTDK1a2W,,,,com.sec.android.app.shealth,,1527c52e-9575-4eb0-b83c-2a3577f5d0c2,,,
,,2022-12-30 17:14:53.081,,175.3,86.6815,,,2022-12-30 17:14:56.521,2022-12-30 17:14:56.521,,,,,,UTC-0500,0YsTDK1a2W,,,,com.sec.android.app.shealth,,2c949545-4f7c-4f7b-bdcd-8422159ff48c,,,
,,2022-12-30 17:17:48.970,,175.3,86.5908,,,2022-12-30 17:17:53.448,2022-12-30 17:17:53.448,,,,,,UTC-0500,0YsTDK1a2W,,,,com.sec.android.app.shealth,,e3af9a6f-3413-4339-a936-cb809cb4197a,,,
,,2022-12-31 17:25:40.835,,175.3,86.5001,,,2022-12-31 17:25:44.109,2022-12-31 17:25:44.109,,,,,,UTC-0500,0YsTDK1a2W,,,,com.sec.android.app.shealth,,b6c5567f-e33d-46ee-9e9e-8afe6ae45ce1,,,
,,2023-01-01 19:32:16.058,,175.3,86.5001,,,2023-01-01 19:32:17.835,2023-01-01 19:32:17.835,,,,,,UTC-0500,0YsTDK1a2W,,,,com.sec.android.app.shealth,,fde04bbc-4766-4654-aeaa-03db3757f9cb,,,
,,2023-01-02 18:04:32.174,,175.3,86.5908,,,2023-01-02 18:04:34.930,2023-01-02 18:04:34.930,,,,,,UTC-0500,0YsTDK1a2W,,,,com.sec.android.app.shealth,,f7995a9c-c7c7-4f13-8218-9fffa9616ebd,,,
,,2023-01-03 12:55:35.110,,175.3,86.5455,,,2023-01-03 12:55:37.177,2023-01-03 12:55:37.177,,,,,,UTC-0500,0YsTDK1a2W,,,,com.sec.android.app.shealth,,67f4fd19-e0ba-47d5-8c2a-48dccd2c30dc,,,
,,2023-01-04 09:45:50.663,,175.3,87.1805,,,2023-01-04 09:45:57.715,2023-01-04 09:45:57.715,,,,,,UTC-0500,0YsTDK1a2W,,,,com.sec.android.app.shealth,,eab0b8ef-f7b5-4124-a2f9-41eff1ed3ba3,,,
,,2023-01-05 11:24:14.366,,175.3,87.3619,,,2023-01-05 11:24:17.769,2023-01-05 11:24:17.769,,,,,,UTC-0500,0YsTDK1a2W,,,,com.sec.android.app.shealth,,a42f51a6-ba96-447d-8ac7-d11c014a35a6,,,
,,2023-01-06 12:02:21.864,,175.3,87.4527,,,2023-01-06 12:02:25.701,2023-01-06 12:02:25.701,,,,,,UTC-0500,0YsTDK1a2W,,,,com.sec.android.app.shealth,,cc4cfc47-d2e3-4ce0-b2d5-c773a776765f,,,
,,2023-01-07 16:13:51.346,,175.3,87.8609,,,2023-01-07 16:13:54.550,2023-01-07 16:13:54.550,,,,,,UTC-0500,0YsTDK1a2W,,,,com.sec.android.app.shealth,,c3b94f7e-f574-4e28-8a11-c6185678da40,,,
,,2023-01-09 17:27:45.214,,175.3,86.4548,,,2023-01-09 17:27:49.280,2023-01-09 17:27:49.280,,,,,,UTC-0500,0YsTDK1a2W,,,,com.sec.android.app.shealth,,9f804784-f70a-4b80-bd94-6dcc7483ee86,,,
,,2023-01-10 09:36:26.260,,175.3,86.9537,,,2023-01-10 09:36:29.453,2023-01-10 09:36:29.453,,,,,,UTC-0500,0YsTDK1a2W,,,,com.sec.android.app.shealth,,ba30b0bf-7208-4cf7-8bf5-6abd04f4fa40,,,
,,2023-01-11 11:50:03.272,,175.3,86.9991,,,2023-01-11 11:50:06.269,2023-01-11 11:50:06.269,,,,,,UTC-0500,0YsTDK1a2W,,,,com.sec.android.app.shealth,,1f49023f-684e-45c9-98d2-82cf729b11b2,,,
,,2023-01-12 11:51:49.513,,175.3,85.8197,,,2023-01-12 11:51:57.936,2023-01-12 11:51:57.936,,,,,,UTC-0500,0YsTDK1a2W,,,,com.sec.android.app.shealth,,fb11f882-0763-4e5e-b40b-3ea13f355a09,,,
,,2023-01-13 12:04:06.975,,175.3,85.8197,,,2023-01-13 12:04:09.131,2023-01-13 12:04:09.131,,,,,,UTC-0500,0YsTDK1a2W,,,,com.sec.android.app.shealth,,e8212e3c-fbec-4975-b466-1c9441d2f8e4,,,
,,2023-01-14 17:11:32.369,,175.3,86.6362,,,2023-01-14 17:11:36.593,2023-01-14 17:11:36.593,,,,,,UTC-0500,0YsTDK1a2W,,,,com.sec.android.app.shealth,,9dcaeb41-11a9-4fde-b341-f9168b529a4a,,,
,,2023-01-16 13:05:11.108,,175.3,87.3619,,,2023-01-16 13:05:16.354,2023-01-16 13:05:16.354,,,,,,UTC-0500,0YsTDK1a2W,,,,com.sec.android.app.shealth,,2373ce79-9dcc-4f40-be09-3b3674e4e822,,,
,,2023-01-17 09:49:34.451,,175.3,87.5887,,,2023-01-17 09:49:40.179,2023-01-17 09:49:40.179,,,,,,UTC-0500,0YsTDK1a2W,,,,com.sec.android.app.shealth,,110b16c2-c636-4a7d-9670-b8eb30c8315e,,,
,,2023-01-18 11:48:19.851,,175.3,86.6362,,,2023-01-18 11:48:23.877,2023-01-18 11:48:23.877,,,,,,UTC-0500,0YsTDK1a2W,,,,com.sec.android.app.shealth,,d851d125-7034-4100-8654-cb4a51bc6b7c,,,
,,2023-01-19 11:54:26.141,,175.3,87.0898,,,2023-01-19 11:54:29.201,2023-01-19 11:54:29.201,,,,,,UTC-0500,0YsTDK1a2W,,,,com.sec.android.app.shealth,,e237b9d8-4666-43fa-9353-bdf4785a376e,,,
,,2023-01-20 11:56:29.573,,175.3,87.7248,,,2023-01-20 11:56:34.145,2023-01-20 11:56:34.145,,,,,,UTC-0500,0YsTDK1a2W,,,,com.sec.android.app.shealth,,1976ac4e-0df1-4557-bc09-c74ae8a4c899,,,
,,2023-01-21 18:41:48.504,,175.3,87.3166,,,2023-01-21 18:41:51.849,2023-01-21 18:41:51.849,,,,,,UTC-0500,0YsTDK1a2W,,,,com.sec.android.app.shealth,,1e980b1d-00f5-4d8f-8f4a-61cf9a1a7089,,,
,,2023-01-22 18:17:30.773,,175.3,87.8155,,,2023-01-22 18:17:33.772,2023-01-22 18:17:33.772,,,,,,UTC-0500,0YsTDK1a2W,,,,com.sec.android.app.shealth,,14f0a364-a71d-46e2-a3f6-21153d9a4a5d,,,
,,2023-01-23 15:48:45.193,,175.3,87.6341,,,2023-01-23 15:48:49.355,2023-01-23 15:48:49.355,,,,,,UTC-0500,0YsTDK1a2W,,,,com.sec.android.app.shealth,,2df7510f-6662-48e4-a90d-fbeba45f1f0f,,,
,,2023-01-24 09:48:35.553,,175.3,86.9991,,,2023-01-24 09:48:42.260,2023-01-24 09:48:42.260,,,,,,UTC-0500,0YsTDK1a2W,,,,com.sec.android.app.shealth,,0033b3d4-a7fe-4d1b-9432-6d151a0b42be,,,
,,2023-01-25 11:58:23.794,,175.3,86.9083,,,2023-01-25 11:58:26.966,2023-01-25 11:58:26.966,,,,,,UTC-0500,0YsTDK1a2W,,,,com.sec.android.app.shealth,,66244b6b-0afe-4084-b0ee-3bc9c09c77e2,,,
,,2023-01-26 11:53:30.678,,175.3,86.6362,,,2023-01-26 11:53:34.998,2023-01-26 11:53:34.998,,,,,,UTC-0500,0YsTDK1a2W,,,,com.sec.android.app.shealth,,6f77f55a-055a-4b26-bb44-e8ccf64ea535,,,
,,2023-01-27 11:54:00.034,,175.3,86.5455,,,2023-01-27 11:54:05.892,2023-01-27 11:54:05.892,,,,,,UTC-0500,0YsTDK1a2W,,,,com.sec.android.app.shealth,,059a05a6-8e96-466b-ba29-d9f3c27820ad,,,
,,2023-01-28 21:09:24.068,,175.3,87.1805,,,2023-01-28 21:09:28.489,2023-01-28 21:09:28.489,,,,,,UTC-0500,0YsTDK1a2W,,,,com.sec.android.app.shealth,,9bf73902-3e35-4bf9-948a-4945d019622b,,,
,,2023-01-29 20:04:15.590,,175.3,87.4073,,,2023-01-29 20:04:20.274,2023-01-29 20:04:20.274,,,,,,UTC-0500,0YsTDK1a2W,,,,com.sec.android.app.shealth,,7e9a4835-59da-484a-af89-4191298f2fe6,,,
,,2023-01-31 09:50:26.744,,175.3,87.9516,,,2023-01-31 09:50:30.880,2023-01-31 09:50:30.880,,,,,,UTC-0500,0YsTDK1a2W,,,,com.sec.android.app.shealth,,410d1ce6-210e-4200-bc76-b727fee50cbf,,,
,,2023-02-01 11:39:38.645,,175.3,87.5434,,,2023-02-01 11:39:42.722,2023-02-01 11:39:42.722,,,,,,UTC-0500,0YsTDK1a2W,,,,com.sec.android.app.shealth,,33ae2964-f285-40f8-aef9-5a1116377827,,,
,,2023-02-02 11:53:02.345,,175.3,88.5413,,,2023-02-02 11:53:06.747,2023-02-02 11:53:06.747,,,,,,UTC-0500,0YsTDK1a2W,,,,com.sec.android.app.shealth,,82b2b8d5-6305-43d0-8287-df6ccb1de06e,,,
,,2023-02-03 11:52:34.267,,175.3,88.632,,,2023-02-03 11:52:37.568,2023-02-03 11:52:37.568,,,,,,UTC-0500,0YsTDK1a2W,,,,com.sec.android.app.shealth,,24cc0531-6f31-4c7d-94c4-968994b1b2b4,,,
,,2023-02-04 19:04:41.988,,175.3,88.3145,,,2023-02-04 19:04:45.982,2023-02-04 19:04:45.982,,,,,,UTC-0500,0YsTDK1a2W,,,,com.sec.android.app.shealth,,e2f0744d-0d1c-4bf4-9b14-10cbf8d5dd1f,,,
,,2023-02-05 17:08:25.695,,175.3,88.3598,,,2023-02-05 17:08:28.424,2023-02-05 17:08:28.424,,,,,,UTC-0500,0YsTDK1a2W,,,,com.sec.android.app.shealth,,805c9412-ddc4-4327-adba-8b8a001c6647,,,
,,2023-02-06 16:21:43.530,,175.3,87.997,,,2023-02-06 16:21:49.879,2023-02-06 16:21:49.879,,,,,,UTC-0500,0YsTDK1a2W,,,,com.sec.android.app.shealth,,9c4677e1-0bdc-48b9-91fa-9b5cbcf681b6,,,
,,2023-02-07 10:06:36.334,,175.3,88.9495,,,2023-02-07 10:06:40.446,2023-02-07 10:06:40.446,,,,,,UTC-0500,0YsTDK1a2W,,,,com.sec.android.app.shealth,,4b7bbacc-f43a-4a44-9bdd-96ba45e5402d,,,
,,2023-02-08 11:51:56.054,,175.3,87.997,,,2023-02-08 11:52:00.745,2023-02-08 11:52:00.745,,,,,,UTC-0500,0YsTDK1a2W,,,,com.sec.android.app.shealth,,6175d9bd-d65a-4a4c-bc5f-d1a2a67938e8,,,
,,2023-02-09 11:33:58.710,,175.3,88.1784,,,2023-02-09 11:34:03.017,2023-02-09 11:34:03.017,,,,,,UTC-0500,0YsTDK1a2W,,,,com.sec.android.app.shealth,,068ffde9-5654-41f7-a2ba-0d4d1dd7536e,,,
,,2023-02-10 11:38:02.568,,175.3,88.632,,,2023-02-10 11:38:04.840,2023-02-10 11:38:04.840,,,,,,UTC-0500,0YsTDK1a2W,,,,com.sec.android.app.shealth,,556850ce-fd7f-4f22-bfcb-2624b12419a7,,,
,,2023-02-11 15:24:35.974,,175.3,88.9495,,,2023-02-11 15:24:40.143,2023-02-11 15:24:40.143,,,,,,UTC-0500,0YsTDK1a2W,,,,com.sec.android.app.shealth,,d276f3e2-1811-45f5-bd33-ed6cea93e4d3,,,
,,2023-02-12 16:31:30.046,,175.3,88.8588,,,2023-02-12 16:31:34.328,2023-02-12 16:31:34.328,,,,,,UTC-0500,0YsTDK1a2W,,,,com.sec.android.app.shealth,,c659fa81-7c67-4915-a902-2f9f8aa1702a,,,
,,2023-02-13 13:02:17.610,,175.3,88.0877,,,2023-02-13 13:02:24.420,2023-02-13 13:02:24.420,,,,,,UTC-0500,0YsTDK1a2W,,,,com.sec.android.app.shealth,,8714d89c-85bc-477b-b932-5d64c2641a61,,,
,,2023-02-14 09:35:17.089,,175.3,88.8588,,,2023-02-14 09:35:25.371,2023-02-14 09:35:25.371,,,,,,UTC-0500,0YsTDK1a2W,,,,com.sec.android.app.shealth,,f54900cb-6edf-4f45-80c3-3a202c0e0021,,,
,,2023-02-15 11:40:10.539,,175.3,88.4506,,,2023-02-15 11:40:13.552,2023-02-15 11:40:13.552,,,,,,UTC-0500,0YsTDK1a2W,,,,com.sec.android.app.shealth,,442c19b8-b45b-466c-9cf3-e85998f08fe8,,,
,,2023-02-16 12:00:12.446,,175.3,88.5413,,,2023-02-16 12:00:17.234,2023-02-16 12:00:17.234,,,,,,UTC-0500,0YsTDK1a2W,,,,com.sec.android.app.shealth,,598edd51-8fca-4199-97a5-71a9b43619bb,,,
,,2023-02-17 12:05:09.051,,175.3,88.4506,,,2023-02-17 12:05:11.489,2023-02-17 12:05:11.489,,,,,,UTC-0500,0YsTDK1a2W,,,,com.sec.android.app.shealth,,bb15c8f7-deb5-4297-aaf7-32b0236f79fb,,,
,,2023-02-18 15:11:57.284,,175.3,88.9042,,,2023-02-18 15:12:01.281,2023-02-18 15:12:01.281,,,,,,UTC-0500,0YsTDK1a2W,,,,com.sec.android.app.shealth,,4fd0c024-0fe8-4b2a-b342-9a6a98442afd,,,
,,2023-02-20 13:36:11.838,,175.3,90.1288,,,2023-02-20 13:36:17.402,2023-02-20 13:36:17.402,,,,,,UTC-0500,0YsTDK1a2W,,,,com.sec.android.app.shealth,,4be90618-3837-4569-8f89-1076a35390a4,,,
,,2023-02-20 16:47:32.703,,175.3,89.9474,,,2023-02-20 16:47:36.944,2023-02-20 16:47:36.944,,,,,,UTC-0500,0YsTDK1a2W,,,,com.sec.android.app.shealth,,f9c6fae5-635e-492f-b22a-cdd9db0fc1da,,,
,,2023-02-21 12:53:55.732,,175.3,89.0402,,,2023-02-21 12:53:59.651,2023-02-21 12:53:59.651,,,,,,UTC-0500,0YsTDK1a2W,,,,com.sec.android.app.shealth,,9f918709-3d08-4899-bd6a-3c71bf569295,,,
,,2023-02-22 09:40:53.719,,175.3,89.8113,,,2023-02-22 09:40:58.185,2023-02-22 09:40:58.185,,,,,,UTC-0500,0YsTDK1a2W,,,,com.sec.android.app.shealth,,0f7baa8d-f8ec-4541-bd56-3a693c002075,,,
,,2023-02-23 11:44:57.430,,175.3,89.9021,,,2023-02-23 11:45:01.338,2023-02-23 11:45:01.338,,,,,,UTC-0500,0YsTDK1a2W,,,,com.sec.android.app.shealth,,9398f7a1-ba4c-49de-9b28-029372eb3ade,,,
,,2023-02-24 10:52:06.696,,175.3,89.3577,,,2023-02-24 10:52:10.565,2023-02-24 10:52:10.565,,,,,,UTC-0500,0YsTDK1a2W,,,,com.sec.android.app.shealth,,4b4bfab2-4943-4931-a00a-4179ae3d1f6b,,,
,,2023-02-25 15:23:51.134,,175.3,88.9495,,,2023-02-25 15:23:54.075,2023-02-25 15:23:54.075,,,,,,UTC-0500,0YsTDK1a2W,,,,com.sec.android.app.shealth,,9dc27eaf-3719-469e-8c50-00b4d33a249b,,,
,,2023-02-26 18:07:03.121,,175.3,87.9516,,,2023-02-26 18:07:08.019,2023-02-26 18:07:08.019,,,,,,UTC-0500,0YsTDK1a2W,,,,com.sec.android.app.shealth,,b45addb0-4e63-470d-9618-2052d3dd8589,,,
,,2023-02-27 13:19:30.402,,175.3,89.1309,,,2023-02-27 13:19:35.626,2023-02-27 13:19:35.626,,,,,,UTC-0500,0YsTDK1a2W,,,,com.sec.android.app.shealth,,68d2dc25-862f-4b92-9fa2-513589c71de2,,,
,,2023-02-28 13:34:52.990,,175.3,88.9949,,,2023-02-28 13:34:55.636,2023-02-28 13:34:55.636,,,,,,UTC-0500,0YsTDK1a2W,,,,com.sec.android.app.shealth,,63b7a719-a95f-4339-b0dc-e2556a15468e,,,
,,2023-03-01 09:48:37.079,,175.3,89.3124,,,2023-03-01 09:48:40.914,2023-03-01 09:48:40.914,,,,,,UTC-0500,0YsTDK1a2W,,,,com.sec.android.app.shealth,,8eed0fe3-e3cc-48ac-917f-2ce0e880c0b1,,,
,,2023-03-02 12:04:55.285,,175.3,89.6299,,,2023-03-02 12:04:58.714,2023-03-02 12:04:58.714,,,,,,UTC-0500,0YsTDK1a2W,,,,com.sec.android.app.shealth,,3d219e30-8b88-4bb7-bc7f-625ab2bfa128,,,
,,2023-03-03 11:52:02.057,,175.3,90.3556,,,2023-03-03 11:52:07.001,2023-03-03 11:52:07.001,,,,,,UTC-0500,0YsTDK1a2W,,,,com.sec.android.app.shealth,,21040448-b793-4c71-8795-207d9cf2a0bd,,,
,,2023-03-04 17:09:27.278,,175.3,90.1288,,,2023-03-04 17:09:32.939,2023-03-04 17:09:32.939,,,,,,UTC-0500,0YsTDK1a2W,,,,com.sec.android.app.shealth,,645d9c79-12b8-499a-b4e2-e95ca6bbf81e,,,
,,2023-03-05 15:44:12.386,,175.3,89.7206,,,2023-03-05 15:44:15.909,2023-03-05 15:44:15.909,,,,,,UTC-0500,0YsTDK1a2W,,,,com.sec.android.app.shealth,,f1d85604-d1bb-4415-b65b-f6345aace641,,,
,,2023-03-06 11:12:26.636,,175.3,89.8113,,,2023-03-06 11:12:33.769,2023-03-06 11:12:33.769,,,,,,UTC-0500,0YsTDK1a2W,,,,com.sec.android.app.shealth,,b6705dc2-2090-411b-a6a3-36f409c64263,,,
,,2023-03-06 13:54:27.156,,175.3,88.8588,,,2023-03-06 13:54:31.258,2023-03-06 13:54:31.258,,,,,,UTC-0500,0YsTDK1a2W,,,,com.sec.android.app.shealth,,c5d19689-24ba-4fe8-92f1-62a8c808768d,,,
,,2023-03-07 15:51:10.818,,175.3,88.3145,,,2023-03-07 15:51:14.745,2023-03-07 15:51:14.745,,,,,,UTC-0500,0YsTDK1a2W,,,,com.sec.android.app.shealth,,69c4795f-5106-406f-907d-4f6852c7ac00,,,
,,2023-03-08 17:44:20.295,,175.3,88.6774,,,2023-03-08 17:44:25.017,2023-03-08 17:44:25.017,,,,,,UTC-0500,0YsTDK1a2W,,,,com.sec.android.app.shealth,,42c5ed32-4c18-4dda-a1e3-6eef704dc2fb,,,
,,2023-03-09 15:21:02.786,,175.3,88.632,,,2023-03-09 15:21:05.200,2023-03-09 15:21:05.200,,,,,,UTC-0500,0YsTDK1a2W,,,,com.sec.android.app.shealth,,c7c208c8-da67-4d14-91d6-e0416b9b65fb,,,
,,2023-03-11 18:30:17.102,,175.3,89.4485,,,2023-03-11 18:30:20.893,2023-03-11 18:30:20.893,,,,,,UTC-0500,0YsTDK1a2W,,,,com.sec.android.app.shealth,,c1f8e143-d15c-4566-9ffe-c216bd918d72,,,
,,2023-03-12 16:40:50.384,,175.3,88.133,,,2023-03-12 16:40:54.504,2023-03-12 16:40:54.504,,,,,,UTC-0400,0YsTDK1a2W,,,,com.sec.android.app.shealth,,19404af0-52a8-4a48-8ff6-a8a7a172c555,,,
,,2023-03-13 12:33:47.024,,175.3,89.6299,,,2023-03-13 12:33:56.008,2023-03-13 12:33:56.008,,,,,,UTC-0400,0YsTDK1a2W,,,,com.sec.android.app.shealth,,f824304f-9268-4906-ba8f-c97cdbf79900,,,
,,2023-03-14 08:52:38.526,,175.3,90.0835,,,2023-03-14 08:52:41.437,2023-03-14 08:52:41.437,,,,,,UTC-0400,0YsTDK1a2W,,,,com.sec.android.app.shealth,,705189aa-7d07-4c19-8638-63c43adcbb33,,,
,,2023-03-15 10:49:00.967,,175.3,89.6299,,,2023-03-15 10:49:03.720,2023-03-15 10:49:03.720,,,,,,UTC-0400,0YsTDK1a2W,,,,com.sec.android.app.shealth,,46318467-528a-45eb-873c-babdea5e25a4,,,
,,2023-03-16 11:02:16.808,,175.3,89.8113,,,2023-03-16 11:02:23.399,2023-03-16 11:02:23.399,,,,,,UTC-0400,0YsTDK1a2W,,,,com.sec.android.app.shealth,,2959a613-6ddd-478c-8e91-3f8250e0ef38,,,
,,2023-03-17 12:45:03.248,,175.3,89.1309,,,2023-03-17 12:45:08.823,2023-03-17 12:45:08.823,,,,,,UTC-0400,0YsTDK1a2W,,,,com.sec.android.app.shealth,,485cb9f3-8f2d-4f71-8024-3ffe0c50eda0,,,
,,2023-03-18 17:03:41.417,,175.3,88.6774,,,2023-03-18 17:03:43.724,2023-03-18 17:03:43.724,,,,,,UTC-0400,0YsTDK1a2W,,,,com.sec.android.app.shealth,,1cf151c9-6f7f-4b4b-bc7f-0e5768b7020b,,,
,,2023-03-19 17:16:15.398,,175.3,89.2217,,,2023-03-19 17:16:18.864,2023-03-19 17:16:18.864,,,,,,UTC-0400,0YsTDK1a2W,,,,com.sec.android.app.shealth,,80f86b54-b9b8-4c47-aec0-485e5bc82944,,,
,,2023-03-20 12:46:26.929,,175.3,89.0402,,,2023-03-20 12:46:30.468,2023-03-20 12:46:30.468,,,,,,UTC-0400,0YsTDK1a2W,,,,com.sec.android.app.shealth,,2a06763e-08fc-4d10-8a75-25b4dd8fbf1c,,,
,,2023-03-22 10:21:03.533,,175.3,90.3556,,,2023-03-22 10:21:11.631,2023-03-22 10:21:11.631,,,,,,UTC-0400,0YsTDK1a2W,,,,com.sec.android.app.shealth,,dbcb0c6a-8baf-418f-a768-ef00cc38c20e,,,
29.000313,,2023-03-22 10:23:26.302,,175.26,90.3556,,,2023-03-22 10:23:26.313,2023-03-22 10:23:26.313,,35.66703,61.355286,,1695,UTC-0400,ywTQ5Dntzw,32.22716,,67.90424,com.sec.android.app.shealth,32.095757,996646b1-afc5-4573-81d7-b531d988e330,,44.991932,
,,2023-03-23 10:48:16.378,,175.3,90.9,,,2023-03-23 10:48:20.553,2023-03-23 10:48:20.553,,,,,,UTC-0400,0YsTDK1a2W,,,,com.sec.android.app.shealth,,b0082e22-7d02-4bf6-a0d8-b62fd9e4d554,,,
,,2023-03-24 11:02:00.695,,175.3,90.5371,,,2023-03-24 11:02:04.873,2023-03-24 11:02:04.873,,,,,,UTC-0400,0YsTDK1a2W,,,,com.sec.android.app.shealth,,6d8c42e4-fa09-4fc6-aeee-a14f08d46a05,,,
,,2023-03-25 15:40:08.988,,175.3,90.2196,,,2023-03-25 15:40:13.398,2023-03-25 15:40:13.398,,,,,,UTC-0400,0YsTDK1a2W,,,,com.sec.android.app.shealth,,b364c323-b28f-45c9-bbc6-cd3ec926cdc5,,,
,,2023-03-26 15:48:41.859,,175.3,90.0835,,,2023-03-26 15:48:45.086,2023-03-26 15:48:45.086,,,,,,UTC-0400,0YsTDK1a2W,,,,com.sec.android.app.shealth,,57ce8717-5c21-435b-b88f-089330c4ce33,,,
,,2023-03-27 15:04:08.706,,175.3,89.4485,,,2023-03-27 15:04:12.602,2023-03-27 15:04:12.602,,,,,,UTC-0400,0YsTDK1a2W,,,,com.sec.android.app.shealth,,c7f61f70-a166-4648-a17d-045ae2f9bcae,,,
,,2023-03-28 08:49:17.570,,175.3,89.7206,,,2023-03-28 08:49:22.892,2023-03-28 08:49:22.892,,,,,,UTC-0400,0YsTDK1a2W,,,,com.sec.android.app.shealth,,63410e03-d7fb-4869-912b-5cdca0ef6d48,,,
,,2023-03-29 09:33:06.866,,175.3,90.2649,,,2023-03-29 09:33:16.463,2023-03-29 09:33:16.463,,,,,,UTC-0400,0YsTDK1a2W,,,,com.sec.android.app.shealth,,b7e831ff-e1ec-408f-8278-f45d9c10b7e3,,,
,,2023-03-30 16:52:46.827,,175.3,90.5371,,,2023-03-30 16:52:51.890,2023-03-30 16:52:51.890,,,,,,UTC-0400,0YsTDK1a2W,,,,com.sec.android.app.shealth,,c61034da-6f4a-4bd0-abe5-9209b6c5b636,,,
,,2023-03-31 10:49:49.611,,175.3,90.6278,,,2023-03-31 10:49:52.306,2023-03-31 10:49:52.306,,,,,,UTC-0400,0YsTDK1a2W,,,,com.sec.android.app.shealth,,7b819b0d-de43-49de-9341-a8a594ab7a88,,,
,,2023-04-01 14:33:55.735,,175.3,89.3577,,,2023-04-01 14:34:03.755,2023-04-01 14:34:03.755,,,,,,UTC-0400,0YsTDK1a2W,,,,com.sec.android.app.shealth,,09184a7b-9cd2-42b2-90de-88e53ca493bb,,,
,,2023-04-02 15:08:01.900,,175.3,89.9021,,,2023-04-02 15:08:05.865,2023-04-02 15:08:05.865,,,,,,UTC-0400,0YsTDK1a2W,,,,com.sec.android.app.shealth,,fbf7023f-bad6-4cb0-bb60-e3634285186c,,,
,,2023-04-02 20:56:41.273,,175.3,89.0856,,,2023-04-02 20:56:46.019,2023-04-02 20:56:46.019,,,,,,UTC-0400,0YsTDK1a2W,,,,com.sec.android.app.shealth,,04b214e3-7a1e-4421-b7e2-792ffc7ab572,,,
,,2023-04-04 08:47:10.735,,175.3,90.4464,,,2023-04-04 08:47:16.166,2023-04-04 08:47:16.166,,,,,,UTC-0400,0YsTDK1a2W,,,,com.sec.android.app.shealth,,30144314-cc83-4dfb-81cb-b5dff1cf7107,,,
,,2023-04-05 10:41:38.009,,175.3,90.2649,,,2023-04-05 10:41:42.138,2023-04-05 10:41:42.138,,,,,,UTC-0400,0YsTDK1a2W,,,,com.sec.android.app.shealth,,c65cdee5-316e-4c43-906c-c836c0a44aa4,,,
,,2023-04-06 13:47:11.799,,175.3,89.8113,,,2023-04-06 13:47:14.522,2023-04-06 13:47:14.522,,,,,,UTC-0400,0YsTDK1a2W,,,,com.sec.android.app.shealth,,f5ba91e6-4a94-48b7-82a3-3f1448b4bcb6,,,
,,2023-04-07 10:47:13.470,,175.3,90.9,,,2023-04-07 10:47:20.485,2023-04-07 10:47:20.485,,,,,,UTC-0400,0YsTDK1a2W,,,,com.sec.android.app.shealth,,93eb5c9d-0a00-4db7-aef6-1b4a35f66c29,,,
,,2023-04-08 15:17:58.335,,175.3,90.8092,,,2023-04-08 15:18:01.242,2023-04-08 15:18:01.242,,,,,,UTC-0400,0YsTDK1a2W,,,,com.sec.android.app.shealth,,8b2942da-e28a-41a1-8b7a-23ba74270eaa,,,
,,2023-04-08 20:21:54.195,,175.3,89.1763,,,2023-04-08 20:22:01.933,2023-04-08 20:22:01.933,,,,,,UTC-0400,0YsTDK1a2W,,,,com.sec.android.app.shealth,,a08fef45-85a7-4d46-a76d-cc2fb6342c58,,,
,,2023-04-09 18:20:34.284,,175.3,89.9021,,,2023-04-09 18:20:39.231,2023-04-09 18:20:39.231,,,,,,UTC-0400,0YsTDK1a2W,,,,com.sec.android.app.shealth,,ee562e0a-9973-47e5-842f-a681cf9c35fb,,,
,,2023-04-10 13:52:21.214,,175.3,89.267,,,2023-04-10 13:52:26.959,2023-04-10 13:52:26.959,,,,,,UTC-0400,0YsTDK1a2W,,,,com.sec.android.app.shealth,,20445287-c8d7-43ed-9d5b-cd52a7d87ed5,,,
,,2023-04-11 14:26:47.240,,175.3,89.1763,,,2023-04-11 14:26:50.663,2023-04-11 14:26:50.663,,,,,,UTC-0400,0YsTDK1a2W,,,,com.sec.android.app.shealth,,c781be3d-2691-4af2-9095-140247b36354,,,
,,2023-04-12 08:50:33.469,,175.3,89.9021,,,2023-04-12 08:50:38.037,2023-04-12 08:50:38.037,,,,,,UTC-0400,0YsTDK1a2W,,,,com.sec.android.app.shealth,,76ab708c-acea-408e-857a-44447370f7f5,,,
,,2023-04-13 10:42:47.295,,175.3,89.7206,,,2023-04-13 10:42:52.907,2023-04-13 10:42:52.907,,,,,,UTC-0400,0YsTDK1a2W,,,,com.sec.android.app.shealth,,53d7e170-3d67-4e74-9d2f-250b91eb9f7e,,,
,,2023-04-14 10:41:45.288,,175.3,90.9907,,,2023-04-14 10:41:52.062,2023-04-14 10:41:52.062,,,,,,UTC-0400,0YsTDK1a2W,,,,com.sec.android.app.shealth,,e0feab8f-de7d-4eb4-9afa-1bfd61c93ad5,,,
,,2023-04-15 15:14:08.942,,175.3,91.8071,,,2023-04-15 15:14:12.785,2023-04-15 15:14:12.785,,,,,,UTC-0400,0YsTDK1a2W,,,,com.sec.android.app.shealth,,61bb527f-c5a8-46fd-8a38-8086e8d22025,,,
,,2023-04-16 17:20:17.612,,175.3,90.0835,,,2023-04-16 17:20:25.007,2023-04-16 17:20:25.007,,,,,,UTC-0400,0YsTDK1a2W,,,,com.sec.android.app.shealth,,1142d25f-4dcc-4010-9f2c-535bc151c614,,,
,,2023-04-17 12:02:53.690,,175.3,91.0814,,,2023-04-17 12:02:58.333,2023-04-17 12:02:58.333,,,,,,UTC-0400,0YsTDK1a2W,,,,com.sec.android.app.shealth,,d99c3f43-f2d5-45f4-9f41-d80504c7b4c3,,,
,,2023-04-17 16:55:19.025,,175.3,90.7185,,,2023-04-17 16:55:22.994,2023-04-17 16:55:22.994,,,,,,UTC-0400,0YsTDK1a2W,,,,com.sec.android.app.shealth,,47a392d0-11a8-48b7-8578-625ad8bfa1ed,,,
,,2023-04-18 13:15:11.542,,175.3,90.2649,,,2023-04-18 13:15:14.567,2023-04-18 13:15:14.567,,,,,,UTC-0400,0YsTDK1a2W,,,,com.sec.android.app.shealth,,c5b62d8e-2f5c-4004-846d-c5c9ce0e3168,,,
,,2023-04-19 08:35:06.263,,175.3,90.6278,,,2023-04-19 08:35:09.429,2023-04-19 08:35:09.429,,,,,,UTC-0400,0YsTDK1a2W,,,,com.sec.android.app.shealth,,c2fff5d4-a615-4e8c-830c-a96725d668b5,,,
,,2023-04-20 10:36:43.686,,175.3,91.3535,,,2023-04-20 10:36:48.771,2023-04-20 10:36:48.771,,,,,,UTC-0400,0YsTDK1a2W,,,,com.sec.android.app.shealth,,1eca7ac6-f2d5-4525-93dc-f664f9ccf0ff,,,
,,2023-04-21 10:53:16.423,,175.3,90.5371,,,2023-04-21 10:53:21.136,2023-04-21 10:53:21.136,,,,,,UTC-0400,0YsTDK1a2W,,,,com.sec.android.app.shealth,,cc1323f9-93a3-47b1-95aa-a93e6f133074,,,
,,2023-04-22 16:03:50.360,,175.3,90.8092,,,2023-04-22 16:03:55.098,2023-04-22 16:03:55.098,,,,,,UTC-0400,0YsTDK1a2W,,,,com.sec.android.app.shealth,,f11d65ba-6212-4636-90d2-8f3ed896e12e,,,
,,2023-04-23 15:40:17.523,,175.3,91.2628,,,2023-04-23 15:40:19.670,2023-04-23 15:40:19.670,,,,,,UTC-0400,0YsTDK1a2W,,,,com.sec.android.app.shealth,,e4ac8769-6fac-4bc7-95de-2f757bc854c4,,,
,,2023-04-24 12:03:22.455,,175.3,91.7164,,,2023-04-24 12:03:25.926,2023-04-24 12:03:25.926,,,,,,UTC-0400,0YsTDK1a2W,,,,com.sec.android.app.shealth,,37dc1a43-2566-444b-92c9-21643ab0aeae,,,
,,2023-04-25 11:44:11.048,,175.3,91.6257,,,2023-04-25 11:44:13.962,2023-04-25 11:44:13.962,,,,,,UTC-0400,0YsTDK1a2W,,,,com.sec.android.app.shealth,,da9b0c0f-bdd1-4f3b-9b0b-697878eca10e,,,
,,2023-04-26 13:40:26.770,,175.3,90.8092,,,2023-04-26 13:40:31.692,2023-04-26 13:40:31.692,,,,,,UTC-0400,0YsTDK1a2W,,,,com.sec.android.app.shealth,,9dec5e3c-0327-429b-858d-511143c41246,,,
,,2023-04-27 13:28:27.972,,175.3,89.7206,,,2023-04-27 13:28:35.733,2023-04-27 13:28:35.733,,,,,,UTC-0400,0YsTDK1a2W,,,,com.sec.android.app.shealth,,6f2851a0-c1ad-4e64-bce1-3f5c557c72f1,,,
,,2023-04-28 12:17:20.867,,175.3,89.7206,,,2023-04-28 12:17:23.119,2023-04-28 12:17:23.119,,,,,,UTC-0400,0YsTDK1a2W,,,,com.sec.android.app.shealth,,2eec5a2c-0b91-4133-bfc4-7202c7ec4908,,,
,,2023-04-29 16:49:31.736,,175.3,90.4464,,,2023-04-29 16:49:36.755,2023-04-29 16:49:36.755,,,,,,UTC-0400,0YsTDK1a2W,,,,com.sec.android.app.shealth,,2513aa95-5a3d-4d63-a178-54efbadd172b,,,
,,2023-04-30 13:02:23.486,,175.3,92.3515,,,2023-04-30 13:02:28.517,2023-04-30 13:02:28.517,,,,,,UTC-0400,0YsTDK1a2W,,,,com.sec.android.app.shealth,,4b8bd839-5d0a-4964-badf-da2f86bf6aa1,,,
,,2023-05-01 07:56:27.414,,175.3,92.17,,,2023-05-01 07:56:31.707,2023-05-01 07:56:31.707,,,,,,UTC-0400,0YsTDK1a2W,,,,com.sec.android.app.shealth,,03edee2a-9f36-42d8-a2bb-1b914f0e5794,,,
,,2023-05-01 08:54:00.139,,175.3,91.9886,,,2023-05-01 08:54:04.488,2023-05-01 08:54:04.488,,,,,,UTC-0400,0YsTDK1a2W,,,,com.sec.android.app.shealth,,b7a65ea2-9ccb-4bff-831f-c8df5c425e2f,,,
,,2023-05-06 17:03:09.773,,175.3,92.9865,,,2023-05-06 17:03:16.120,2023-05-06 17:03:16.120,,,,,,UTC-0400,0YsTDK1a2W,,,,com.sec.android.app.shealth,,840357dd-786e-465f-adae-bac1d4e2843b,,,
,,2023-05-07 17:47:58.027,,175.3,92.17,,,2023-05-07 17:48:03.274,2023-05-07 17:48:03.274,,,,,,UTC-0400,0YsTDK1a2W,,,,com.sec.android.app.shealth,,ec8249d5-7939-4acb-ad1c-0e75cc842248,,,
,,2023-05-08 13:21:34.913,,175.3,92.7143,,,2023-05-08 13:21:38.908,2023-05-08 13:21:38.908,,,,,,UTC-0400,0YsTDK1a2W,,,,com.sec.android.app.shealth,,e249c954-ac0c-4796-a9e5-a674026281fb,,,
,,2023-05-09 11:40:07.032,,175.3,92.8958,,,2023-05-09 11:40:10.366,2023-05-09 11:40:10.366,,,,,,UTC-0400,0YsTDK1a2W,,,,com.sec.android.app.shealth,,0fd1eb59-bbb7-402b-bb6f-c8571e4fdd7a,,,
,,2023-05-11 14:47:59.483,,175.3,92.6236,,,2023-05-11 14:48:03.156,2023-05-11 14:48:03.156,,,,,,UTC-0400,0YsTDK1a2W,,,,com.sec.android.app.shealth,,74271c8c-8eff-4e5c-8ef4-6436a5fe4fcb,,,
,,2023-05-13 13:29:34.770,,175.3,93.0772,,,2023-05-13 13:29:37.974,2023-05-13 13:29:37.974,,,,,,UTC-0400,0YsTDK1a2W,,,,com.sec.android.app.shealth,,dcfd7f6f-67a9-4f52-8e3c-4975a362539d,,,
,,2023-05-14 15:00:19.483,,175.3,92.9865,,,2023-05-14 15:00:22.467,2023-05-14 15:00:22.467,,,,,,UTC-0400,0YsTDK1a2W,,,,com.sec.android.app.shealth,,118674df-7651-4e09-984c-d8595b80d9f6,,,
,,2023-05-15 12:22:51.231,,175.3,93.2586,,,2023-05-15 12:22:55.174,2023-05-15 12:22:55.174,,,,,,UTC-0400,0YsTDK1a2W,,,,com.sec.android.app.shealth,,d2a6e0ae-6600-461f-8f51-df50f8f01031,,,
,,2023-05-16 08:43:10.751,,175.3,93.8029,,,2023-05-16 08:43:15.087,2023-05-16 08:43:15.087,,,,,,UTC-0400,0YsTDK1a2W,,,,com.sec.android.app.shealth,,adaeb4ab-74c2-44d2-9fe3-c573f1ef6322,,,
,,2023-05-18 13:17:18.483,,175.3,93.3494,,,2023-05-18 13:17:21.067,2023-05-18 13:17:21.067,,,,,,UTC-0400,0YsTDK1a2W,,,,com.sec.android.app.shealth,,bc3a5d63-522b-4ab1-a400-461eab3d1677,,,
,,2023-05-20 13:29:59.563,,175.3,93.1679,,,2023-05-20 13:30:02.872,2023-05-20 13:30:02.872,,,,,,UTC-0400,0YsTDK1a2W,,,,com.sec.android.app.shealth,,585c3058-637b-4c5c-b027-9cc9010c913a,,,
,,2023-05-21 12:54:41.814,,175.3,92.7143,,,2023-05-21 12:54:44.737,2023-05-21 12:54:44.737,,,,,,UTC-0400,0YsTDK1a2W,,,,com.sec.android.app.shealth,,3579940f-544d-4bee-9719-f3ada81bccbb,,,
,,2023-05-22 13:51:21.260,,175.3,93.0772,,,2023-05-22 13:51:24.910,2023-05-22 13:51:24.910,,,,,,UTC-0400,0YsTDK1a2W,,,,com.sec.android.app.shealth,,af0c1afc-541d-437d-9be3-ad2d87ffec49,,,
,,2023-05-24 10:25:59.538,,175.3,94.438,,,2023-05-24 10:26:02.387,2023-05-24 10:26:02.387,,,,,,UTC-0400,0YsTDK1a2W,,,,com.sec.android.app.shealth,,37172ff9-deac-40d3-906d-155c0adef407,,,
,,2023-05-25 10:32:45.726,,175.3,94.438,,,2023-05-25 10:32:47.914,2023-05-25 10:32:47.914,,,,,,UTC-0400,0YsTDK1a2W,,,,com.sec.android.app.shealth,,cc1786c6-9f74-4ff6-9d54-c56382082142,,,
,,2023-05-26 10:45:12.587,,175.3,94.9823,,,2023-05-26 10:45:16.286,2023-05-26 10:45:16.286,,,,,,UTC-0400,0YsTDK1a2W,,,,com.sec.android.app.shealth,,8ab3b6e4-5cad-4b31-9c4f-aa46c68249a2,,,
,,2023-05-27 14:30:29.512,,175.3,94.8916,,,2023-05-27 14:30:32.435,2023-05-27 14:30:32.435,,,,,,UTC-0400,0YsTDK1a2W,,,,com.sec.android.app.shealth,,6e91d2c6-a00f-4260-9e57-b65460145f5a,,,
,,2023-05-28 13:53:12.077,,175.3,94.6194,,,2023-05-28 13:53:17.669,2023-05-28 13:53:17.669,,,,,,UTC-0400,0YsTDK1a2W,,,,com.sec.android.app.shealth,,13e48485-f189-403b-996d-cbbebba7efe2,,,
,,2023-05-28 15:35:04.807,,175.3,94.3473,,,2023-05-28 15:35:10.551,2023-05-28 15:35:10.551,,,,,,UTC-0400,0YsTDK1a2W,,,,com.sec.android.app.shealth,,0e958ec0-f023-4d65-bc42-1c04277a9c38,,,
,,2023-05-29 15:04:48.447,,175.3,93.6215,,,2023-05-29 15:04:55.880,2023-05-29 15:04:55.880,,,,,,UTC-0400,0YsTDK1a2W,,,,com.sec.android.app.shealth,,9cb8f8f2-8f75-45e6-91af-208fb4ce4aec,,,
,,2023-05-30 12:20:54.421,,175.3,92.6236,,,2023-05-30 12:20:58.882,2023-05-30 12:20:58.882,,,,,,UTC-0400,0YsTDK1a2W,,,,com.sec.android.app.shealth,,30ea72d1-76bc-47b5-bd68-0500d3c8b3a3,,,
,,2023-05-30 16:51:03.389,,175.3,92.5329,,,2023-05-30 16:51:06.072,2023-05-30 16:51:06.072,,,,,,UTC-0400,0YsTDK1a2W,,,,com.sec.android.app.shealth,,8268183d-8a49-4f47-bbe4-e7173b9fddb5,,,
,,2023-05-31 08:51:19.590,,175.3,91.9886,,,2023-05-31 08:51:24.589,2023-05-31 08:51:24.589,,,,,,UTC-0400,0YsTDK1a2W,,,,com.sec.android.app.shealth,,81f3299d-fb2c-452a-bc17-d75018cc8f88,,,
,,2023-06-01 10:22:24.572,,175.3,93.1679,,,2023-06-01 10:22:31.064,2023-06-01 10:22:31.064,,,,,,UTC-0400,0YsTDK1a2W,,,,com.sec.android.app.shealth,,347c73ef-1dcb-4cc7-9633-d56010f10e22,,,
,,2023-06-02 11:03:57.740,,175.3,93.3494,,,2023-06-02 11:04:01.666,2023-06-02 11:04:01.666,,,,,,UTC-0400,0YsTDK1a2W,,,,com.sec.android.app.shealth,,9e12f55a-6933-4113-8de7-225f91cdad72,,,
,,2023-06-03 14:08:37.040,,175.3,93.8937,,,2023-06-03 14:08:42.880,2023-06-03 14:08:42.880,,,,,,UTC-0400,0YsTDK1a2W,,,,com.sec.android.app.shealth,,a3d803bb-2ee3-403e-aa35-f98b0dba1e97,,,
,,2023-06-04 14:50:08.731,,175.3,93.2586,,,2023-06-04 14:50:16.227,2023-06-04 14:50:16.227,,,,,,UTC-0400,0YsTDK1a2W,,,,com.sec.android.app.shealth,,38b12800-5b76-4c72-9457-ba639934d818,,,
,,2023-06-05 09:04:24.281,,175.3,93.6215,,,2023-06-05 09:04:29.008,2023-06-05 09:04:29.008,,,,,,UTC-0400,0YsTDK1a2W,,,,com.sec.android.app.shealth,,e70e730c-461f-471c-b1d9-debd430a3665,,,
,,2023-06-06 12:55:51.068,,175.3,93.2586,,,2023-06-06 12:55:54.613,2023-06-06 12:55:54.613,,,,,,UTC-0400,0YsTDK1a2W,,,,com.sec.android.app.shealth,,28e37b49-8751-4239-8eb7-be6981897778,,,
,,2023-06-07 12:02:03.008,,175.3,93.4401,,,2023-06-07 12:02:09.521,2023-06-07 12:02:09.521,,,,,,UTC-0400,0YsTDK1a2W,,,,com.sec.android.app.shealth,,b2de4a07-0203-403c-ae70-76751626989d,,,
,,2023-06-08 10:40:06.193,,175.3,93.2586,,,2023-06-08 10:40:10.923,2023-06-08 10:40:10.923,,,,,,UTC-0400,0YsTDK1a2W,,,,com.sec.android.app.shealth,,c5b13b56-4b8b-4664-bec3-554233fd334d,,,
,,2023-06-09 10:37:51.363,,175.3,93.8937,,,2023-06-09 10:37:56.044,2023-06-09 10:37:56.044,,,,,,UTC-0400,0YsTDK1a2W,,,,com.sec.android.app.shealth,,77f26ba2-dfc7-42d9-a56e-32d020db63c5,,,
,,2023-06-10 14:40:21.844,,175.3,93.5308,,,2023-06-10 14:40:28.189,2023-06-10 14:40:28.189,,,,,,UTC-0400,0YsTDK1a2W,,,,com.sec.android.app.shealth,,72eb3624-9ed9-4063-b2fa-4bb497e9d08b,,,
,,2023-06-11 16:29:45.100,,175.3,92.8958,,,2023-06-11 16:29:51.009,2023-06-11 16:29:51.009,,,,,,UTC-0400,0YsTDK1a2W,,,,com.sec.android.app.shealth,,ea847400-1d32-4848-b03e-144249312b92,,,
,,2023-06-12 09:02:38.571,,175.3,93.5308,,,2023-06-12 09:02:44.845,2023-06-12 09:02:44.845,,,,,,UTC-0400,0YsTDK1a2W,,,,com.sec.android.app.shealth,,af17d1c5-41dd-474e-8640-51d35f116c4e,,,
,,2023-06-13 10:37:29.852,,175.3,93.7122,,,2023-06-13 10:37:33.592,2023-06-13 10:37:33.592,,,,,,UTC-0400,0YsTDK1a2W,,,,com.sec.android.app.shealth,,228ddacf-af17-425b-b2c4-deeaafebfab8,,,
,,2023-06-14 10:25:43.417,,175.3,93.8029,,,2023-06-14 10:25:46.409,2023-06-14 10:25:46.409,,,,,,UTC-0400,0YsTDK1a2W,,,,com.sec.android.app.shealth,,03c6d871-4e98-4fbb-91d9-a15d3c368096,,,
,,2023-06-15 10:24:15.692,,175.3,92.805,,,2023-06-15 10:24:21.572,2023-06-15 10:24:21.572,,,,,,UTC-0400,0YsTDK1a2W,,,,com.sec.android.app.shealth,,ef1c8b3b-d794-450c-ba36-fde26e7ff26c,,,
,,2023-06-16 11:51:55.370,,175.3,92.0793,,,2023-06-16 11:52:02.186,2023-06-16 11:52:02.186,,,,,,UTC-0400,0YsTDK1a2W,,,,com.sec.android.app.shealth,,eb223f49-a267-4c65-a89d-03fc9e1a7783,,,
,,2023-06-17 14:05:25.210,,175.3,92.7143,,,2023-06-17 14:05:31.884,2023-06-17 14:05:31.884,,,,,,UTC-0400,0YsTDK1a2W,,,,com.sec.android.app.shealth,,b7448dad-aaa4-442f-a37a-62efe56dbb24,,,
,,2023-06-18 14:37:38.370,,175.3,93.0772,,,2023-06-18 14:37:42.918,2023-06-18 14:37:42.918,,,,,,UTC-0400,0YsTDK1a2W,,,,com.sec.android.app.shealth,,6727a652-5e38-46f4-a00f-f560ed5f1adb,,,
,,2023-06-19 13:49:04.827,,175.3,92.8958,,,2023-06-19 13:49:09.210,2023-06-19 13:49:09.210,,,,,,UTC-0400,0YsTDK1a2W,,,,com.sec.android.app.shealth,,1d3dba98-af47-4588-bc24-3d571ec780ee,,,
,,2023-06-20 12:22:27.919,,175.3,93.0772,,,2023-06-20 12:22:34.816,2023-06-20 12:22:34.816,,,,,,UTC-0400,0YsTDK1a2W,,,,com.sec.android.app.shealth,,d11c0078-a81b-4977-9876-2010d61f982b,,,
,,2023-06-21 12:05:17.049,,175.3,92.805,,,2023-06-21 12:05:22.304,2023-06-21 12:05:22.304,,,,,,UTC-0400,0YsTDK1a2W,,,,com.sec.android.app.shealth,,5760ed8d-804b-4bf5-b306-ea6274902b25,,,
,,2023-06-21 13:58:03.509,,175.3,92.3515,,,2023-06-21 13:58:07.073,2023-06-21 13:58:07.073,,,,,,UTC-0400,0YsTDK1a2W,,,,com.sec.android.app.shealth,,c15626cd-b83d-4317-8644-ae5fd43dbe4e,,,
,,2023-06-22 13:11:42.048,,175.3,91.3535,,,2023-06-22 13:11:47.795,2023-06-22 13:11:47.795,,,,,,UTC-0400,0YsTDK1a2W,,,,com.sec.android.app.shealth,,8edf2b41-3aa2-417e-b01b-f0a43ceed45c,,,
,,2023-06-23 15:58:32.907,,175.3,91.0814,,,2023-06-23 15:58:38.079,2023-06-23 15:58:38.079,,,,,,UTC-0400,0YsTDK1a2W,,,,com.sec.android.app.shealth,,41276eb8-2546-4118-9308-1bf6648b7b38,,,
,,2023-06-24 15:55:40.945,,175.3,91.8071,,,2023-06-24 15:55:46.454,2023-06-24 15:55:46.454,,,,,,UTC-0400,0YsTDK1a2W,,,,com.sec.android.app.shealth,,ca369ebc-98a8-42d1-a3d2-d18d882ade16,,,
,,2023-06-24 20:37:36.159,,175.3,91.0814,,,2023-06-24 20:37:43.239,2023-06-24 20:37:43.239,,,,,,UTC-0400,0YsTDK1a2W,,,,com.sec.android.app.shealth,,663fc8f4-43aa-4612-80d5-d54f5507f016,,,
,,2023-06-25 17:39:54.828,,175.3,91.8071,,,2023-06-25 17:39:59.922,2023-06-25 17:39:59.922,,,,,,UTC-0400,0YsTDK1a2W,,,,com.sec.android.app.shealth,,4db596f8-9820-4451-a592-b3b47ce75adb,,,
,,2023-06-26 16:06:05.673,,175.3,92.2607,,,2023-06-26 16:06:07.920,2023-06-26 16:06:07.920,,,,,,UTC-0400,0YsTDK1a2W,,,,com.sec.android.app.shealth,,cf08dabd-3ead-4f13-991d-75f0c2007462,,,
,,2023-06-27 08:35:03.851,,175.3,91.8071,,,2023-06-27 08:35:06.157,2023-06-27 08:35:06.157,,,,,,UTC-0400,0YsTDK1a2W,,,,com.sec.android.app.shealth,,f736888e-334b-474b-b9f2-92fea1e43915,,,
,,2023-06-28 10:06:57.420,,175.3,91.3535,,,2023-06-28 10:07:00.710,2023-06-28 10:07:00.710,,,,,,UTC-0400,0YsTDK1a2W,,,,com.sec.android.app.shealth,,6246a20b-5a31-4382-a094-8eb71bf574f6,,,
,,2023-06-29 10:14:50.834,,175.3,91.7164,,,2023-06-29 10:14:54.388,2023-06-29 10:14:54.388,,,,,,UTC-0400,0YsTDK1a2W,,,,com.sec.android.app.shealth,,3261ed23-3eab-49ae-89e2-9e474a374ade,,,
,,2023-06-29 10:24:31.206,,175.3,91.6257,,,2023-06-29 10:24:33.709,2023-06-29 10:24:33.709,,,,,,UTC-0400,0YsTDK1a2W,,,,com.sec.android.app.shealth,,5ae8de12-03f4-46a0-a8c7-23665f394991,,,
,,2023-06-29 10:24:37.218,,175.3,91.6257,,,2023-06-29 10:24:42.933,2023-06-29 10:24:42.933,,,,,,UTC-0400,0YsTDK1a2W,,Pooped,,com.sec.android.app.shealth,,d505291d-e7d6-4a8e-ac06-394c1c0a1ca2,,,
,,2023-06-30 17:18:16.305,,175.3,92.17,,,2023-06-30 17:18:20.656,2023-06-30 17:18:20.656,,,,,,UTC-0400,0YsTDK1a2W,,,,com.sec.android.app.shealth,,083120d9-bec7-4113-b479-059389049511,,,
,,2023-07-01 19:05:52.292,,175.3,90.4464,,,2023-07-01 19:05:57.650,2023-07-01 19:05:57.650,,,,,,UTC-0400,0YsTDK1a2W,,,,com.sec.android.app.shealth,,87d56369-6199-47c2-ba71-e7699dda0293,,,
,,2023-07-02 13:59:56.574,,175.3,91.0814,,,2023-07-02 14:00:01.244,2023-07-02 14:00:01.244,,,,,,UTC-0400,0YsTDK1a2W,,,,com.sec.android.app.shealth,,90e21592-2a16-4a3b-8719-6fad41f2121b,,,
,,2023-07-02 18:42:12.623,,175.3,89.9928,,,2023-07-02 18:42:17.804,2023-07-02 18:42:17.804,,,,,,UTC-0400,0YsTDK1a2W,,,,com.sec.android.app.shealth,,5595de8e-315f-4218-a84d-b9234e180f80,,,
,,2023-07-03 12:36:29.482,,175.3,90.8092,,,2023-07-03 12:36:35.370,2023-07-03 12:36:35.370,,,,,,UTC-0400,0YsTDK1a2W,,,,com.sec.android.app.shealth,,cf2439c9-1b82-42ed-92f0-3cc097536423,,,
,,2023-07-05 08:41:57.446,,175.3,93.1679,,,2023-07-05 08:42:04.160,2023-07-05 08:42:04.160,,,,,,UTC-0400,0YsTDK1a2W,,,,com.sec.android.app.shealth,,fdff2395-9bff-4d49-a0fa-89f0e004d5d5,,,
,,2023-07-06 10:38:18.767,,175.3,92.17,,,2023-07-06 10:38:23.019,2023-07-06 10:38:23.019,,,,,,UTC-0400,0YsTDK1a2W,,,,com.sec.android.app.shealth,,ce533129-b2ff-4537-bc4f-f2078a1fec8d,,,
,,2023-07-07 14:58:24.432,,175.3,92.7143,,,2023-07-07 14:58:28.611,2023-07-07 14:58:28.611,,,,,,UTC-0400,0YsTDK1a2W,,,,com.sec.android.app.shealth,,06de9bc6-6688-4ac0-8ef5-bdeb68499411,,,
,,2023-07-08 17:09:40.836,,175.3,92.6236,,,2023-07-08 17:09:43.493,2023-07-08 17:09:43.493,,,,,,UTC-0400,0YsTDK1a2W,,,,com.sec.android.app.shealth,,1d8c843d-93e3-4ac0-94e3-a8ae687fe87f,,,
,,2023-07-09 16:18:13.539,,175.3,92.7143,,,2023-07-09 16:18:16.179,2023-07-09 16:18:16.179,,,,,,UTC-0400,0YsTDK1a2W,,,,com.sec.android.app.shealth,,61099855-d50b-40a8-8aca-cf97fdef050c,,,
,,2023-07-11 10:21:56.150,,175.3,92.3515,,,2023-07-11 10:22:01.303,2023-07-11 10:22:01.303,,,,,,UTC-0400,0YsTDK1a2W,,,,com.sec.android.app.shealth,,1be070e8-4008-4644-bde7-8778629bd08c,,,
,,2023-07-12 10:43:09.334,,175.3,91.7164,,,2023-07-12 10:43:14.537,2023-07-12 10:43:14.537,,,,,,UTC-0400,0YsTDK1a2W,,,,com.sec.android.app.shealth,,92c2c3f3-f808-4ea8-b226-1aca1e484162,,,
,,2023-07-13 14:00:58.527,,175.3,92.0793,,,2023-07-13 14:01:02.503,2023-07-13 14:01:02.503,,,,,,UTC-0400,0YsTDK1a2W,,,,com.sec.android.app.shealth,,a79d88f7-a7c4-417d-949b-60f593cdbb9e,,,
,,2023-07-14 14:16:27.010,,175.3,92.5329,,,2023-07-14 14:16:29.414,2023-07-14 14:16:29.414,,,,,,UTC-0400,0YsTDK1a2W,,,,com.sec.android.app.shealth,,f7bbdb3a-fce8-41d1-9ed3-ebceb2be02f4,,,
,,2023-07-15 16:35:56.189,,175.3,92.6236,,,2023-07-15 16:35:59.964,2023-07-15 16:35:59.964,,,,,,UTC-0400,0YsTDK1a2W,,,,com.sec.android.app.shealth,,41c1cd54-5bdc-461e-8d90-a54b91078fd5,,,
,,2023-07-16 18:25:02.179,,175.3,92.7143,,,2023-07-16 18:25:04.873,2023-07-16 18:25:04.873,,,,,,UTC-0400,0YsTDK1a2W,,,,com.sec.android.app.shealth,,9218b287-5d13-47b2-bc32-3576c249ae7e,,,
,,2023-07-17 09:18:15.148,,175.3,92.7143,,,2023-07-17 09:18:17.198,2023-07-17 09:18:17.198,,,,,,UTC-0400,0YsTDK1a2W,,,,com.sec.android.app.shealth,,98695256-f9b7-4c0f-a4fc-6f06916f592e,,,
,,2023-07-18 10:44:25.587,,175.3,93.1679,,,2023-07-18 10:44:28.625,2023-07-18 10:44:28.625,,,,,,UTC-0400,0YsTDK1a2W,,,,com.sec.android.app.shealth,,fecacd01-1d4b-4d87-87e1-7bb36e34178f,,,
,,2023-07-19 10:53:03.086,,175.3,92.4422,,,2023-07-19 10:53:10.064,2023-07-19 10:53:10.064,,,,,,UTC-0400,0YsTDK1a2W,,,,com.sec.android.app.shealth,,6faea9ea-3701-4629-8ee8-b1a04b6623e9,,,
,,2023-07-20 10:39:17.700,,175.3,92.2607,,,2023-07-20 10:39:21.986,2023-07-20 10:39:21.986,,,,,,UTC-0400,0YsTDK1a2W,,,,com.sec.android.app.shealth,,8a01463d-8b35-48de-9feb-0cfbf0b9bf1f,,,
,,2023-07-20 10:48:02.504,,175.3,91.8979,,,2023-07-20 10:48:06.339,2023-07-20 10:48:06.339,,,,,,UTC-0400,0YsTDK1a2W,,,,com.sec.android.app.shealth,,001327d9-5e1b-4236-88df-1e1769b1b3c4,,,
,,2023-07-21 12:35:56.216,,175.3,92.8958,,,2023-07-21 12:36:00.153,2023-07-21 12:36:00.153,,,,,,UTC-0400,0YsTDK1a2W,,,,com.sec.android.app.shealth,,0694144e-e36b-4097-82b8-a16fe62c4124,,,
,,2023-07-22 14:14:45.418,,175.3,92.5329,,,2023-07-22 14:14:49.356,2023-07-22 14:14:49.356,,,,,,UTC-0400,0YsTDK1a2W,,,,com.sec.android.app.shealth,,ec1c3f3c-f3bf-44c0-89f4-17c21fbd83e6,,,
,,2023-07-23 14:04:44.406,,175.3,92.6236,,,2023-07-23 14:04:47.633,2023-07-23 14:04:47.633,,,,,,UTC-0400,0YsTDK1a2W,,,,com.sec.android.app.shealth,,f0c011f9-28e5-4fa5-8b30-28de569e2d70,,,
,,2023-07-24 08:55:46.571,,175.3,93.6215,,,2023-07-24 08:55:51.380,2023-07-24 08:55:51.380,,,,,,UTC-0400,0YsTDK1a2W,,,,com.sec.android.app.shealth,,9ba6daec-fad3-4e51-becf-2f0318101406,,,
,,2023-07-25 10:43:39.515,,175.3,93.1679,,,2023-07-25 10:43:42.436,2023-07-25 10:43:42.436,,,,,,UTC-0400,0YsTDK1a2W,,,,com.sec.android.app.shealth,,2d707932-1072-46d5-8777-c43d3d6d1856,,,
,,2023-07-26 10:37:31.133,,175.3,94.1658,,,2023-07-26 10:37:35.470,2023-07-26 10:37:35.470,,,,,,UTC-0400,0YsTDK1a2W,,,,com.sec.android.app.shealth,,2abb3727-eaf9-435b-b66e-61cad590907b,,,
,,2023-07-27 10:31:56.219,,175.3,93.9844,,,2023-07-27 10:31:59.763,2023-07-27 10:31:59.763,,,,,,UTC-0400,0YsTDK1a2W,,,,com.sec.android.app.shealth,,92b9748f-3306-4211-a4a6-1f13e330a307,,,
,,2023-07-28 18:30:55.191,,175.3,93.6215,,,2023-07-28 18:30:58.257,2023-07-28 18:30:58.257,,,,,,UTC-0400,0YsTDK1a2W,,,,com.sec.android.app.shealth,,0fec0c09-fd48-4db9-83bf-88cba53a98b1,,,
,,2023-07-29 14:27:09.184,,175.3,93.8937,,,2023-07-29 14:27:13.014,2023-07-29 14:27:13.014,,,,,,UTC-0400,0YsTDK1a2W,,,,com.sec.android.app.shealth,,c4fc9347-45a4-4368-8a43-b2beeddffa09,,,
,,2023-07-30 16:42:08.476,,175.3,93.3494,,,2023-07-30 16:42:13.016,2023-07-30 16:42:13.016,,,,,,UTC-0400,0YsTDK1a2W,,,,com.sec.android.app.shealth,,700d614f-3298-44f9-8ec5-6f0e9dc41b70,,,
,,2023-07-31 08:40:08.074,,175.3,94.2565,,,2023-07-31 08:40:13.896,2023-07-31 08:40:13.896,,,,,,UTC-0400,0YsTDK1a2W,,,,com.sec.android.app.shealth,,7f6f6133-fe01-4f57-9316-49238eea7476,,,
,,2023-08-01 10:46:51.457,,175.3,92.7143,,,2023-08-01 10:46:55.890,2023-08-01 10:46:55.890,,,,,,UTC-0400,0YsTDK1a2W,,,,com.sec.android.app.shealth,,c8ee1960-235e-4691-acfe-b977352f1069,,,
,,2023-08-02 10:38:12.395,,175.3,92.8958,,,2023-08-02 10:38:16.246,2023-08-02 10:38:16.246,,,,,,UTC-0400,0YsTDK1a2W,,,,com.sec.android.app.shealth,,2a8517e7-bd35-4006-aff8-93ff2a88aeb7,,,
,,2023-08-03 10:21:38.737,,175.3,92.805,,,2023-08-03 10:21:41.722,2023-08-03 10:21:41.722,,,,,,UTC-0400,0YsTDK1a2W,,,,com.sec.android.app.shealth,,d5700b27-d2e9-471f-ab09-cb80c82ae3ef,,,
,,2023-08-04 14:15:28.409,,175.3,93.6215,,,2023-08-04 14:15:33.219,2023-08-04 14:15:33.219,,,,,,UTC-0400,0YsTDK1a2W,,,,com.sec.android.app.shealth,,8c3df043-0a18-4728-85bb-c82e1d9cea02,,,
,,2023-08-07 08:52:09.619,,175.3,93.7122,,,2023-08-07 08:52:12.997,2023-08-07 08:52:12.997,,,,,,UTC-0400,0YsTDK1a2W,,,,com.sec.android.app.shealth,,b6b63a7d-4b4e-4964-ba55-b77efa4dd8c8,,,
,,2023-08-08 10:45:52.467,,175.3,93.9844,,,2023-08-08 10:45:56.122,2023-08-08 10:45:56.122,,,,,,UTC-0400,0YsTDK1a2W,,,,com.sec.android.app.shealth,,64062bdd-9320-4056-8833-faf6d0d5e67b,,,
,,2023-08-09 10:34:14.735,,175.3,93.7122,,,2023-08-09 10:34:21.454,2023-08-09 10:34:21.454,,,,,,UTC-0400,0YsTDK1a2W,,,,com.sec.android.app.shealth,,ee54095c-ce89-4262-aea6-7dd559865086,,,
,,2023-08-10 14:20:44.462,,175.3,93.7122,,,2023-08-10 14:20:46.212,2023-08-10 14:20:46.212,,,,,,UTC-0400,0YsTDK1a2W,,,,com.sec.android.app.shealth,,c4a5ef80-becd-47c0-89d0-45cd3a2507c2,,,
,,2023-08-12 14:58:10.862,,175.3,93.5308,,,2023-08-12 14:58:14.531,2023-08-12 14:58:14.531,,,,,,UTC-0400,0YsTDK1a2W,,,,com.sec.android.app.shealth,,ca39d61a-34a1-453a-b73d-6e9579cb0cc5,,,
,,2023-08-14 08:38:30.064,,175.3,94.2565,,,2023-08-14 08:38:36.604,2023-08-14 08:38:36.604,,,,,,UTC-0400,0YsTDK1a2W,,,,com.sec.android.app.shealth,,e92c22db-c8af-42f3-aa12-cc4501a698ce,,,
,,2023-08-15 11:09:06.176,,175.3,92.9865,,,2023-08-15 11:09:12.673,2023-08-15 11:09:12.673,,,,,,UTC-0400,0YsTDK1a2W,,,,com.sec.android.app.shealth,,7d33bede-2bab-4e89-83f5-876cc951d1a4,,,
,,2023-08-16 10:47:55.231,,175.3,93.2586,,,2023-08-16 10:48:00.209,2023-08-16 10:48:00.209,,,,,,UTC-0400,0YsTDK1a2W,,,,com.sec.android.app.shealth,,278e46fd-c765-48ef-85f0-c1f9985cd403,,,
,,2023-08-17 16:36:46.056,,175.3,93.8937,,,2023-08-17 16:36:51.652,2023-08-17 16:36:51.652,,,,,,UTC-0400,0YsTDK1a2W,,,,com.sec.android.app.shealth,,efcb7b4e-3579-43bb-a533-3f82f0bbc483,,,
,,2023-08-19 12:14:44.211,,175.3,93.5308,,,2023-08-19 12:14:48.145,2023-08-19 12:14:48.145,,,,,,UTC-0400,0YsTDK1a2W,,,,com.sec.android.app.shealth,,0350326a-594e-4efa-8efb-b3be604bcdae,,,
,,2023-08-19 12:21:48.908,,175.3,93.3494,,,2023-08-19 12:21:53.130,2023-08-19 12:21:53.130,,,,,,UTC-0400,0YsTDK1a2W,,,,com.sec.android.app.shealth,,0e841a71-a473-40ae-a412-24763e1eed6e,,,
,,2023-08-20 15:10:33.469,,175.3,93.1679,,,2023-08-20 15:10:37.798,2023-08-20 15:10:37.798,,,,,,UTC-0400,0YsTDK1a2W,,,,com.sec.android.app.shealth,,d4361b85-65b1-4daa-b45c-c30646c3e3dc,,,
,,2023-08-22 10:56:11.330,,175.3,93.3494,,,2023-08-22 10:56:15.216,2023-08-22 10:56:15.216,,,,,,UTC-0400,0YsTDK1a2W,,,,com.sec.android.app.shealth,,4c8aa630-0ae5-4c86-bc87-a27a55f0090d,,,
,,2023-08-21 09:00:00.000,,175.3,93.9844,,,2023-08-22 10:56:44.985,2023-08-22 10:56:44.985,,,,,,UTC-0400,0YsTDK1a2W,,,,com.sec.android.app.shealth,,52d83d83-4df2-4f6b-922f-1a8fb811b6d9,,,
,,2023-08-24 10:55:47.079,,175.3,94.1658,,,2023-08-24 10:55:53.861,2023-08-24 10:55:53.861,,,,,,UTC-0400,0YsTDK1a2W,,,,com.sec.android.app.shealth,,4882efee-7137-47fc-8ac4-657e3aafca9e,,,
,,2023-08-23 10:56:00.000,,175.3,93.9844,,,2023-08-24 10:56:14.412,2023-08-24 10:56:14.412,,,,,,UTC-0400,0YsTDK1a2W,,,,com.sec.android.app.shealth,,64d8d5e1-5464-42ad-bedb-f4bf847b4561,,,
,,2023-08-25 14:07:13.502,,175.3,94.0751,,,2023-08-25 14:07:16.060,2023-08-25 14:07:16.060,,,,,,UTC-0400,0YsTDK1a2W,,,,com.sec.android.app.shealth,,1b8b5653-33b2-44df-9fc0-ccad816e9155,,,
,,2023-08-26 15:20:32.959,,175.3,93.5308,,,2023-08-26 15:20:36.880,2023-08-26 15:20:36.880,,,,,,UTC-0400,0YsTDK1a2W,,,,com.sec.android.app.shealth,,f774f122-3730-4d0d-a075-c804cb235687,,,
,,2023-08-26 20:21:16.271,,175.3,92.17,,,2023-08-26 20:21:19.112,2023-08-26 20:21:19.112,,,,,,UTC-0400,0YsTDK1a2W,,,,com.sec.android.app.shealth,,a5a5ebc6-756a-4f10-9e26-574fe219d5fd,,,
,,2023-08-27 16:37:40.043,,175.3,92.0793,,,2023-08-27 16:37:43.281,2023-08-27 16:37:43.281,,,,,,UTC-0400,0YsTDK1a2W,,,,com.sec.android.app.shealth,,c0887430-8a1c-4387-bfa0-b25a20029d36,,,
,,2023-08-28 08:57:32.834,,175.3,92.6236,,,2023-08-28 08:57:37.036,2023-08-28 08:57:37.036,,,,,,UTC-0400,0YsTDK1a2W,,,,com.sec.android.app.shealth,,148df7d7-460c-4b36-a143-7630cc5a7ebe,,,
,,2023-08-29 10:46:40.840,,175.3,92.5329,,,2023-08-29 10:46:43.918,2023-08-29 10:46:43.918,,,,,,UTC-0400,0YsTDK1a2W,,,,com.sec.android.app.shealth,,9c3a3c80-1410-464c-8d76-7bb4b36cb00c,,,
,,2023-08-30 10:43:17.835,,175.3,92.7143,,,2023-08-30 10:43:22.084,2023-08-30 10:43:22.084,,,,,,UTC-0400,0YsTDK1a2W,,,,com.sec.android.app.shealth,,aada9b19-dcdf-4863-beda-a1fd5fee66cf,,,
,,2023-08-31 11:09:58.590,,175.3,92.8958,,,2023-08-31 11:10:03.624,2023-08-31 11:10:03.624,,,,,,UTC-0400,0YsTDK1a2W,,,,com.sec.android.app.shealth,,7364e7d3-e0a5-40c9-8d9b-aacf79dce756,,,
,,2023-09-01 14:26:28.906,,175.3,91.9886,,,2023-09-01 14:26:32.514,2023-09-01 14:26:32.514,,,,,,UTC-0400,0YsTDK1a2W,,,,com.sec.android.app.shealth,,2b900f6b-1541-4803-b1ae-1ddaeb92187e,,,
,,2023-09-02 17:31:29.877,,175.3,91.3535,,,2023-09-02 17:31:35.454,2023-09-02 17:31:35.454,,,,,,UTC-0400,0YsTDK1a2W,,,,com.sec.android.app.shealth,,3c673d8a-ce3e-4e59-9640-6fd2e683142b,,,
,,2023-09-03 17:25:06.751,,175.3,91.9886,,,2023-09-03 17:25:12.343,2023-09-03 17:25:12.343,,,,,,UTC-0400,0YsTDK1a2W,,,,com.sec.android.app.shealth,,3ef3d8c6-300a-4785-81b7-e8d62be97eb6,,,
,,2023-09-03 20:27:36.481,,175.3,91.1721,,,2023-09-03 20:27:40.825,2023-09-03 20:27:40.825,,,,,,UTC-0400,0YsTDK1a2W,,,,com.sec.android.app.shealth,,62829646-67e1-44f9-a58b-859aed42f5ca,,,
,,2023-09-04 15:30:31.298,,175.3,92.7143,,,2023-09-04 15:30:36.422,2023-09-04 15:30:36.422,,,,,,UTC-0400,0YsTDK1a2W,,,,com.sec.android.app.shealth,,77fd3d2c-03ed-438d-ab27-f6d890fbf3a4,,,
,,2023-09-04 19:16:02.514,,175.3,91.8979,,,2023-09-04 19:16:06.508,2023-09-04 19:16:06.508,,,,,,UTC-0400,0YsTDK1a2W,,,,com.sec.android.app.shealth,,174a667a-68bf-4fa5-a745-c75ec11e5e37,,,
,,2023-09-05 14:12:20.894,,175.3,91.3989,,,2023-09-05 14:12:24.622,2023-09-05 14:12:24.622,,,,,,UTC-0400,0YsTDK1a2W,,,,com.sec.android.app.shealth,,10cc4be2-3acd-4270-8442-b5f4a1a70023,,,
,,2023-09-06 10:50:48.400,,175.3,91.9886,,,2023-09-06 10:50:52.859,2023-09-06 10:50:52.859,,,,,,UTC-0400,0YsTDK1a2W,,,,com.sec.android.app.shealth,,f7524e4e-411c-4fc3-a619-8904c573bff9,,,
,,2023-09-07 10:53:48.445,,175.3,91.8979,,,2023-09-07 10:53:52.297,2023-09-07 10:53:52.297,,,,,,UTC-0400,0YsTDK1a2W,,,,com.sec.android.app.shealth,,bce61f2c-1c89-42f1-aed6-c1cc1d1f6135,,,
,,2023-09-08 14:28:50.672,,175.3,91.1721,,,2023-09-08 14:28:55.706,2023-09-08 14:28:55.706,,,,,,UTC-0400,0YsTDK1a2W,,,,com.sec.android.app.shealth,,32cad706-c36f-4ac0-84b3-b65e6845e273,,,
,,2023-09-09 18:57:22.803,,175.3,89.7206,,,2023-09-09 18:57:28.652,2023-09-09 18:57:28.652,,,,,,UTC-0400,0YsTDK1a2W,,,,com.sec.android.app.shealth,,bddb7e09-206f-4a4d-add8-a7621640682e,,,
,,2023-09-10 18:06:24.131,,175.3,91.2628,,,2023-09-10 18:06:33.612,2023-09-10 18:06:33.612,,,,,,UTC-0400,0YsTDK1a2W,,,,com.sec.android.app.shealth,,b5e5e396-92cc-4f9c-99a0-d1aba42f8085,,,
,,2023-09-11 07:28:55.933,,175.3,91.1721,,,2023-09-11 07:28:58.475,2023-09-11 07:28:58.475,,,,,,UTC-0400,0YsTDK1a2W,,,,com.sec.android.app.shealth,,00af4bf7-5e84-497f-8c14-d0da360a8493,,,
,,2023-09-11 12:52:28.196,,175.3,89.4485,,,2023-09-11 12:52:33.125,2023-09-11 12:52:33.125,,,,,,UTC-0400,0YsTDK1a2W,,,,com.sec.android.app.shealth,,a7a070e9-3eb5-4350-a4d3-47248770df5a,,,
,,2023-09-12 10:37:58.166,,175.3,90.9907,,,2023-09-12 10:38:04.336,2023-09-12 10:38:04.336,,,,,,UTC-0400,0YsTDK1a2W,,,,com.sec.android.app.shealth,,772e38b7-0710-41d3-b531-113fe2a426c6,,,
,,2023-09-13 10:43:57.541,,175.3,90.5371,,,2023-09-13 10:44:00.412,2023-09-13 10:44:00.412,,,,,,UTC-0400,0YsTDK1a2W,,,,com.sec.android.app.shealth,,52dbd639-7c5a-46a5-978d-a5fdfa96bc41,,,
,,2023-09-13 14:24:20.590,,175.3,90.3556,,,2023-09-13 14:24:24.438,2023-09-13 14:24:24.438,,,,,,UTC-0400,0YsTDK1a2W,,,,com.sec.android.app.shealth,,3e86212a-1024-4943-b444-95e4b50d373c,,,
,,2023-09-14 10:49:08.770,,175.3,90.5371,,,2023-09-14 10:49:12.284,2023-09-14 10:49:12.284,,,,,,UTC-0400,0YsTDK1a2W,,,,com.sec.android.app.shealth,,fb549104-9fb7-48ac-9f4e-4e47e7745baf,,,
,,2023-09-15 10:53:48.200,,175.3,90.3556,,,2023-09-15 10:53:53.409,2023-09-15 10:53:53.409,,,,,,UTC-0400,0YsTDK1a2W,,,,com.sec.android.app.shealth,,b085ca9d-3315-4372-894a-6541fd37aa2e,,,
,,2023-09-16 15:33:50.541,,175.3,90.9907,,,2023-09-16 15:33:55.696,2023-09-16 15:33:55.696,,,,,,UTC-0400,0YsTDK1a2W,,,,com.sec.android.app.shealth,,80cd48cf-9c96-4b0b-b396-e53514ea22bb,,,
,,2023-09-16 20:57:15.943,,175.3,89.9021,,,2023-09-16 20:57:24.841,2023-09-16 20:57:24.841,,,,,,UTC-0400,0YsTDK1a2W,,,,com.sec.android.app.shealth,,935ec156-7504-4b4a-ac01-db95bd60b6c1,,,
,,2023-09-18 07:18:35.776,,175.3,91.3535,,,2023-09-18 07:18:41.380,2023-09-18 07:18:41.380,,,,,,UTC-0400,0YsTDK1a2W,,,,com.sec.android.app.shealth,,3a1ef06e-86b8-47b9-be02-ce6cba6a93e0,,,
,,2023-09-19 10:58:54.501,,175.3,90.9,,,2023-09-19 10:58:58.013,2023-09-19 10:58:58.013,,,,,,UTC-0400,0YsTDK1a2W,,,,com.sec.android.app.shealth,,2e3d8c9f-c325-46a5-ac0d-f25bad553eea,,,
,,2023-09-20 10:49:45.307,,175.3,90.5371,,,2023-09-20 10:49:49.228,2023-09-20 10:49:49.228,,,,,,UTC-0400,0YsTDK1a2W,,,,com.sec.android.app.shealth,,9a7cca5d-3c65-4226-a7a8-9a86841acf2e,,,
,,2023-09-21 19:16:16.077,,175.3,89.8113,,,2023-09-21 19:16:22.162,2023-09-21 19:16:22.162,,,,,,UTC-0400,0YsTDK1a2W,,,,com.sec.android.app.shealth,,b305ea02-4f37-4295-983e-fefd4f67b1a8,,,
,,2023-09-22 12:41:27.768,,175.3,90.6278,,,2023-09-22 12:41:30.991,2023-09-22 12:41:30.991,,,,,,UTC-0400,0YsTDK1a2W,,,,com.sec.android.app.shealth,,c3b43aaa-a639-432c-8a0a-fba016c12254,,,
,,2023-09-23 14:57:43.265,,175.3,91.1721,,,2023-09-23 14:57:50.750,2023-09-23 14:57:50.750,,,,,,UTC-0400,0YsTDK1a2W,,,,com.sec.android.app.shealth,,71bd3a13-ebc1-475b-b563-32804851a751,,,
,,2023-09-24 14:11:24.491,,175.3,90.3556,,,2023-09-24 14:11:31.199,2023-09-24 14:11:31.199,,,,,,UTC-0400,0YsTDK1a2W,,,,com.sec.android.app.shealth,,2f8002a9-f713-40df-8f00-b3e8b4da3f78,,,
32.004234,,2023-09-24 14:47:45.623,,175.26,90.3556,,,2023-09-24 14:47:45.629,2023-09-24 14:47:45.629,,33.40889,58.351364,,1630,UTC-0400,ywTQ5Dntzw,30.186802,,64.57969,com.sec.android.app.shealth,35.42031,7de94894-a1cc-48d4-b329-e6cd97db80ae,,42.764236,
27.84044,,2023-09-24 19:05:26.460,,175.26,90.3556,,,2023-09-24 19:05:26.474,2023-09-24 19:05:26.474,,36.50279,62.51516,,1720,UTC-0400,ywTQ5Dntzw,32.98231,,69.18792,com.sec.android.app.shealth,30.812082,b87c2bfc-8e4d-4fca-b1ee-6909111b0b79,,45.85657,
,,2023-09-24 21:24:44.345,,175.3,88.9042,,,2023-09-24 21:24:49.122,2023-09-24 21:24:49.122,,,,,,UTC-0400,0YsTDK1a2W,,,,com.sec.android.app.shealth,,fdc51889-ece0-47d4-b3ad-26d240345f0c,,,
,,2023-09-25 17:14:15.779,,175.3,89.7206,,,2023-09-25 17:14:19.634,2023-09-25 17:14:19.634,,,,,,UTC-0400,0YsTDK1a2W,,,,com.sec.android.app.shealth,,18f30496-2835-4818-a9ba-9e8e7a88ac6a,,,
,,2023-09-26 11:44:45.158,,175.3,90.6278,,,2023-09-26 11:44:48.405,2023-09-26 11:44:48.405,,,,,,UTC-0400,0YsTDK1a2W,,,,com.sec.android.app.shealth,,31df5881-2919-4d6f-bcf0-504892838e90,,,
,,2023-09-27 12:14:35.081,,175.3,90.8092,,,2023-09-27 12:14:40.831,2023-09-27 12:14:40.831,,,,,,UTC-0400,0YsTDK1a2W,,,,com.sec.android.app.shealth,,cef453ab-f4dd-44b9-8636-82d20dab5e72,,,
,,2023-09-28 12:41:24.674,,175.3,90.3556,,,2023-09-28 12:41:27.604,2023-09-28 12:41:27.604,,,,,,UTC-0400,0YsTDK1a2W,,,,com.sec.android.app.shealth,,e72c4489-7892-4859-8251-a4bc52dfe981,,,
,,2023-09-29 13:22:29.673,,175.3,89.6299,,,2023-09-29 13:22:35.144,2023-09-29 13:22:35.144,,,,,,UTC-0400,0YsTDK1a2W,,,,com.sec.android.app.shealth,,3372ea02-977f-48f9-89e3-00d75ec8a963,,,
,,2023-09-30 16:25:37.041,,175.3,90.2649,,,2023-09-30 16:25:42.090,2023-09-30 16:25:42.090,,,,,,UTC-0400,0YsTDK1a2W,,,,com.sec.android.app.shealth,,817b5841-8c83-41b2-bd13-389bb545a97c,,,
,,2023-10-02 12:19:10.316,,175.3,90.9907,,,2023-10-02 12:19:15.641,2023-10-02 12:19:15.641,,,,,,UTC-0400,0YsTDK1a2W,,,,com.sec.android.app.shealth,,2ba41eef-3ad7-4192-8bf9-26e9ee8aa884,,,
,,2023-10-02 16:18:09.286,,175.3,90.7185,,,2023-10-02 16:18:14.235,2023-10-02 16:18:14.235,,,,,,UTC-0400,0YsTDK1a2W,,,,com.sec.android.app.shealth,,411f81f3-6e4d-47ff-8b90-3fddfd8db25c,,,
,,2023-10-02 17:13:50.452,,175.3,90.3556,,,2023-10-02 17:13:54.814,2023-10-02 17:13:54.814,,,,,,UTC-0400,0YsTDK1a2W,,,,com.sec.android.app.shealth,,9dde6eb4-87bd-4ff9-8ce9-03e18200cabc,,,
,,2023-10-03 14:49:35.560,,175.3,90.9907,,,2023-10-03 14:49:40.897,2023-10-03 14:49:40.897,,,,,,UTC-0400,0YsTDK1a2W,,,,com.sec.android.app.shealth,,000b282f-c2d5-4d96-9fd6-ac9e344d3c12,,,
,,2023-10-04 14:49:49.321,,175.3,91.6257,,,2023-10-04 14:49:53.960,2023-10-04 14:49:53.960,,,,,,UTC-0400,0YsTDK1a2W,,,,com.sec.android.app.shealth,,67ee13d4-9a00-4e88-8e11-529469a8395e,,,
,,2023-10-05 12:32:15.595,,175.3,91.7164,,,2023-10-05 12:32:18.553,2023-10-05 12:32:18.553,,,,,,UTC-0400,0YsTDK1a2W,,,,com.sec.android.app.shealth,,406431e9-e796-4dea-8f12-3bc2eb73e6a7,,,
,,2023-10-06 12:47:05.527,,175.3,91.8071,,,2023-10-06 12:47:08.821,2023-10-06 12:47:08.821,,,,,,UTC-0400,0YsTDK1a2W,,,,com.sec.android.app.shealth,,22bb6336-12ca-4de4-938a-0db29558290e,,,
,,2023-10-07 10:54:45.047,,175.3,91.6257,,,2023-10-07 10:54:49.016,2023-10-07 10:54:49.016,,,,,,UTC-0400,0YsTDK1a2W,,,,com.sec.android.app.shealth,,a36f95eb-2f4b-4775-818b-f2d900122d9c,,,
,,2023-10-09 13:00:42.424,,175.3,91.1721,,,2023-10-09 13:00:45.012,2023-10-09 13:00:45.012,,,,,,UTC-0400,0YsTDK1a2W,,,,com.sec.android.app.shealth,,ebbd0608-0fae-4a5d-bf42-def1a6d08056,,,
,,2023-10-09 16:42:59.721,,175.3,90.8092,,,2023-10-09 16:43:04.129,2023-10-09 16:43:04.129,,,,,,UTC-0400,0YsTDK1a2W,,,,com.sec.android.app.shealth,,41885abc-e4b5-42b6-a10c-dbd561719c48,,,
,,2023-10-10 12:47:57.205,,175.3,91.6257,,,2023-10-10 12:48:01.827,2023-10-10 12:48:01.827,,,,,,UTC-0400,0YsTDK1a2W,,,,com.sec.android.app.shealth,,eb70d1e1-2c65-4d3d-bfe8-667f1b87f622,,,
,,2023-10-11 12:50:03.468,,175.3,91.9886,,,2023-10-11 12:50:06.383,2023-10-11 12:50:06.383,,,,,,UTC-0400,0YsTDK1a2W,,,,com.sec.android.app.shealth,,99854866-6733-4f89-87c7-af1ca9fd1baf,,,
,,2023-10-12 15:39:46.038,,175.3,91.7164,,,2023-10-12 15:39:50.309,2023-10-12 15:39:50.309,,,,,,UTC-0400,0YsTDK1a2W,,,,com.sec.android.app.shealth,,7cb16127-03cc-4ac3-82ee-bce9f08c0786,,,
,,2023-10-13 15:08:59.124,,175.3,91.7164,,,2023-10-13 15:09:00.937,2023-10-13 15:09:00.937,,,,,,UTC-0400,0YsTDK1a2W,,,,com.sec.android.app.shealth,,7c461b3d-d5b2-4976-b9d3-48a09c4e13df,,,
,,2023-10-14 22:07:30.398,,175.3,90.6278,,,2023-10-14 22:07:38.263,2023-10-14 22:07:38.263,,,,,,UTC-0400,0YsTDK1a2W,,,,com.sec.android.app.shealth,,0cd9727d-59f6-470f-ba01-40148163dd6a,,,
,,2023-10-15 15:56:19.506,,175.3,90.9907,,,2023-10-15 15:56:26.011,2023-10-15 15:56:26.011,,,,,,UTC-0400,0YsTDK1a2W,,,,com.sec.android.app.shealth,,27798ee5-7775-4a61-86a1-238bc7733ddf,,,
,,2023-10-15 18:59:40.669,,175.3,89.9928,,,2023-10-15 18:59:45.067,2023-10-15 18:59:45.067,,,,,,UTC-0400,0YsTDK1a2W,,,,com.sec.android.app.shealth,,f712c320-5b97-418b-81a7-81178d4a584c,,,
,,2023-10-16 12:56:51.623,,175.3,91.1721,,,2023-10-16 12:56:57.717,2023-10-16 12:56:57.717,,,,,,UTC-0400,0YsTDK1a2W,,,,com.sec.android.app.shealth,,844a4d4d-b527-4f94-8915-bc9a61b781f0,,,
,,2023-10-17 14:14:24.123,,175.3,91.1721,,,2023-10-17 14:14:25.775,2023-10-17 14:14:25.775,,,,,,UTC-0400,0YsTDK1a2W,,,,com.sec.android.app.shealth,,1cd7c2df-c26a-47cd-ab2d-ed4c750eaae8,,,
,,2023-10-18 18:19:42.363,,175.3,90.7185,,,2023-10-18 18:19:44.510,2023-10-18 18:19:44.510,,,,,,UTC-0400,0YsTDK1a2W,,,,com.sec.android.app.shealth,,71ac28da-d89c-4b01-a913-4e73d09c3618,,,
,,2023-10-19 13:55:20.152,,175.3,91.2628,,,2023-10-19 13:55:24.096,2023-10-19 13:55:24.096,,,,,,UTC-0400,0YsTDK1a2W,,,,com.sec.android.app.shealth,,a40542ee-2c2a-444f-b46f-89174001418f,,,
,,2023-10-20 12:44:42.476,,175.3,91.7164,,,2023-10-20 12:44:44.938,2023-10-20 12:44:44.938,,,,,,UTC-0400,0YsTDK1a2W,,,,com.sec.android.app.shealth,,37257864-86c4-401f-93ea-6d19381ea239,,,
,,2023-10-21 16:35:08.114,,175.3,91.6257,,,2023-10-21 16:35:12.253,2023-10-21 16:35:12.253,,,,,,UTC-0400,0YsTDK1a2W,,,,com.sec.android.app.shealth,,97a5c9bd-72bf-469d-a655-cdd574005d78,,,
,,2023-10-22 15:54:38.629,,175.3,91.3535,,,2023-10-22 15:54:44.497,2023-10-22 15:54:44.497,,,,,,UTC-0400,0YsTDK1a2W,,,,com.sec.android.app.shealth,,88407f34-98cc-4e06-8243-fe073dce1759,,,
,,2023-10-24 12:51:33.680,,175.3,91.0814,,,2023-10-24 12:51:38.403,2023-10-24 12:51:38.403,,,,,,UTC-0400,0YsTDK1a2W,,,,com.sec.android.app.shealth,,9dc99120-4c70-4377-a444-1bde60a07912,,,
,,2023-10-25 17:26:34.171,,175.3,91.1721,,,2023-10-25 17:26:39.675,2023-10-25 17:26:39.675,,,,,,UTC-0400,0YsTDK1a2W,,,,com.sec.android.app.shealth,,4b951862-fa49-482a-843e-dee16d17c1c2,,,
,,2023-10-26 12:45:59.275,,175.3,91.1721,,,2023-10-26 12:46:00.689,2023-10-26 12:46:00.689,,,,,,UTC-0400,0YsTDK1a2W,,,,com.sec.android.app.shealth,,f5c29687-f96f-4d7a-807b-ec875af0ec07,,,
,,2023-10-28 19:58:37.830,,175.3,90.2649,,,2023-10-28 19:58:41.582,2023-10-28 19:58:41.582,,,,,,UTC-0400,0YsTDK1a2W,,,,com.sec.android.app.shealth,,23148015-3d8d-49eb-b276-1cf29b3b3047,,,
,,2023-10-29 18:07:21.265,,175.3,91.0814,,,2023-10-29 18:07:25.351,2023-10-29 18:07:25.351,,,,,,UTC-0400,0YsTDK1a2W,,,,com.sec.android.app.shealth,,79e740e7-ccef-43bc-8ac0-ec7d8972821a,,,
,,2023-10-30 14:56:17.538,,175.3,90.9907,,,2023-10-30 14:56:21.709,2023-10-30 14:56:21.709,,,,,,UTC-0400,0YsTDK1a2W,,,,com.sec.android.app.shealth,,2569b62d-b1ff-4635-98d4-fe270082a5ae,,,
,,2023-10-31 13:44:02.093,,175.3,91.3535,,,2023-10-31 13:44:06.748,2023-10-31 13:44:06.748,,,,,,UTC-0400,0YsTDK1a2W,,,,com.sec.android.app.shealth,,f8192554-cb12-47d4-9eea-d78051f5cbc3,,,
,,2023-11-03 14:49:09.376,,175.3,92.0793,,,2023-11-03 14:49:13.713,2023-11-03 14:49:13.713,,,,,,UTC-0400,0YsTDK1a2W,,,,com.sec.android.app.shealth,,a80b174c-d6a9-4fe6-bb73-7f8998343656,,,
,,2023-11-04 14:06:16.129,,175.3,92.7143,,,2023-11-04 14:06:20.763,2023-11-04 14:06:20.763,,,,,,UTC-0400,0YsTDK1a2W,,,,com.sec.android.app.shealth,,d2dbb2a2-9550-4576-8d06-4c0884eff051,,,
,,2023-11-05 14:54:06.582,,175.3,92.0793,,,2023-11-05 14:54:11.484,2023-11-05 14:54:11.484,,,,,,UTC-0500,0YsTDK1a2W,,,,com.sec.android.app.shealth,,76345e9b-2433-4eb2-9b65-8b66225f08a3,,,
,,2023-11-11 17:11:05.397,,175.3,91.3535,,,2023-11-11 17:11:10.326,2023-11-11 17:11:10.326,,,,,,UTC-0500,0YsTDK1a2W,,,,com.sec.android.app.shealth,,67f34628-f34c-4891-a26b-1bd31e9050ab,,,
,,2023-11-12 22:12:34.396,,175.3,91.3535,,,2023-11-12 22:12:36.612,2023-11-12 22:12:36.612,,,,,,UTC-0500,0YsTDK1a2W,,,,com.sec.android.app.shealth,,f305a343-d8fc-4659-a47f-d5e165919d07,,,
,,2023-11-15 11:32:32.877,,175.3,91.2628,,,2023-11-15 11:32:36.132,2023-11-15 11:32:36.132,,,,,,UTC-0500,0YsTDK1a2W,,,,com.sec.android.app.shealth,,8a9d6bac-6cf4-4e90-a501-6b3bc18f748e,,,
,,2023-11-16 11:33:04.753,,175.3,91.0814,,,2023-11-16 11:33:11.681,2023-11-16 11:33:11.681,,,,,,UTC-0500,0YsTDK1a2W,,,,com.sec.android.app.shealth,,90509a80-0037-44f5-91c6-4f068f15ec0a,,,
,,2023-11-17 11:49:10.223,,175.3,90.9907,,,2023-11-17 11:49:15.040,2023-11-17 11:49:15.040,,,,,,UTC-0500,0YsTDK1a2W,,,,com.sec.android.app.shealth,,8eb669a6-93cd-4883-ba9f-2597f79651bb,,,
,,2023-11-18 16:45:43.800,,175.3,89.9021,,,2023-11-18 16:46:04.486,2023-11-18 16:46:04.486,,,,,,UTC-0500,0YsTDK1a2W,,,,com.sec.android.app.shealth,,6a739d32-8405-47e5-b677-9e6917f2a61a,,,
,,2023-11-19 18:31:36.882,,175.3,89.4485,,,2023-11-19 18:31:40.180,2023-11-19 18:31:40.180,,,,,,UTC-0500,0YsTDK1a2W,,,,com.sec.android.app.shealth,,96f24cf1-6384-44bb-a015-6a28fa919674,,,
,,2023-11-20 09:49:32.425,,175.3,89.9021,,,2023-11-20 09:49:35.397,2023-11-20 09:49:35.397,,,,,,UTC-0500,0YsTDK1a2W,,,,com.sec.android.app.shealth,,05e5f6be-4bd0-4a0d-9047-fadd271de0eb,,,
,,2023-11-21 11:49:00.730,,175.3,88.9949,,,2023-11-21 11:49:04.703,2023-11-21 11:49:04.703,,,,,,UTC-0500,0YsTDK1a2W,,,,com.sec.android.app.shealth,,6b204958-b2fb-4b47-9ece-1796e9cb23f5,,,
,,2023-11-22 12:02:54.007,,175.3,89.1763,,,2023-11-22 12:02:58.595,2023-11-22 12:02:58.595,,,,,,UTC-0500,0YsTDK1a2W,,,,com.sec.android.app.shealth,,2864271c-8409-4b1c-92b1-6e9255cfeb02,,,
,,2023-11-23 16:32:58.853,,175.3,89.1763,,,2023-11-23 16:33:00.957,2023-11-23 16:33:00.957,,,,,,UTC-0500,0YsTDK1a2W,,,,com.sec.android.app.shealth,,3628bced-6633-41c3-b407-49a0a3d25350,,,
,,2023-11-23 19:10:42.438,,175.3,88.9949,,,2023-11-23 19:10:45.655,2023-11-23 19:10:45.655,,,,,,UTC-0500,0YsTDK1a2W,,,,com.sec.android.app.shealth,,fd83091a-8302-4c17-a796-394f853b58f1,,,
,,2023-11-24 16:40:12.089,,175.3,88.9949,,,2023-11-24 16:40:14.628,2023-11-24 16:40:14.628,,,,,,UTC-0500,0YsTDK1a2W,,,,com.sec.android.app.shealth,,1e1608d3-1ca4-4ef2-80e7-73d9d781e050,,,
,,2023-11-25 18:12:41.988,,175.3,89.1763,,,2023-11-25 18:12:46.178,2023-11-25 18:12:46.178,,,,,,UTC-0500,0YsTDK1a2W,,,,com.sec.android.app.shealth,,53c7509b-6987-4b62-aa33-9144ce89593f,,,
,,2023-12-07 16:42:19.533,,175.3,90.2649,,,2023-12-07 16:42:25.277,2023-12-07 16:42:25.277,,,,,,UTC-0500,0YsTDK1a2W,,,,com.sec.android.app.shealth,,23494535-7db5-4202-8949-c3fc7f53b14a,,,
,,2023-12-08 14:32:33.990,,175.3,89.9021,,,2023-12-08 14:32:40.768,2023-12-08 14:32:40.768,,,,,,UTC-0500,0YsTDK1a2W,,,,com.sec.android.app.shealth,,348b2aeb-7692-418a-9e29-ed3eec6a54f6,,,
,,2023-12-09 19:34:28.708,,175.3,89.3577,,,2023-12-09 19:34:33.301,2023-12-09 19:34:33.301,,,,,,UTC-0500,0YsTDK1a2W,,,,com.sec.android.app.shealth,,ca2c9d4c-2010-4943-9c05-efe1a529d182,,,
,,2023-12-09 20:44:02.536,,175.3,89.267,,,2023-12-09 20:44:07.079,2023-12-09 20:44:07.079,,,,,,UTC-0500,0YsTDK1a2W,,,,com.sec.android.app.shealth,,8dcbda70-a30e-4705-a5ba-086a7b5453ff,,,
,,2023-12-11 10:04:43.306,,175.3,89.267,,,2023-12-11 10:04:46.141,2023-12-11 10:04:46.141,,,,,,UTC-0500,0YsTDK1a2W,,,,com.sec.android.app.shealth,,2f465951-b5c0-404d-a3a7-e24afa7a59db,,,
,,2023-12-12 11:23:36.315,,175.3,89.9021,,,2023-12-12 11:23:43.258,2023-12-12 11:23:43.258,,,,,,UTC-0500,0YsTDK1a2W,,,,com.sec.android.app.shealth,,c52a7206-96c0-4ec9-af34-6c922fd5fcb1,,,
,,2023-12-13 11:46:37.609,,175.3,90.0835,,,2023-12-13 11:46:41.021,2023-12-13 11:46:41.021,,,,,,UTC-0500,0YsTDK1a2W,,,,com.sec.android.app.shealth,,24c672f6-eba0-404e-945b-16267c1f00a0,,,
,,2023-12-14 11:34:11.795,,175.3,90.3556,,,2023-12-14 11:34:16.256,2023-12-14 11:34:16.256,,,,,,UTC-0500,0YsTDK1a2W,,,,com.sec.android.app.shealth,,1cfe79f3-3f2d-488c-9b9d-d34e2b8dba78,,,
,,2023-12-15 19:52:54.049,,175.3,89.7206,,,2023-12-15 19:52:58.591,2023-12-15 19:52:58.591,,,,,,UTC-0500,0YsTDK1a2W,,,,com.sec.android.app.shealth,,01281301-02e0-4538-958f-833ede60eb27,,,
,,2023-12-16 15:23:57.501,,175.3,89.267,,,2023-12-16 15:24:00.455,2023-12-16 15:24:00.455,,,,,,UTC-0500,0YsTDK1a2W,,,,com.sec.android.app.shealth,,dcfd0739-b870-4bbf-8681-fde13e545448,,,
,,2023-12-16 15:54:58.539,,175.3,89.0856,,,2023-12-16 15:55:03.609,2023-12-16 15:55:03.609,,,,,,UTC-0500,0YsTDK1a2W,,,,com.sec.android.app.shealth,,fbb8e225-1f9e-42b6-bcec-25384423f5c5,,,
,,2023-12-17 19:05:27.739,,175.3,88.2691,,,2023-12-17 19:05:32.585,2023-12-17 19:05:32.585,,,,,,UTC-0500,0YsTDK1a2W,,,,com.sec.android.app.shealth,,fc849bb0-6692-40a2-b250-6dd5e5b7f5df,,,
,,2023-12-19 11:42:34.250,,175.3,87.8155,,,2023-12-19 11:42:37.317,2023-12-19 11:42:37.317,,,,,,UTC-0500,0YsTDK1a2W,,,,com.sec.android.app.shealth,,b934dab5-dfe2-49ed-94d6-13131ce71b37,,,
,,2023-12-18 12:00:00.000,,175.3,88.0877,,,2023-12-19 11:43:05.550,2023-12-19 11:43:05.550,,,,,,UTC-0500,0YsTDK1a2W,,,,com.sec.android.app.shealth,,bb038b61-a872-4c14-9bb6-b6a3fc5d2f09,,,
,,2023-12-21 14:38:45.266,,175.3,87.9063,,,2023-12-21 14:38:49.295,2023-12-21 14:38:49.295,,,,,,UTC-0500,0YsTDK1a2W,,,,com.sec.android.app.shealth,,f96be7fc-e039-482b-b1ec-2e502a7aa33f,,,
,,2023-12-21 15:02:11.265,,175.3,87.7248,,,2023-12-21 15:02:15.353,2023-12-21 15:02:15.353,,,,,,UTC-0500,0YsTDK1a2W,,,,com.sec.android.app.shealth,,ee4f299d-4d43-4020-9787-d047a8447714,,,
,,2023-12-22 14:16:32.854,,175.3,88.0877,,,2023-12-22 14:16:37.037,2023-12-22 14:16:37.037,,,,,,UTC-0500,0YsTDK1a2W,,,,com.sec.android.app.shealth,,b010be78-e25f-4e9d-a472-dc9ed850f934,,,
,,2023-12-22 19:06:52.371,,175.3,86.9991,,,2023-12-22 19:06:59.300,2023-12-22 19:06:59.300,,,,,,UTC-0500,0YsTDK1a2W,,,,com.sec.android.app.shealth,,f606777a-f896-4413-ad24-03a04a5dee91,,,
,,2023-12-23 14:49:47.858,,175.3,87.8155,,,2023-12-23 14:49:51.968,2023-12-23 14:49:51.968,,,,,,UTC-0500,0YsTDK1a2W,,,,com.sec.android.app.shealth,,f8e8bc64-dcc7-49fc-ae8c-74457fb97c21,,,
,,2023-12-23 17:21:59.821,,175.3,87.7248,,,2023-12-23 17:22:02.857,2023-12-23 17:22:02.857,,,,,,UTC-0500,0YsTDK1a2W,,,,com.sec.android.app.shealth,,ebb45ea3-70be-4395-986f-b96150d7aa23,,,
,,2023-12-24 15:09:49.394,,175.3,87.997,,,2023-12-24 15:09:53.416,2023-12-24 15:09:53.416,,,,,,UTC-0500,0YsTDK1a2W,,,,com.sec.android.app.shealth,,932de9d7-4ee7-410c-913d-db3ba55f6f87,,,
,,2023-12-25 17:11:12.141,,175.3,87.997,,,2023-12-25 17:11:14.011,2023-12-25 17:11:14.011,,,,,,UTC-0500,0YsTDK1a2W,,,,com.sec.android.app.shealth,,8fe20d36-a74e-42ac-b4f3-c9048b465758,,,
,,2023-12-26 14:58:13.900,,175.3,89.3577,,,2023-12-26 14:58:18.364,2023-12-26 14:58:18.364,,,,,,UTC-0500,0YsTDK1a2W,,,,com.sec.android.app.shealth,,65a79c71-50fe-4ed4-8597-ce4b3778fb36,,,
,,2023-12-27 16:28:44.017,,175.3,88.9042,,,2023-12-27 16:28:46.699,2023-12-27 16:28:46.699,,,,,,UTC-0500,0YsTDK1a2W,,,,com.sec.android.app.shealth,,8f6e3f00-bf11-40a2-994d-f4e273493902,,,
,,2023-12-27 22:10:15.902,,175.3,88.2691,,,2023-12-27 22:10:21.128,2023-12-27 22:10:21.128,,,,,,UTC-0500,0YsTDK1a2W,,,,com.sec.android.app.shealth,,95efdacf-b8d1-4b25-a53e-1c82ffbd6890,,,
,62600630,2023-12-28 15:23:11.541,,175.3,88.9042,,62600630,2023-12-28 15:23:17.214,2023-12-28 15:23:17.214,,,,,,UTC-0500,0YsTDK1a2W,,,,com.sec.android.app.shealth,,21a32f01-d764-4426-b00e-b5f97cc7a494,,,
,62600630,2023-12-29 01:30:35.058,,175.3,88.2691,,62600630,2023-12-29 01:30:40.033,2023-12-29 01:30:40.033,,,,,,UTC-0500,0YsTDK1a2W,,,,com.sec.android.app.shealth,,ade3e5bc-2154-4f54-90f4-8edcd3a99d9a,,,
,62600630,2023-12-30 17:47:49.853,,175.3,88.632,,62600630,2023-12-30 17:47:53.999,2023-12-30 17:47:53.999,,,,,,UTC-0500,0YsTDK1a2W,,,,com.sec.android.app.shealth,,c1a184ee-e4bb-4f08-8c89-d2834eff20c4,,,
,62600630,2023-12-30 21:24:00.980,,175.3,87.6341,,62600630,2023-12-30 21:24:04.841,2023-12-30 21:24:04.841,,,,,,UTC-0500,0YsTDK1a2W,,,,com.sec.android.app.shealth,,b6f2f3a4-23c3-4220-9cbe-a60a5189f318,,,
,62600630,2023-12-31 18:41:06.835,,175.3,88.2691,,62600630,2023-12-31 18:41:12.188,2023-12-31 18:41:12.188,,,,,,UTC-0500,0YsTDK1a2W,,,,com.sec.android.app.shealth,,77cc1573-4c1e-43a8-a70f-854fd0ca6b96,,,
,62600630,2024-01-01 13:34:58.187,,175.3,89.5392,,62600630,2024-01-01 13:35:03.161,2024-01-01 13:35:03.161,,,,,,UTC-0500,0YsTDK1a2W,,,,com.sec.android.app.shealth,,c31c6fc2-3297-4f6e-9fc2-790d5706c485,,,
,62600630,2024-01-01 18:14:12.308,,175.3,88.9949,,62600630,2024-01-01 18:14:15.841,2024-01-01 18:14:15.841,,,,,,UTC-0500,0YsTDK1a2W,,,,com.sec.android.app.shealth,,d06987a9-1a19-42ac-87b4-15be1f297ba3,,,
,62600630,2024-01-02 11:38:03.745,,175.3,89.6299,,62600630,2024-01-02 11:38:08.349,2024-01-02 11:38:08.349,,,,,,UTC-0500,0YsTDK1a2W,,,,com.sec.android.app.shealth,,15dc024c-0d60-49a1-832c-d847f5dc748c,,,
,62600630,2024-01-03 11:47:23.379,,175.3,87.6341,,62600630,2024-01-03 11:47:29.931,2024-01-03 11:47:29.931,,,,,,UTC-0500,0YsTDK1a2W,,,,com.sec.android.app.shealth,,65ec51c0-584e-4033-b659-c49c79de8ee0,,,
,62600630,2024-01-04 11:50:08.894,,175.3,87.3619,,62600630,2024-01-04 11:50:15.904,2024-01-04 11:50:15.904,,,,,,UTC-0500,0YsTDK1a2W,,,,com.sec.android.app.shealth,,cec5f9e2-9f01-45cd-a555-45cc6c9412c5,,,
,62600630,2024-01-05 18:09:58.662,,175.3,86.6362,,62600630,2024-01-05 18:10:04.065,2024-01-05 18:10:04.065,,,,,,UTC-0500,0YsTDK1a2W,,,,com.sec.android.app.shealth,,8dd24e71-d436-41ec-a71a-bb3e9c56d3cb,,,
,62600630,2024-01-06 18:44:38.289,,175.3,87.6341,,62600630,2024-01-06 18:44:43.316,2024-01-06 18:44:43.316,,,,,,UTC-0500,0YsTDK1a2W,,,,com.sec.android.app.shealth,,41f758f1-e4ba-4f57-af2e-53cd88f76605,,,
,62600630,2024-01-07 00:13:02.062,,175.3,86.6362,,62600630,2024-01-07 00:13:06.713,2024-01-07 00:13:06.713,,,,,,UTC-0500,0YsTDK1a2W,,,,com.sec.android.app.shealth,,c8cd5da9-9740-4931-b305-f5e5311a83c4,,,
,62600630,2024-01-07 15:51:22.266,,175.3,87.4527,,62600630,2024-01-07 15:51:26.049,2024-01-07 15:51:26.049,,,,,,UTC-0500,0YsTDK1a2W,,,,com.sec.android.app.shealth,,a32fa7a8-7ed7-4956-b115-e46ee6413b12,,,
,62600630,2024-01-08 11:52:39.350,,175.3,88.3598,,62600630,2024-01-08 11:52:42.726,2024-01-08 11:52:42.726,,,,,,UTC-0500,0YsTDK1a2W,,,,com.sec.android.app.shealth,,2e346d8a-79f5-4751-ba5e-f062187cd1ea,,,
,62600630,2024-01-09 11:37:26.278,,175.3,86.8176,,62600630,2024-01-09 11:37:32.317,2024-01-09 11:37:32.317,,,,,,UTC-0500,0YsTDK1a2W,,,,com.sec.android.app.shealth,,ae951a4e-7849-493b-99c8-4a5fccab0aac,,,
,62600630,2024-01-10 11:26:56.292,,175.3,87.0898,,62600630,2024-01-10 11:27:01.446,2024-01-10 11:27:01.446,,,,,,UTC-0500,0YsTDK1a2W,,,,com.sec.android.app.shealth,,72679372-974d-4ea0-a3ef-65575105eb75,,,
,62600630,2024-01-11 11:52:12.160,,175.3,87.1805,,62600630,2024-01-11 11:52:16.202,2024-01-11 11:52:16.202,,,,,,UTC-0500,0YsTDK1a2W,,,,com.sec.android.app.shealth,,c7685330-9e56-4bc2-b7a7-8c723244033c,,,
,62600630,2024-01-12 14:34:45.317,,175.3,87.2712,,62600630,2024-01-12 14:34:48.656,2024-01-12 14:34:48.656,,,,,,UTC-0500,0YsTDK1a2W,,,,com.sec.android.app.shealth,,4888bcd2-df02-4563-9dd3-be47e0dc9ccf,,,
,62600630,2024-01-12 18:58:32.087,,175.3,87.1805,,62600630,2024-01-12 18:58:36.655,2024-01-12 18:58:36.655,,,,,,UTC-0500,0YsTDK1a2W,,,,com.sec.android.app.shealth,,9025cd10-cc52-42da-9787-674c08df2a75,,,
,62600630,2024-01-12 18:58:39.224,,175.3,87.0898,,62600630,2024-01-12 18:58:41.628,2024-01-12 18:58:41.628,,,,,,UTC-0500,0YsTDK1a2W,,,,com.sec.android.app.shealth,,6bcee3b1-5e97-4f65-9925-c809a4787467,,,
,62600630,2024-01-13 18:14:12.303,,175.3,87.6341,,62600630,2024-01-13 18:14:15.753,2024-01-13 18:14:15.753,,,,,,UTC-0500,0YsTDK1a2W,,,,com.sec.android.app.shealth,,3e125ce3-d6d1-470f-8d79-3b71850dc99b,,,
,62600630,2024-01-14 01:57:56.881,,175.3,86.6362,,62600630,2024-01-14 01:58:02.370,2024-01-14 01:58:02.370,,,,,,UTC-0500,0YsTDK1a2W,,,,com.sec.android.app.shealth,,a5a72c19-7933-4081-9c18-5764f0ea0c0d,,,
,62600630,2024-01-14 15:18:12.372,,175.3,87.0898,,62600630,2024-01-14 15:18:15.214,2024-01-14 15:18:15.214,,,,,,UTC-0500,0YsTDK1a2W,,,,com.sec.android.app.shealth,,fbdad2fb-d68e-46ed-8cfb-8490e3ad0048,,,
,62600630,2024-01-14 20:02:56.672,,175.3,86.0919,,62600630,2024-01-14 20:03:03.010,2024-01-14 20:03:03.010,,,,,,UTC-0500,0YsTDK1a2W,,,,com.sec.android.app.shealth,,043045bf-3a1b-4dab-8424-68fb4a480527,,,
,62600630,2024-01-15 11:22:32.422,,175.3,87.7248,,62600630,2024-01-15 11:22:37.760,2024-01-15 11:22:37.760,,,,,,UTC-0500,0YsTDK1a2W,,,,com.sec.android.app.shealth,,0e7ab0ff-42ac-4c97-a9a9-37f2812d56a0,,,
,62600630,2024-01-16 11:39:13.676,,175.3,87.3619,,62600630,2024-01-16 11:39:19.657,2024-01-16 11:39:19.657,,,,,,UTC-0500,0YsTDK1a2W,,,,com.sec.android.app.shealth,,a75849c1-14fc-4761-a2ef-82415664bf32,,,
,62600630,2024-01-17 11:38:11.958,,175.3,86.9083,,62600630,2024-01-17 11:38:14.866,2024-01-17 11:38:14.866,,,,,,UTC-0500,0YsTDK1a2W,,,,com.sec.android.app.shealth,,f204beb0-4121-426a-a825-5d38e1e12250,,,
,62600630,2024-01-18 11:37:24.124,,175.3,86.8176,,62600630,2024-01-18 11:37:26.885,2024-01-18 11:37:26.885,,,,,,UTC-0500,0YsTDK1a2W,,,,com.sec.android.app.shealth,,d1285975-aa8a-4902-961b-060efc4a7fb1,,,
,62600630,2024-01-19 17:15:38.380,,175.3,85.5476,,62600630,2024-01-19 17:15:45.107,2024-01-19 17:15:45.107,,,,,,UTC-0500,0YsTDK1a2W,,,,com.sec.android.app.shealth,,e5a7500b-7dc7-40fb-8f30-cb7ab93f6e73,,,
,62610110,2024-01-20 15:25:34.021,,175.3,85.5476,,62610110,2024-01-20 15:25:35.945,2024-01-20 15:25:35.945,,,,,,UTC-0500,0YsTDK1a2W,,,,com.sec.android.app.shealth,,a2da580e-0673-427d-b38e-76730a332491,,,
,62610110,2024-01-21 16:45:19.857,,175.3,85.1847,,62610110,2024-01-21 16:45:28.439,2024-01-21 16:45:28.439,,,,,,UTC-0500,0YsTDK1a2W,,,,com.sec.android.app.shealth,,042a4984-cc42-4dea-908c-025a1e48fe97,,,
,62610110,2024-01-22 11:22:26.984,,175.3,85.0033,,62610110,2024-01-22 11:22:31.734,2024-01-22 11:22:31.734,,,,,,UTC-0500,0YsTDK1a2W,,,,com.sec.android.app.shealth,,ffefcd7e-9891-4cba-9d5f-e6c71bb34847,,,
,62610110,2024-01-23 11:46:48.154,,175.3,85.3661,,62610110,2024-01-23 11:46:52.799,2024-01-23 11:46:52.799,,,,,,UTC-0500,0YsTDK1a2W,,,,com.sec.android.app.shealth,,8af69a8a-23df-43bb-b6ab-5599e18491d1,,,
,62610110,2024-01-24 11:25:52.211,,175.3,85.6383,,62610110,2024-01-24 11:25:57.001,2024-01-24 11:25:57.001,,,,,,UTC-0500,0YsTDK1a2W,,,,com.sec.android.app.shealth,,2d870087-9220-4b4d-9137-eeb4f047b66b,,,
,62610110,2024-01-25 11:37:57.988,,175.3,85.4568,,62610110,2024-01-25 11:38:02.257,2024-01-25 11:38:02.257,,,,,,UTC-0500,0YsTDK1a2W,,,,com.sec.android.app.shealth,,231e684e-35a2-4cfb-8aed-5a800093a370,,,
,62610110,2024-01-26 15:17:49.388,,175.3,84.9125,,62610110,2024-01-26 15:17:53.945,2024-01-26 15:17:53.945,,,,,,UTC-0500,0YsTDK1a2W,,,,com.sec.android.app.shealth,,535371f5-d4ce-4f30-a659-c456c95947fc,,,
,62610110,2024-01-26 18:04:45.061,,175.3,84.5497,,62610110,2024-01-26 18:04:49.755,2024-01-26 18:04:49.755,,,,,,UTC-0500,0YsTDK1a2W,,,,com.sec.android.app.shealth,,25f36d80-e7f8-41da-95a8-2551d36e9b73,,,
,62610110,2024-01-26 22:14:43.171,,175.3,84.1868,,62610110,2024-01-26 22:14:47.346,2024-01-26 22:14:47.346,,,,,,UTC-0500,0YsTDK1a2W,,,,com.sec.android.app.shealth,,8e4f78a9-f94e-4156-a077-7f696233c645,,,
,62610110,2024-01-27 21:09:57.219,,175.3,84.4589,,62610110,2024-01-27 21:10:01.760,2024-01-27 21:10:01.760,,,,,,UTC-0500,0YsTDK1a2W,,,,com.sec.android.app.shealth,,30b5eb79-bf78-4749-8bcb-62f1df813554,,,
,62610110,2024-01-28 19:31:24.855,,175.3,84.4589,,62610110,2024-01-28 19:31:26.991,2024-01-28 19:31:26.991,,,,,,UTC-0500,0YsTDK1a2W,,,,com.sec.android.app.shealth,,2d62f482-1e75-4b0c-9878-025e9b94bc3b,,,
,62610110,2024-01-29 17:44:01.082,,175.3,84.9125,,62610110,2024-01-29 17:44:03.604,2024-01-29 17:44:03.604,,,,,,UTC-0500,0YsTDK1a2W,,,,com.sec.android.app.shealth,,302b9c9e-212c-4420-9115-ff906a83cda5,,,
,62610110,2024-01-30 14:51:02.361,,175.3,84.9125,,62610110,2024-01-30 14:51:04.118,2024-01-30 14:51:04.118,,,,,,UTC-0500,0YsTDK1a2W,,,,com.sec.android.app.shealth,,54625a92-f514-44a6-b1b2-236838a99ae4,,,
,62610110,2024-01-30 18:58:51.291,,175.3,84.7311,,62610110,2024-01-30 18:58:56.557,2024-01-30 18:58:56.557,,,,,,UTC-0500,0YsTDK1a2W,,,,com.sec.android.app.shealth,,ddd004d0-983b-43b7-864f-b3ad55bfa8cd,,,
,62610110,2024-01-31 11:36:32.378,,175.3,85.094,,62610110,2024-01-31 11:36:38.976,2024-01-31 11:36:38.976,,,,,,UTC-0500,0YsTDK1a2W,,,,com.sec.android.app.shealth,,62749527-df05-4c9a-8d5b-86bf2cc6fce0,,,
,62610110,2024-02-01 11:54:13.353,,175.3,84.7311,,62610110,2024-02-01 11:54:17.944,2024-02-01 11:54:17.944,,,,,,UTC-0500,0YsTDK1a2W,,,,com.sec.android.app.shealth,,b09eedf7-da21-4e23-9db6-384ea4df4bc6,,,
,62610110,2024-02-01 12:15:15.087,,175.3,84.6404,,62610110,2024-02-01 12:15:17.610,2024-02-01 12:15:17.610,,,,,,UTC-0500,0YsTDK1a2W,,,,com.sec.android.app.shealth,,5b29501f-0e53-4cfc-9a1f-1a1e823e50ec,,,
,62610110,2024-02-02 13:05:30.003,,175.3,84.9125,,62610110,2024-02-02 13:05:34.493,2024-02-02 13:05:34.493,,,,,,UTC-0500,0YsTDK1a2W,,,,com.sec.android.app.shealth,,102de89a-367b-4f02-b890-3bad3017e42c,,,
,62610110,2024-02-02 17:21:25.304,,175.3,84.4589,,62610110,2024-02-02 17:21:27.838,2024-02-02 17:21:27.838,,,,,,UTC-0500,0YsTDK1a2W,,,,com.sec.android.app.shealth,,347f57bd-029d-45a4-a9a8-fc2efa1d6a02,,,
,62610110,2024-02-03 13:32:31.415,,175.3,85.5476,,62610110,2024-02-03 13:32:36.887,2024-02-03 13:32:36.887,,,,,,UTC-0500,0YsTDK1a2W,,,,com.sec.android.app.shealth,,0c3f2b72-2060-4358-9d3c-9d04f4473efb,,,
,62610110,2024-02-04 13:31:55.087,,175.3,85.4568,,62610110,2024-02-04 13:31:59.958,2024-02-04 13:31:59.958,,,,,,UTC-0500,0YsTDK1a2W,,,,com.sec.android.app.shealth,,7f5063a2-41be-4c9f-a142-789ad4668d31,,,
,62610110,2024-02-04 18:29:41.139,,175.3,85.094,,62610110,2024-02-04 18:29:44.708,2024-02-04 18:29:44.708,,,,,,UTC-0500,0YsTDK1a2W,,,,com.sec.android.app.shealth,,50c26888-923c-4e80-b036-716d28411b42,,,
,62610110,2024-02-05 14:20:12.555,,175.3,85.729,,62610110,2024-02-05 14:20:18.197,2024-02-05 14:20:18.197,,,,,,UTC-0500,0YsTDK1a2W,,,,com.sec.android.app.shealth,,2ab2cdda-5142-413b-a6f3-c62aa1799cf2,,,
,62610110,2024-02-05 17:09:18.009,,175.3,85.2754,,62610110,2024-02-05 17:09:20.868,2024-02-05 17:09:20.868,,,,,,UTC-0500,0YsTDK1a2W,,,,com.sec.android.app.shealth,,e3b164e3-c08d-4406-9899-6b18759ed982,,,
,62620030,2024-02-06 13:14:10.631,,175.3,86.0012,,62620030,2024-02-06 13:14:14.541,2024-02-06 13:14:14.541,,,,,,UTC-0500,0YsTDK1a2W,,,,com.sec.android.app.shealth,,8bba9040-3c1a-4392-a7f4-a9a2761e5e67,,,
,62620030,2024-02-07 11:27:06.733,,175.3,85.1847,,62620030,2024-02-07 11:27:11.360,2024-02-07 11:27:11.360,,,,,,UTC-0500,0YsTDK1a2W,,,,com.sec.android.app.shealth,,fa8f9856-b757-4b10-85fb-2c6f4f6bb964,,,
,62620030,2024-02-08 11:48:33.393,,175.3,85.0033,,62620030,2024-02-08 11:48:37.131,2024-02-08 11:48:37.131,,,,,,UTC-0500,0YsTDK1a2W,,,,com.sec.android.app.shealth,,3c6e6f13-6124-4459-9d38-1fff4afa3876,,,
,62620030,2024-02-09 11:55:02.813,,175.3,84.4589,,62620030,2024-02-09 11:55:06.706,2024-02-09 11:55:06.706,,,,,,UTC-0500,0YsTDK1a2W,,,,com.sec.android.app.shealth,,c5b27e4e-552a-4864-82cf-8a42c30d0961,,,
,62620030,2024-02-10 14:17:02.021,,175.3,84.7311,,62620030,2024-02-10 14:17:07.460,2024-02-10 14:17:07.460,,,,,,UTC-0500,0YsTDK1a2W,,,,com.sec.android.app.shealth,,c0460856-5019-4563-afda-3b5080c0bdf1,,,
,62620030,2024-02-10 17:25:32.419,,175.3,84.3682,,62620030,2024-02-10 17:25:36.754,2024-02-10 17:25:36.754,,,,,,UTC-0500,0YsTDK1a2W,,,,com.sec.android.app.shealth,,9b9ad4fe-0cab-4f88-b06a-2870083d3637,,,
,62620030,2024-02-11 16:32:37.401,,175.3,85.8197,,62620030,2024-02-11 16:32:42.869,2024-02-11 16:32:42.869,,,,,,UTC-0500,0YsTDK1a2W,,,,com.sec.android.app.shealth,,b285a705-82bc-4329-bb87-8f8fc3119ad8,,,
,62620030,2024-02-12 12:57:03.452,,175.3,86.9083,,62620030,2024-02-12 12:57:08.674,2024-02-12 12:57:08.674,,,,,,UTC-0500,0YsTDK1a2W,,,,com.sec.android.app.shealth,,68631d3c-5a80-44dd-ab80-4f25b53a9c83,,,
,62620030,2024-02-12 15:32:18.099,,175.3,86.2733,,62620030,2024-02-12 15:32:22.901,2024-02-12 15:32:22.901,,,,,,UTC-0500,0YsTDK1a2W,,,,com.sec.android.app.shealth,,3fcde39d-49f7-4181-8b25-7a7ee2059241,,,
,62620030,2024-02-13 15:26:04.776,,175.3,86.364,,62620030,2024-02-13 15:26:07.689,2024-02-13 15:26:07.689,,,,,,UTC-0500,0YsTDK1a2W,,,,com.sec.android.app.shealth,,87a2c932-0bcd-496c-80fe-7687eb078435,,,
,62620030,2024-02-14 15:22:30.885,,175.3,86.2733,,62620030,2024-02-14 15:22:33.776,2024-02-14 15:22:33.776,,,,,,UTC-0500,0YsTDK1a2W,,,,com.sec.android.app.shealth,,94b33f69-0037-4dd7-b2d8-fba282bd1892,,,
,62620030,2024-02-15 16:30:10.277,,175.3,85.4568,,62620030,2024-02-15 16:30:14.712,2024-02-15 16:30:14.712,,,,,,UTC-0500,0YsTDK1a2W,,,,com.sec.android.app.shealth,,e0aad8dc-932e-44f0-83ff-c7fd8d27d999,,,
,62620030,2024-02-16 14:12:23.782,,175.3,86.7269,,62620030,2024-02-16 14:12:27.738,2024-02-16 14:12:27.738,,,,,,UTC-0500,0YsTDK1a2W,,,,com.sec.android.app.shealth,,aec08bd3-c4ff-4a02-8aaf-bc6aab8b4898,,,
,62620030,2024-02-17 14:55:31.667,,175.3,86.4548,,62620030,2024-02-17 14:55:36.199,2024-02-17 14:55:36.199,,,,,,UTC-0500,0YsTDK1a2W,,,,com.sec.android.app.shealth,,90ad1920-057f-4418-908c-10ae9df2e887,,,
,62620030,2024-02-17 17:28:41.279,,175.3,86.1826,,62620030,2024-02-17 17:28:45.053,2024-02-17 17:28:45.053,,,,,,UTC-0500,0YsTDK1a2W,,,,com.sec.android.app.shealth,,f762f92d-9ac0-4a91-b1f3-c86ffd48b80e,,,
,62620030,2024-02-18 14:49:44.959,,175.3,87.7248,,62620030,2024-02-18 14:49:54.164,2024-02-18 14:49:54.164,,,,,,UTC-0500,0YsTDK1a2W,,,,com.sec.android.app.shealth,,9d630546-bf3d-43e7-85c5-0c0967dee1ae,,,
,62620030,2024-02-18 15:23:01.128,,175.3,87.3619,,62620030,2024-02-18 15:23:04.381,2024-02-18 15:23:04.381,,,,,,UTC-0500,0YsTDK1a2W,,,,com.sec.android.app.shealth,,cc93a4a7-34bb-499b-a432-eec9bff25392,,,
,62620030,2024-02-18 21:17:43.757,,175.3,85.2754,,62620030,2024-02-18 21:17:49.018,2024-02-18 21:17:49.018,,,,,,UTC-0500,0YsTDK1a2W,,,,com.sec.android.app.shealth,,0277e306-d15e-48ad-b0d3-9cd2e87dfbce,,,
,62620030,2024-02-19 17:01:09.065,,175.3,86.8176,,62620030,2024-02-19 17:01:15.151,2024-02-19 17:01:15.151,,,,,,UTC-0500,0YsTDK1a2W,,,,com.sec.android.app.shealth,,0e953e81-dc27-47c5-b0c9-f64264b8934d,,,
,62620030,2024-02-21 13:53:21.780,,175.3,88.0877,,62620030,2024-02-21 13:53:26.199,2024-02-21 13:53:26.199,,,,,,UTC-0500,0YsTDK1a2W,,,,com.sec.android.app.shealth,,fa542533-5dbe-444e-8ac9-a0947425bff8,,,
,62620030,2024-02-22 14:09:24.793,,175.3,87.6341,,62620030,2024-02-22 14:09:27.269,2024-02-22 14:09:27.269,,,,,,UTC-0500,0YsTDK1a2W,,,,com.sec.android.app.shealth,,79e389fa-0525-4e67-96ae-c4b1405138fa,,,
,62620030,2024-02-23 13:51:02.618,,175.3,87.2712,,62620030,2024-02-23 13:51:06.276,2024-02-23 13:51:06.276,,,,,,UTC-0500,0YsTDK1a2W,,,,com.sec.android.app.shealth,,c96050cd-983a-49bb-afde-521d62dcbf75,,,
,62620030,2024-02-23 16:37:55.829,,175.3,86.9991,,62620030,2024-02-23 16:37:59.756,2024-02-23 16:37:59.756,,,,,,UTC-0500,0YsTDK1a2W,,,,com.sec.android.app.shealth,,564913d0-d2db-46ca-a70a-83ae67c09b3e,,,
,62620030,2024-02-25 17:29:32.103,,175.3,86.9991,,62620030,2024-02-25 17:29:33.884,2024-02-25 17:29:33.884,,,,,,UTC-0500,0YsTDK1a2W,,,,com.sec.android.app.shealth,,504dd185-115e-4a98-a61d-5fab3189f1da,,,
,62620030,2024-02-26 14:21:56.787,,175.3,87.7248,,62620030,2024-02-26 14:22:02.214,2024-02-26 14:22:02.214,,,,,,UTC-0500,0YsTDK1a2W,,,,com.sec.android.app.shealth,,3333151b-1d1d-4173-9244-d89a33d147de,,,
,62620030,2024-02-26 18:11:28.598,,175.3,87.5434,,62620030,2024-02-26 18:11:31.751,2024-02-26 18:11:31.751,,,,,,UTC-0500,0YsTDK1a2W,,,,com.sec.android.app.shealth,,945ff04b-4824-4dfb-8bd8-85323a5a8498,,,
,62620030,2024-02-27 14:56:16.609,,175.3,87.0898,,62620030,2024-02-27 14:56:19.179,2024-02-27 14:56:19.179,,,,,,UTC-0500,0YsTDK1a2W,,,,com.sec.android.app.shealth,,7ace766d-444f-4094-9048-56418b58daf0,,,
,62620030,2024-02-27 18:15:47.054,,175.3,86.6362,,62620030,2024-02-27 18:15:49.308,2024-02-27 18:15:49.308,,,,,,UTC-0500,0YsTDK1a2W,,,,com.sec.android.app.shealth,,9e84a37e-8ffb-49fd-90a9-0362372b60d1,,,
,62620030,2024-02-28 18:29:21.536,,175.3,86.8176,,62620030,2024-02-28 18:29:25.363,2024-02-28 18:29:25.363,,,,,,UTC-0500,0YsTDK1a2W,,,,com.sec.android.app.shealth,,e4c9c031-466a-4d30-896e-e2d40235fbc7,,,
,62620030,2024-02-29 11:52:57.769,,175.3,87.1805,,62620030,2024-02-29 11:53:01.979,2024-02-29 11:53:01.979,,,,,,UTC-0500,0YsTDK1a2W,,,,com.sec.android.app.shealth,,b58c1ddd-1fb2-43ac-a598-3dea85612b77,,,
,62620030,2024-03-01 11:50:32.178,,175.3,86.364,,62620030,2024-03-01 11:50:37.440,2024-03-01 11:50:37.440,,,,,,UTC-0500,0YsTDK1a2W,,,,com.sec.android.app.shealth,,c664b7ba-d0e0-48ce-8508-3380d60d93bd,,,
,62620030,2024-03-02 13:20:39.781,,175.3,86.9991,,62620030,2024-03-02 13:20:43.663,2024-03-02 13:20:43.663,,,,,,UTC-0500,0YsTDK1a2W,,,,com.sec.android.app.shealth,,ea1e20c9-a246-47b4-884e-dde3f77cb246,,,
,62620030,2024-03-03 18:17:41.415,,175.3,86.9991,,62620030,2024-03-03 18:17:42.868,2024-03-03 18:17:42.868,,,,,,UTC-0500,0YsTDK1a2W,,,,com.sec.android.app.shealth,,74f2fcd9-9f9d-48dc-bb75-0fd7421d654f,,,
,62620030,2024-03-04 14:08:54.550,,175.3,86.6362,,62620030,2024-03-04 14:08:58.976,2024-03-04 14:08:58.976,,,,,,UTC-0500,0YsTDK1a2W,,,,com.sec.android.app.shealth,,f393f179-9d58-4683-b419-668dc9591621,,,
,62620030,2024-03-04 17:47:10.015,,175.3,86.1826,,62620030,2024-03-04 17:47:12.908,2024-03-04 17:47:12.908,,,,,,UTC-0500,0YsTDK1a2W,,,,com.sec.android.app.shealth,,3d0357d3-7da1-407e-80bf-0322e5ace74b,,,
,62620030,2024-03-05 15:08:25.087,,175.3,87.997,,62620030,2024-03-05 15:08:29.089,2024-03-05 15:08:29.089,,,,,,UTC-0500,0YsTDK1a2W,,,,com.sec.android.app.shealth,,4d6126c4-cbac-4939-b1fc-15dd7d624440,,,
,62620030,2024-03-05 17:02:09.815,,175.3,87.1805,,62620030,2024-03-05 17:02:16.168,2024-03-05 17:02:16.168,,,,,,UTC-0500,0YsTDK1a2W,,,,com.sec.android.app.shealth,,abaae70e-77e3-409d-9f4f-07242e08aac4,,,
,62620030,2024-03-06 14:01:24.946,,175.3,87.6341,,62620030,2024-03-06 14:01:27.362,2024-03-06 14:01:27.362,,,,,,UTC-0500,0YsTDK1a2W,,,,com.sec.android.app.shealth,,e737fad3-7d7c-4776-a464-7647aba4cd0f,,,
,62620030,2024-03-06 16:46:11.030,,175.3,87.3619,,62620030,2024-03-06 16:46:15.555,2024-03-06 16:46:15.555,,,,,,UTC-0500,0YsTDK1a2W,,,,com.sec.android.app.shealth,,57ac8abf-def0-444d-b7cd-1c698760346d,,,
,62620030,2024-03-08 14:15:49.023,,175.3,86.8176,,62620030,2024-03-08 14:15:53.017,2024-03-08 14:15:53.017,,,,,,UTC-0500,0YsTDK1a2W,,,,com.sec.android.app.shealth,,3f9d63c4-120a-4f09-a48d-870331dc58a3,,,
,62620030,2024-03-08 16:07:33.627,,175.3,86.364,,62620030,2024-03-08 16:07:36.161,2024-03-08 16:07:36.161,,,,,,UTC-0500,0YsTDK1a2W,,,,com.sec.android.app.shealth,,39fd7412-9c2a-4e48-9548-d236ef902a1e,,,
,62620030,2024-03-09 15:21:04.592,,175.3,86.6362,,62620030,2024-03-09 15:21:09.839,2024-03-09 15:21:09.839,,,,,,UTC-0500,0YsTDK1a2W,,,,com.sec.android.app.shealth,,9001fbbd-9c94-4272-8904-3cf579e1db61,,,
,62620030,2024-03-09 22:52:53.166,,175.3,86.0919,,62620030,2024-03-09 22:52:58.048,2024-03-09 22:52:58.048,,,,,,UTC-0500,0YsTDK1a2W,,,,com.sec.android.app.shealth,,38d2c574-417d-4a63-a2e3-bb77d9ae54c3,,,
,62650170,2024-03-10 18:49:37.701,,175.3,86.0919,,62650170,2024-03-10 18:49:39.609,2024-03-10 18:49:39.609,,,,,,UTC-0400,0YsTDK1a2W,,,,com.sec.android.app.shealth,,62fecc84-3d68-4fdf-bba5-bb6f49cf74da,,,
,62650170,2024-03-11 16:13:09.852,,175.3,86.1826,,62650170,2024-03-11 16:13:16.604,2024-03-11 16:13:16.604,,,,,,UTC-0400,0YsTDK1a2W,,,,com.sec.android.app.shealth,,9bd8ad64-85e1-4fb9-ba44-28701e007d4c,,,
,62650170,2024-03-12 12:18:16.092,,175.3,87.3619,,62650170,2024-03-12 12:18:22.356,2024-03-12 12:18:22.356,,,,,,UTC-0400,0YsTDK1a2W,,,,com.sec.android.app.shealth,,af8c9120-815a-4872-a660-94c7c4b591ab,,,
,62650170,2024-03-13 11:01:06.038,,175.3,87.0898,,62650170,2024-03-13 11:01:10.377,2024-03-13 11:01:10.377,,,,,,UTC-0400,0YsTDK1a2W,,,,com.sec.android.app.shealth,,19dd0632-fa5e-48a7-8cc2-8da7ae8bf9a3,,,
,62650170,2024-03-14 10:35:14.480,,175.3,86.2733,,62650170,2024-03-14 10:35:19.846,2024-03-14 10:35:19.846,,,,,,UTC-0400,0YsTDK1a2W,,,,com.sec.android.app.shealth,,e618cef9-1987-4d09-b9e3-5c06da0da507,,,
,62650170,2024-03-15 10:54:22.168,,175.3,85.9104,,62650170,2024-03-15 10:54:26.344,2024-03-15 10:54:26.344,,,,,,UTC-0400,0YsTDK1a2W,,,,com.sec.android.app.shealth,,1079b754-e087-4f06-ba69-c75f27048de2,,,
,62650170,2024-03-16 14:25:27.647,,175.3,86.8176,,62650170,2024-03-16 14:25:30.988,2024-03-16 14:25:30.988,,,,,,UTC-0400,0YsTDK1a2W,,,,com.sec.android.app.shealth,,496486a4-7592-45c7-99e4-50a931865e33,,,
,62650170,2024-03-16 19:24:31.482,,175.3,86.0919,,62650170,2024-03-16 19:24:36.196,2024-03-16 19:24:36.196,,,,,,UTC-0400,0YsTDK1a2W,,,,com.sec.android.app.shealth,,efdc95b0-626a-4fc2-b1ee-f46bf6501178,,,
,62650170,2024-03-17 15:59:06.389,,175.3,86.6362,,62650170,2024-03-17 15:59:12.098,2024-03-17 15:59:12.098,,,,,,UTC-0400,0YsTDK1a2W,,,,com.sec.android.app.shealth,,e9614405-84a9-4200-bce0-6112ab55b6dc,,,
,62650170,2024-03-17 16:48:09.134,,175.3,86.4548,,62650170,2024-03-17 16:48:13.937,2024-03-17 16:48:13.937,,,,,,UTC-0400,0YsTDK1a2W,,,,com.sec.android.app.shealth,,743840f8-b6d8-430f-bdc8-2a601471b878,,,
,62650170,2024-03-18 14:31:21.312,,175.3,86.8176,,62650170,2024-03-18 14:31:25.619,2024-03-18 14:31:25.619,,,,,,UTC-0400,0YsTDK1a2W,,,,com.sec.android.app.shealth,,352f21c8-0b1c-4172-9919-b20eea011656,,,
,62650170,2024-03-19 12:58:16.226,,175.3,87.997,,62650170,2024-03-19 12:58:20.642,2024-03-19 12:58:20.642,,,,,,UTC-0400,0YsTDK1a2W,,,,com.sec.android.app.shealth,,28716ad3-c505-4a3f-a15e-fa80c0f745ac,,,
,62650170,2024-03-20 08:49:37.872,,175.3,88.3598,,62650170,2024-03-20 08:49:41.396,2024-03-20 08:49:41.396,,,,,,UTC-0400,0YsTDK1a2W,,,,com.sec.android.app.shealth,,6d7cbaab-aec6-479d-825b-5120c7e242b5,,,
,62650170,2024-03-21 10:35:16.026,,175.3,87.4527,,62650170,2024-03-21 10:35:19.147,2024-03-21 10:35:19.147,,,,,,UTC-0400,0YsTDK1a2W,,,,com.sec.android.app.shealth,,ac456181-4eb6-406a-a87c-58e2298220cf,,,
,62650170,2024-03-21 10:51:15.084,,175.3,87.2712,,62650170,2024-03-21 10:51:19.285,2024-03-21 10:51:19.285,,,,,,UTC-0400,0YsTDK1a2W,,,,com.sec.android.app.shealth,,f1bd041e-9767-4f8f-9095-3065405d6127,,,
,62650170,2024-03-22 10:47:26.043,,175.3,87.1805,,62650170,2024-03-22 10:47:28.958,2024-03-22 10:47:28.958,,,,,,UTC-0400,0YsTDK1a2W,,,,com.sec.android.app.shealth,,89a316a7-ae2b-4c6d-b80c-c0b0deab5a96,,,
,62650170,2024-03-23 15:18:22.522,,175.3,87.3619,,62650170,2024-03-23 15:18:26.674,2024-03-23 15:18:26.674,,,,,,UTC-0400,0YsTDK1a2W,,,,com.sec.android.app.shealth,,167f0be6-43ff-4884-94ea-c64b4a8c9afe,,,
,62650170,2024-03-24 15:43:03.122,,175.3,88.2691,,62650170,2024-03-24 15:43:06.071,2024-03-24 15:43:06.071,,,,,,UTC-0400,0YsTDK1a2W,,,,com.sec.android.app.shealth,,07191bd3-ae8d-4014-b5cd-7ed4f58d2153,,,
,62650170,2024-03-25 13:54:13.469,,175.3,88.4506,,62650170,2024-03-25 13:54:18.243,2024-03-25 13:54:18.243,,,,,,UTC-0400,0YsTDK1a2W,,,,com.sec.android.app.shealth,,a0ac15fd-89b0-4c87-a006-43fa52f581fd,,,
,62650170,2024-03-25 16:10:57.382,,175.3,88.2691,,62650170,2024-03-25 16:11:01.655,2024-03-25 16:11:01.655,,,,,,UTC-0400,0YsTDK1a2W,,,,com.sec.android.app.shealth,,914d059c-113f-447c-8dad-2b0986e19ae2,,,
,62650170,2024-03-26 14:07:19.182,,175.3,88.0877,,62650170,2024-03-26 14:07:22.423,2024-03-26 14:07:22.423,,,,,,UTC-0400,0YsTDK1a2W,,,,com.sec.android.app.shealth,,b0c76698-c00b-4ea3-9acb-7d0cef14330d,,,
,62650170,2024-03-27 10:35:11.527,,175.3,88.0877,,62650170,2024-03-27 10:35:14.621,2024-03-27 10:35:14.621,,,,,,UTC-0400,0YsTDK1a2W,,,,com.sec.android.app.shealth,,8b9be590-01a2-4b1a-80b4-be8d53da4ab9,,,
,62650170,2024-03-28 10:51:11.243,,175.3,87.6341,,62650170,2024-03-28 10:51:13.661,2024-03-28 10:51:13.661,,,,,,UTC-0400,0YsTDK1a2W,,,,com.sec.android.app.shealth,,92af8ffe-23d5-468e-88a2-1819c08a5767,,,
,62650170,2024-03-29 10:48:38.758,,175.3,88.0877,,62650170,2024-03-29 10:48:41.426,2024-03-29 10:48:41.426,,,,,,UTC-0400,0YsTDK1a2W,,,,com.sec.android.app.shealth,,9e0ecb54-6dc6-49c3-a599-d5567a040850,,,
,62660010,2024-03-30 14:26:36.285,,175.3,88.1784,,62660010,2024-03-30 14:26:39.433,2024-03-30 14:26:39.433,,,,,,UTC-0400,0YsTDK1a2W,,,,com.sec.android.app.shealth,,b4d97979-f027-45d6-a8bc-9a4116b3aad9,,,
,62660010,2024-03-31 15:36:07.578,,175.3,87.9063,,62660010,2024-03-31 15:36:12.941,2024-03-31 15:36:12.941,,,,,,UTC-0400,0YsTDK1a2W,,,,com.sec.android.app.shealth,,02c1d233-107e-46aa-bde1-1d5f3f5d4431,,,
,62660010,2024-04-01 15:21:17.131,,175.3,88.2691,,62660010,2024-04-01 15:21:20.763,2024-04-01 15:21:20.763,,,,,,UTC-0400,0YsTDK1a2W,,,,com.sec.android.app.shealth,,974dcbd0-4aef-4db6-976f-e6e457fcf526,,,
,62660010,2024-04-02 13:28:02.605,,175.3,88.8134,,62660010,2024-04-02 13:28:06.177,2024-04-02 13:28:06.177,,,,,,UTC-0400,0YsTDK1a2W,,,,com.sec.android.app.shealth,,5c1f8221-d433-4f3e-9117-e96e09b7b8d6,,,
,62660010,2024-04-04 10:50:44.241,,175.3,88.1784,,62660010,2024-04-04 10:50:47.969,2024-04-04 10:50:47.969,,,,,,UTC-0400,0YsTDK1a2W,,,,com.sec.android.app.shealth,,c84aadc0-86cf-456a-afa3-4458f6ba262f,,,
,62660010,2024-04-05 10:46:31.075,,175.3,87.4527,,62660010,2024-04-05 10:46:37.577,2024-04-05 10:46:37.577,,,,,,UTC-0400,0YsTDK1a2W,,,,com.sec.android.app.shealth,,52d93348-cee0-42ad-b797-03fe84cfc4fc,,,
,62660010,2024-04-06 19:20:53.351,,175.3,86.9083,,62660010,2024-04-06 19:20:57.255,2024-04-06 19:20:57.255,,,,,,UTC-0400,0YsTDK1a2W,,,,com.sec.android.app.shealth,,da819d7d-49a7-4142-9458-8bd143816e19,,,
,62660010,2024-04-09 15:45:46.436,,175.3,88.4506,,62660010,2024-04-09 15:45:52.379,2024-04-09 15:45:52.379,,,,,,UTC-0400,0YsTDK1a2W,,,,com.sec.android.app.shealth,,e8a1d384-4e7f-41cd-9ef3-b3541fe369d4,,,
,62660010,2024-04-10 10:36:53.118,,175.3,87.6341,,62660010,2024-04-10 10:36:58.744,2024-04-10 10:36:58.744,,,,,,UTC-0400,0YsTDK1a2W,,,,com.sec.android.app.shealth,,ca2ea5ac-311d-46cc-8d2f-fb6869432fa5,,,
,62660010,2024-04-11 10:43:05.043,,175.3,87.5434,,62660010,2024-04-11 10:43:08.143,2024-04-11 10:43:08.143,,,,,,UTC-0400,0YsTDK1a2W,,,,com.sec.android.app.shealth,,0e3421af-c151-406c-bd40-525f861199ab,,,
,62660010,2024-04-12 10:39:44.404,,175.3,87.6341,,62660010,2024-04-12 10:39:47.065,2024-04-12 10:39:47.065,,,,,,UTC-0400,0YsTDK1a2W,,,,com.sec.android.app.shealth,,2535c035-9c73-4906-bb33-37342e4e173b,,,
,62660010,2024-04-13 15:00:14.492,,175.3,87.9063,,62660010,2024-04-13 15:00:18.731,2024-04-13 15:00:18.731,,,,,,UTC-0400,0YsTDK1a2W,,,,com.sec.android.app.shealth,,709aacb4-bb3c-4367-9a48-643df9f988fb,,,
,62660010,2024-04-13 19:29:53.126,,175.3,86.9083,,62660010,2024-04-13 19:29:59.354,2024-04-13 19:29:59.354,,,,,,UTC-0400,0YsTDK1a2W,,,,com.sec.android.app.shealth,,775c4497-1136-449e-85a2-6e7fc1a76232,,,
,62660010,2024-04-17 10:40:38.500,,175.3,88.8134,,62660010,2024-04-17 10:40:44.189,2024-04-17 10:40:44.189,,,,,,UTC-0400,0YsTDK1a2W,,,,com.sec.android.app.shealth,,d2d74f7e-1ca2-412a-9d53-b5ff5ac7c0d7,,,
,62660010,2024-04-18 10:40:13.864,,175.3,88.632,,62660010,2024-04-18 10:40:16.925,2024-04-18 10:40:16.925,,,,,,UTC-0400,0YsTDK1a2W,,,,com.sec.android.app.shealth,,53ef857e-e0a5-4ada-8bc7-b6a299657907,,,
,62660010,2024-04-19 12:06:22.048,,175.3,88.4506,,62660010,2024-04-19 12:06:25.673,2024-04-19 12:06:25.673,,,,,,UTC-0400,0YsTDK1a2W,,,,com.sec.android.app.shealth,,3981128b-8c26-48ab-a3f8-88d061aaeb44,,,
,62660010,2024-04-21 13:56:28.791,,175.3,89.0856,,62660010,2024-04-21 13:56:34.110,2024-04-21 13:56:34.110,,,,,,UTC-0400,0YsTDK1a2W,,,,com.sec.android.app.shealth,,551fd180-1300-4244-abac-5549b33ed22a,,,
,62660010,2024-04-22 12:26:29.415,,175.3,89.4485,,62660010,2024-04-22 12:26:32.554,2024-04-22 12:26:32.554,,,,,,UTC-0400,0YsTDK1a2W,,,,com.sec.android.app.shealth,,be022464-4d52-4b88-b88d-40141c1f0bb1,,,
,62660010,2024-04-23 16:18:30.868,,175.3,88.9949,,62660010,2024-04-23 16:18:33.087,2024-04-23 16:18:33.087,,,,,,UTC-0400,0YsTDK1a2W,,,,com.sec.android.app.shealth,,54bd4ac4-41bc-4129-9de4-5d9d3c38633c,,,
,62660010,2024-04-24 10:46:54.284,,175.3,88.9042,,62660010,2024-04-24 10:46:56.704,2024-04-24 10:46:56.704,,,,,,UTC-0400,0YsTDK1a2W,,,,com.sec.android.app.shealth,,d1a751a4-8563-4a4e-92f1-47c3611f06e3,,,
,62660010,2024-04-25 11:10:37.887,,175.3,88.632,,62660010,2024-04-25 11:10:43.163,2024-04-25 11:10:43.163,,,,,,UTC-0400,0YsTDK1a2W,,,,com.sec.android.app.shealth,,7b432dc9-12c3-4bd1-a25c-35aa26622b3f,,,
,62660010,2024-04-26 10:54:49.858,,175.3,89.1763,,62660010,2024-04-26 10:54:53.226,2024-04-26 10:54:53.226,,,,,,UTC-0400,0YsTDK1a2W,,,,com.sec.android.app.shealth,,ed2ba07f-a82c-45cf-bcff-732d38537480,,,
,62660010,2024-04-27 12:31:19.600,,175.3,88.0877,,62660010,2024-04-27 12:31:24.656,2024-04-27 12:31:24.656,,,,,,UTC-0400,0YsTDK1a2W,,,,com.sec.android.app.shealth,,01fbafd0-d7c5-4288-b25c-fd458601aae1,,,
,62660010,2024-04-28 13:16:25.922,,175.3,88.0877,,62660010,2024-04-28 13:16:27.286,2024-04-28 13:16:27.286,,,,,,UTC-0400,0YsTDK1a2W,,,,com.sec.android.app.shealth,,468f7fe2-016e-4f2b-b899-3a2d736c9bef,,,
,62660010,2024-04-28 16:53:48.387,,175.3,87.6341,,62660010,2024-04-28 16:53:50.862,2024-04-28 16:53:50.862,,,,,,UTC-0400,0YsTDK1a2W,,,,com.sec.android.app.shealth,,a2346442-a624-4c6f-b5fc-eec87abaf458,,,
,62660010,2024-04-29 14:17:26.743,,175.3,88.4506,,62660010,2024-04-29 14:17:31.353,2024-04-29 14:17:31.353,,,,,,UTC-0400,0YsTDK1a2W,,,,com.sec.android.app.shealth,,e9264c3e-f56f-4514-a852-89de579a1eaa,,,
,62660010,2024-04-29 14:28:06.878,,175.3,88.2691,,62660010,2024-04-29 14:28:11.747,2024-04-29 14:28:11.747,,,,,,UTC-0400,0YsTDK1a2W,,,,com.sec.android.app.shealth,,53a2bcc8-13b1-42ee-aa99-0db4f6bfcce1,,,
,62660010,2024-04-30 12:24:01.290,,175.3,87.9063,,62660010,2024-04-30 12:24:04.999,2024-04-30 12:24:04.999,,,,,,UTC-0400,0YsTDK1a2W,,,,com.sec.android.app.shealth,,7a8e3330-fcc2-4139-a941-953330d452c7,,,
,62660010,2024-05-01 10:30:44.875,,175.3,88.9042,,62660010,2024-05-01 10:30:51.851,2024-05-01 10:30:51.851,,,,,,UTC-0400,0YsTDK1a2W,,,,com.sec.android.app.shealth,,85f352c0-aa65-4e37-a098-2c20b28fb465,,,
,62660010,2024-05-02 10:40:16.926,,175.3,87.997,,62660010,2024-05-02 10:40:19.757,2024-05-02 10:40:19.757,,,,,,UTC-0400,0YsTDK1a2W,,,,com.sec.android.app.shealth,,bf486ce3-dbc0-4002-82c8-e20e626158c7,,,
,62660010,2024-05-03 10:47:58.303,,175.3,87.997,,62660010,2024-05-03 10:47:59.757,2024-05-03 10:47:59.757,,,,,,UTC-0400,0YsTDK1a2W,,,,com.sec.android.app.shealth,,42d080c8-0fbf-4288-a7e5-153ea65a3c65,,,
,62660010,2024-05-04 19:43:13.831,,175.3,87.2712,,62660010,2024-05-04 19:43:18.688,2024-05-04 19:43:18.688,,,,,,UTC-0400,0YsTDK1a2W,,,,com.sec.android.app.shealth,,c09b12fc-c22a-48bf-8b1d-6e1c1a7089c6,,,
,62660010,2024-05-06 13:42:47.400,,175.3,89.1763,,62660010,2024-05-06 13:42:52.043,2024-05-06 13:42:52.043,,,,,,UTC-0400,0YsTDK1a2W,,,,com.sec.android.app.shealth,,51cf1aac-7917-4e9f-9d4f-61b47ae29298,,,
,62660010,2024-05-07 10:26:57.336,,175.3,87.9063,,62660010,2024-05-07 10:27:01.646,2024-05-07 10:27:01.646,,,,,,UTC-0400,0YsTDK1a2W,,,,com.sec.android.app.shealth,,f40c58fe-9754-4464-832f-c49d95149819,,,
,62660010,2024-05-08 10:38:22.550,,175.3,87.4527,,62660010,2024-05-08 10:38:25.694,2024-05-08 10:38:25.694,,,,,,UTC-0400,0YsTDK1a2W,,,,com.sec.android.app.shealth,,97945891-542a-4e8b-8d8b-79c1aa8511ae,,,
,62660010,2024-05-09 10:32:10.135,,175.3,87.9063,,62660010,2024-05-09 10:32:12.829,2024-05-09 10:32:12.829,,,,,,UTC-0400,0YsTDK1a2W,,,,com.sec.android.app.shealth,,57edaed4-c256-458a-b48b-42ed08b53a77,,,
,62660010,2024-05-10 10:52:41.039,,175.3,87.6341,,62660010,2024-05-10 10:52:45.213,2024-05-10 10:52:45.213,,,,,,UTC-0400,0YsTDK1a2W,,,,com.sec.android.app.shealth,,2be05f4f-50b9-4581-85f7-63d7e33e76df,,,
,62660010,2024-05-10 10:58:48.094,,175.3,87.4527,,62660010,2024-05-10 10:58:52.095,2024-05-10 10:58:52.095,,,,,,UTC-0400,0YsTDK1a2W,,,,com.sec.android.app.shealth,,7608de0a-d34a-4af5-834a-1f3520eb8947,,,
,62660010,2024-05-11 13:19:24.662,,175.3,87.3619,,62660010,2024-05-11 13:19:27.563,2024-05-11 13:19:27.563,,,,,,UTC-0400,0YsTDK1a2W,,,,com.sec.android.app.shealth,,31d9cdc1-86eb-4c78-bec2-7324722e194e,,,
,62660010,2024-05-11 18:36:40.425,,175.3,85.5476,,62660010,2024-05-11 18:36:44.967,2024-05-11 18:36:44.967,,,,,,UTC-0400,0YsTDK1a2W,,,,com.sec.android.app.shealth,,93909f51-00ca-4536-8deb-4125977919bf,,,
,62660010,2024-05-11 20:40:52.655,,175.3,85.3661,,62660010,2024-05-11 20:40:56.344,2024-05-11 20:40:56.344,,,,,,UTC-0400,0YsTDK1a2W,,,,com.sec.android.app.shealth,,fa787467-cffa-4a17-aa79-ba540cf5008b,,,
,62660010,2024-05-12 22:41:18.897,,175.3,86.9083,,62660010,2024-05-12 22:41:25.931,2024-05-12 22:41:25.931,,,,,,UTC-0400,0YsTDK1a2W,,,,com.sec.android.app.shealth,,d68bbece-c37e-4409-80e1-91458b210aeb,,,
,62660010,2024-05-13 10:36:53.619,,175.3,87.3619,,62660010,2024-05-13 10:36:56.057,2024-05-13 10:36:56.057,,,,,,UTC-0400,0YsTDK1a2W,,,,com.sec.android.app.shealth,,8efe0d63-6e2c-4f9f-8e1a-88f65109fb74,,,
,62660010,2024-05-13 10:46:26.251,,175.3,87.0898,,62660010,2024-05-13 10:46:30.927,2024-05-13 10:46:30.927,,,,,,UTC-0400,0YsTDK1a2W,,,,com.sec.android.app.shealth,,9684e140-48d8-4941-a86c-b91243bebb40,,,
,62660010,2024-05-14 10:39:19.446,,175.3,87.0898,,62660010,2024-05-14 10:39:21.509,2024-05-14 10:39:21.509,,,,,,UTC-0400,0YsTDK1a2W,,,,com.sec.android.app.shealth,,e53cb791-9a49-4d8e-b117-79f2c7ccecc6,,,
,62660010,2024-05-15 10:42:17.927,,175.3,86.8176,,62660010,2024-05-15 10:42:23.486,2024-05-15 10:42:23.486,,,,,,UTC-0400,0YsTDK1a2W,,,,com.sec.android.app.shealth,,03664743-d3e7-4552-8194-e6259424b7fe,,,
,62660010,2024-05-16 10:27:40.190,,175.3,85.4568,,62660010,2024-05-16 10:27:44.078,2024-05-16 10:27:44.078,,,,,,UTC-0400,0YsTDK1a2W,,,,com.sec.android.app.shealth,,50ddad7e-7242-4d89-9e11-6eb4add5cc47,,,
,62660010,2024-05-17 10:44:40.732,,175.3,85.4568,,62660010,2024-05-17 10:44:42.467,2024-05-17 10:44:42.467,,,,,,UTC-0400,0YsTDK1a2W,,,,com.sec.android.app.shealth,,ceca60f2-29b2-4bb0-89a8-0984356a3e4f,,,
,62660010,2024-05-18 15:55:44.565,,175.3,85.4568,,62660010,2024-05-18 15:55:46.330,2024-05-18 15:55:46.330,,,,,,UTC-0400,0YsTDK1a2W,,,,com.sec.android.app.shealth,,6b0a2a0d-c2a5-4c65-9fcf-7a35697f61a7,,,
,62660010,2024-05-19 15:27:43.227,,175.3,86.9083,,62660010,2024-05-19 15:27:48.706,2024-05-19 15:27:48.706,,,,,,UTC-0400,0YsTDK1a2W,,,,com.sec.android.app.shealth,,60c8597a-3417-42d0-b781-29028b06b070,,,
,62660010,2024-05-20 08:33:00.401,,175.3,88.0877,,62660010,2024-05-20 08:33:04.657,2024-05-20 08:33:04.657,,,,,,UTC-0400,0YsTDK1a2W,,,,com.sec.android.app.shealth,,54e22743-b81f-4153-b2e6-26374415f343,,,
,62660010,2024-05-21 10:15:31.028,,175.3,87.7248,,62660010,2024-05-21 10:15:34.926,2024-05-21 10:15:34.926,,,,,,UTC-0400,0YsTDK1a2W,,,,com.sec.android.app.shealth,,54eadce8-67f2-49bd-8b56-4136409b259d,,,
,62660010,2024-05-22 10:49:26.844,,175.3,87.6341,,62660010,2024-05-22 10:49:29.498,2024-05-22 10:49:29.498,,,,,,UTC-0400,0YsTDK1a2W,,,,com.sec.android.app.shealth,,991dfe43-8297-488f-9f76-afa5e10a0bb7,,,
,62660010,2024-05-23 10:37:08.072,,175.3,86.5455,,62660010,2024-05-23 10:37:17.543,2024-05-23 10:37:17.543,,,,,,UTC-0400,0YsTDK1a2W,,,,com.sec.android.app.shealth,,d8622156-a47b-4a89-896c-0ccd5ad2b557,,,
,62660010,2024-05-23 10:45:08.497,,175.3,86.4548,,62660010,2024-05-23 10:45:11.169,2024-05-23 10:45:11.169,,,,,,UTC-0400,0YsTDK1a2W,,,,com.sec.android.app.shealth,,5413da8e-45ce-4b2f-b642-59f5e2ae7bfd,,,
,62660010,2024-05-25 18:00:21.130,,175.3,86.0012,,62660010,2024-05-25 18:00:24.334,2024-05-25 18:00:24.334,,,,,,UTC-0400,0YsTDK1a2W,,,,com.sec.android.app.shealth,,efc0ef96-bea7-4799-9540-a474e94175cd,,,
,62660010,2024-05-26 11:29:44.425,,175.3,87.0898,,62660010,2024-05-26 11:29:51.006,2024-05-26 11:29:51.006,,,,,,UTC-0400,0YsTDK1a2W,,,,com.sec.android.app.shealth,,8ed39171-356a-4e03-8925-8813b731cf45,,,
,62660010,2024-05-25 11:30:00.000,,175.3,87.7248,,62660010,2024-05-26 11:30:16.411,2024-05-26 11:30:16.411,,,,,,UTC-0400,0YsTDK1a2W,,,,com.sec.android.app.shealth,,eaa2bbc1-29e5-4156-81b6-3d3167c5901e,,,
,62660010,2024-05-26 16:26:44.623,,175.3,85.9104,,62660010,2024-05-26 16:26:52.425,2024-05-26 16:26:52.425,,,,,,UTC-0400,0YsTDK1a2W,,,,com.sec.android.app.shealth,,b3461ffa-afeb-4e5e-94e8-ead90ca91f6a,,,
,62660010,2024-05-27 18:48:40.891,,175.3,85.3661,,62660010,2024-05-27 18:48:44.183,2024-05-27 18:48:44.183,,,,,,UTC-0400,0YsTDK1a2W,,,,com.sec.android.app.shealth,,3d0e680f-5fc8-4964-9510-4589d2b59864,,,
,62660010,2024-05-28 10:31:20.129,,175.3,86.0919,,62660010,2024-05-28 10:31:26.572,2024-05-28 10:31:26.572,,,,,,UTC-0400,0YsTDK1a2W,,,,com.sec.android.app.shealth,,87b66735-1f80-4cfe-b960-5ee8c530a083,,,
,62660010,2024-05-29 10:34:22.650,,175.3,85.9104,,62660010,2024-05-29 10:34:26.508,2024-05-29 10:34:26.508,,,,,,UTC-0400,0YsTDK1a2W,,,,com.sec.android.app.shealth,,d92afbf7-ce1f-4551-b4d3-1e231e2b5262,,,
,62660010,2024-05-30 10:10:40.663,,175.3,85.4568,,62660010,2024-05-30 10:10:43.441,2024-05-30 10:10:43.441,,,,,,UTC-0400,0YsTDK1a2W,,,,com.sec.android.app.shealth,,53a3f33e-2c50-4f6c-9f3d-f788e0542c75,,,
,62670070,2024-05-31 12:58:29.426,,175.3,85.5476,,62670070,2024-05-31 12:58:32.221,2024-05-31 12:58:32.221,,,,,,UTC-0400,0YsTDK1a2W,,,,com.sec.android.app.shealth,,a5aaccf7-53c0-4799-8a55-c1a41e629294,,,
,62670070,2024-05-31 14:09:05.416,,175.3,85.3661,,62670070,2024-05-31 14:09:11.013,2024-05-31 14:09:11.013,,,,,,UTC-0400,0YsTDK1a2W,,,,com.sec.android.app.shealth,,80cd77b0-60c1-42a2-980d-20f7883337e5,,,
,62670070,2024-06-01 12:28:18.227,,175.3,86.1826,,62670070,2024-06-01 12:28:22.686,2024-06-01 12:28:22.686,,,,,,UTC-0400,0YsTDK1a2W,,,,com.sec.android.app.shealth,,05c2770f-5e6a-43cb-b639-6dc74f3c15b9,,,
,62670070,2024-06-02 15:32:30.639,,175.3,85.3661,,62670070,2024-06-02 15:32:36.220,2024-06-02 15:32:36.220,,,,,,UTC-0400,0YsTDK1a2W,,,,com.sec.android.app.shealth,,7ff01ac0-7ad9-43a4-b188-965f7a362387,,,
,62670070,2024-06-03 10:32:56.580,,175.3,85.6383,,62670070,2024-06-03 10:33:00.093,2024-06-03 10:33:00.093,,,,,,UTC-0400,0YsTDK1a2W,,,,com.sec.android.app.shealth,,e129556e-7633-4924-82ef-f217835f1bb0,,,
,62670070,2024-06-04 01:00:04.871,,175.3,84.5497,,62670070,2024-06-04 01:00:09.937,2024-06-04 01:00:09.937,,,,,,UTC-0400,0YsTDK1a2W,,,,com.sec.android.app.shealth,,5c4c377b-9b34-446a-a8f9-fe5a2ebdecc4,,,
,62670070,2024-06-04 10:34:32.989,,175.3,85.2754,,62670070,2024-06-04 10:34:39.138,2024-06-04 10:34:39.138,,,,,,UTC-0400,0YsTDK1a2W,,,,com.sec.android.app.shealth,,747eee73-b570-49bd-a9a5-e4a0fb235737,,,
,62670070,2024-06-05 10:26:31.407,,175.3,85.1847,,62670070,2024-06-05 10:26:35.387,2024-06-05 10:26:35.387,,,,,,UTC-0400,0YsTDK1a2W,,,,com.sec.android.app.shealth,,822f348a-f086-43a0-ae75-3b56290dc12e,,,
,62670070,2024-06-06 10:15:42.931,,175.3,85.1847,,62670070,2024-06-06 10:15:44.900,2024-06-06 10:15:44.900,,,,,,UTC-0400,0YsTDK1a2W,,,,com.sec.android.app.shealth,,e038f0c5-3245-4025-8091-338d6624338f,,,
,62670070,2024-06-07 13:21:47.367,,175.3,84.9125,,62670070,2024-06-07 13:21:51.466,2024-06-07 13:21:51.466,,,,,,UTC-0400,0YsTDK1a2W,,,,com.sec.android.app.shealth,,42ff1ffb-69f4-4159-bf81-5361f100f69d,,,
,62670070,2024-06-08 15:34:39.123,,175.3,85.0033,,62670070,2024-06-08 15:34:42.868,2024-06-08 15:34:42.868,,,,,,UTC-0400,0YsTDK1a2W,,,,com.sec.android.app.shealth,,23edf4c0-0954-44fc-89fa-4bbb9d6e2757,,,
,62670070,2024-06-09 10:26:56.007,,175.3,85.3661,,62670070,2024-06-09 10:26:59.535,2024-06-09 10:26:59.535,,,,,,UTC-0400,0YsTDK1a2W,,,,com.sec.android.app.shealth,,283e75a7-64e4-4cac-b9bb-8fd8328d15fc,,,
,62670070,2024-06-10 10:22:13.439,,175.3,85.3661,,62670070,2024-06-10 10:22:15.107,2024-06-10 10:22:15.107,,,,,,UTC-0400,0YsTDK1a2W,,,,com.sec.android.app.shealth,,073412aa-e29f-4389-9594-5c6f451d3b4e,,,
,62670070,2024-06-11 10:20:17.075,,175.3,85.6383,,62670070,2024-06-11 10:20:22.033,2024-06-11 10:20:22.033,,,,,,UTC-0400,0YsTDK1a2W,,,,com.sec.android.app.shealth,,4181a8fc-158a-472f-9121-c34e484e2095,,,
,62670070,2024-06-12 10:14:29.865,,175.3,86.6362,,62670070,2024-06-12 10:14:36.821,2024-06-12 10:14:36.821,,,,,,UTC-0400,0YsTDK1a2W,,,,com.sec.android.app.shealth,,48afc67d-7bc2-4572-ae82-158b8da52fcf,,,
,62670070,2024-06-12 23:12:54.039,,175.3,85.8197,,62670070,2024-06-12 23:12:59.122,2024-06-12 23:12:59.122,,,,,,UTC-0400,0YsTDK1a2W,,,,com.sec.android.app.shealth,,d99ac9cc-835e-4617-a724-97cf634d82d9,,,
,62670070,2024-06-13 10:14:57.630,,175.3,86.0919,,62670070,2024-06-13 10:15:04.174,2024-06-13 10:15:04.174,,,,,,UTC-0400,0YsTDK1a2W,,,,com.sec.android.app.shealth,,faa322d5-f667-4e90-ae7d-6a6f2da8c8d6,,,
,62670070,2024-06-14 01:50:45.764,,175.3,85.3661,,62670070,2024-06-14 01:50:51.036,2024-06-14 01:50:51.036,,,,,,UTC-0400,0YsTDK1a2W,,,,com.sec.android.app.shealth,,801b1fe9-f6f4-4a3d-a976-0e01e1cdb93a,,,
,62670070,2024-06-15 16:11:34.866,,175.3,84.4589,,62670070,2024-06-15 16:11:38.078,2024-06-15 16:11:38.078,,,,,,UTC-0400,0YsTDK1a2W,,,,com.sec.android.app.shealth,,7e650061-1d5f-4c41-a1b8-0b064c072eee,,,
,62670070,2024-06-16 16:16:48.895,,175.3,85.5476,,62670070,2024-06-16 16:16:54.531,2024-06-16 16:16:54.531,,,,,,UTC-0400,0YsTDK1a2W,,,,com.sec.android.app.shealth,,5a53d812-c062-41ea-a1a0-02a6ceabc76b,,,
,62670070,2024-06-17 10:27:28.595,,175.3,85.9104,,62670070,2024-06-17 10:27:32.948,2024-06-17 10:27:32.948,,,,,,UTC-0400,0YsTDK1a2W,,,,com.sec.android.app.shealth,,c262bf0b-0453-4a99-9a35-37aab66b5c98,,,
,62670070,2024-06-18 01:11:48.917,,175.3,84.4589,,62670070,2024-06-18 01:11:53.436,2024-06-18 01:11:53.436,,,,,,UTC-0400,0YsTDK1a2W,,,,com.sec.android.app.shealth,,c206a1ab-aecf-4442-b648-07a9b5172d91,,,
,62670070,2024-06-19 01:39:46.618,,175.3,84.0053,,62670070,2024-06-19 01:39:49.244,2024-06-19 01:39:49.244,,,,,,UTC-0400,0YsTDK1a2W,,,,com.sec.android.app.shealth,,0235e012-879e-4a98-97b5-e0aa00afc6fe,,,
,62670070,2024-06-19 10:20:37.460,,175.3,84.8218,,62670070,2024-06-19 10:20:41.543,2024-06-19 10:20:41.543,,,,,,UTC-0400,0YsTDK1a2W,,,,com.sec.android.app.shealth,,5436fc10-5a1d-4d4c-bb90-4115e5fc2326,,,
,62670070,2024-06-19 10:38:46.508,,175.3,84.6404,,62670070,2024-06-19 10:38:51.150,2024-06-19 10:38:51.150,,,,,,UTC-0400,0YsTDK1a2W,,,,com.sec.android.app.shealth,,8753b0c8-3fc3-4ddd-bda5-942b9665e20d,,,
,62670070,2024-06-20 00:38:23.321,,175.3,84.5497,,62670070,2024-06-20 00:38:26.815,2024-06-20 00:38:26.815,,,,,,UTC-0400,0YsTDK1a2W,,,,com.sec.android.app.shealth,,53fc262c-b8f9-4860-aacb-9988e0a6e0a6,,,
,62670070,2024-06-20 10:08:01.356,,175.3,84.6404,,62670070,2024-06-20 10:08:04.995,2024-06-20 10:08:04.995,,,,,,UTC-0400,0YsTDK1a2W,,,,com.sec.android.app.shealth,,fe2a0b69-3953-4392-90ed-46a8ffa1a028,,,
,62670070,2024-06-21 02:18:06.417,,175.3,84.2775,,62670070,2024-06-21 02:18:10.282,2024-06-21 02:18:10.282,,,,,,UTC-0400,0YsTDK1a2W,,,,com.sec.android.app.shealth,,d80e6e8f-c26e-44ab-be5e-035613964aeb,,,
,62670070,2024-06-21 10:32:35.302,,175.3,84.0961,,62670070,2024-06-21 10:32:38.554,2024-06-21 10:32:38.554,,,,,,UTC-0400,0YsTDK1a2W,,,,com.sec.android.app.shealth,,c55218cc-efcd-4e9b-83b5-7747382ed2e8,,,
,62670070,2024-06-21 13:22:48.510,,175.3,83.9146,,62670070,2024-06-21 13:22:52.157,2024-06-21 13:22:52.157,,,,,,UTC-0400,0YsTDK1a2W,,,,com.sec.android.app.shealth,,6e9613f6-5c3b-4efb-82a2-4cd355cbf0af,,,
,62670070,2024-06-21 14:31:30.720,,175.3,83.8239,,62670070,2024-06-21 14:31:34.231,2024-06-21 14:31:34.231,,,,,,UTC-0400,0YsTDK1a2W,,,,com.sec.android.app.shealth,,5ddba953-b795-4e52-b97f-b0d729b894be,,,
,62670070,2024-06-21 15:33:50.840,,175.3,83.5518,,62670070,2024-06-21 15:33:54.054,2024-06-21 15:33:54.054,,,,,,UTC-0400,0YsTDK1a2W,,,,com.sec.android.app.shealth,,aee372cb-8637-43a8-9805-e224d98fdf26,,,
,62670070,2024-06-22 13:51:45.027,,175.3,85.0033,,62670070,2024-06-22 13:51:50.335,2024-06-22 13:51:50.335,,,,,,UTC-0400,0YsTDK1a2W,,,,com.sec.android.app.shealth,,f5eebeb6-a975-4761-863c-f1fc379db53e,,,
,62670070,2024-06-22 18:19:46.597,,175.3,83.461,,62670070,2024-06-22 18:19:52.280,2024-06-22 18:19:52.280,,,,,,UTC-0400,0YsTDK1a2W,,,,com.sec.android.app.shealth,,4875ff77-6a6a-4c8f-add0-b413550e1e3b,,,
,62670070,2024-06-23 18:15:07.719,,175.3,85.094,,62670070,2024-06-23 18:15:14.581,2024-06-23 18:15:14.581,,,,,,UTC-0400,0YsTDK1a2W,,,,com.sec.android.app.shealth,,ed58e9ba-79d7-444a-a73e-b46826d19ec5,,,
,62670070,2024-06-24 10:11:23.234,,175.3,85.9104,,62670070,2024-06-24 10:11:28.591,2024-06-24 10:11:28.591,,,,,,UTC-0400,0YsTDK1a2W,,,,com.sec.android.app.shealth,,4df89156-67fa-497b-ac47-410742b84357,,,
,62670070,2024-06-24 10:28:30.741,,175.3,85.5476,,62670070,2024-06-24 10:28:34.080,2024-06-24 10:28:34.080,,,,,,UTC-0400,0YsTDK1a2W,,,,com.sec.android.app.shealth,,5ff82d26-3a99-4b6e-a314-86ba95510674,,,
,62670070,2024-06-25 02:00:00.000,,175.3,83.461,,62670070,2024-06-25 09:03:32.831,2024-06-25 09:03:32.831,,,,,,UTC-0400,0YsTDK1a2W,,,,com.sec.android.app.shealth,,1a50f700-4a06-4ee2-b8e1-e9fe3ab87ec4,,,
,62670070,2024-06-25 10:24:02.744,,175.3,84.0961,,62670070,2024-06-25 10:24:07.311,2024-06-25 10:24:07.311,,,,,,UTC-0400,0YsTDK1a2W,,,,com.sec.android.app.shealth,,8dd720d9-da0d-4678-adc8-951c4de135a6,,,
,62670070,2024-06-26 01:52:17.461,,175.3,83.0982,,62670070,2024-06-26 01:52:21.925,2024-06-26 01:52:21.925,,,,,,UTC-0400,0YsTDK1a2W,,,,com.sec.android.app.shealth,,89486898-1c77-48d9-9b21-f44bb8c705ae,,,
,62670070,2024-06-26 10:43:20.103,,175.3,83.6425,,62670070,2024-06-26 10:43:24.440,2024-06-26 10:43:24.440,,,,,,UTC-0400,0YsTDK1a2W,,,,com.sec.android.app.shealth,,92a7ce9d-f706-4e6b-994f-7575a7d7ddca,,,
,62670070,2024-06-27 10:45:48.358,,175.3,84.0053,,62670070,2024-06-27 10:45:52.369,2024-06-27 10:45:52.369,,,,,,UTC-0400,0YsTDK1a2W,,,,com.sec.android.app.shealth,,ac16ee18-b3b6-47cf-9c75-6314e4e1ccae,,,
,62701570,2024-06-28 14:06:29.693,,175.3,83.9146,,62701570,2024-06-28 14:06:34.486,2024-06-28 14:06:34.486,,,,,,UTC-0400,0YsTDK1a2W,,,,com.sec.android.app.shealth,,28e62cd9-9d98-4b3d-b855-7246644b2ac0,,,
,62701570,2024-06-29 14:02:17.569,,175.3,85.2754,,62701570,2024-06-29 14:02:21.251,2024-06-29 14:02:21.251,,,,,,UTC-0400,0YsTDK1a2W,,,,com.sec.android.app.shealth,,0cdcf067-5fe8-45a5-9dec-e63a3d09aaa8,,,
,62701570,2024-06-29 21:09:24.966,,175.3,84.1868,,62701570,2024-06-29 21:09:30.035,2024-06-29 21:09:30.035,,,,,,UTC-0400,0YsTDK1a2W,,,,com.sec.android.app.shealth,,2e8fe38d-49c3-4a42-8356-d3e2be633e25,,,
,62701570,2024-06-30 13:27:15.737,,175.3,85.1847,,62701570,2024-06-30 13:27:20.543,2024-06-30 13:27:20.543,,,,,,UTC-0400,0YsTDK1a2W,,,,com.sec.android.app.shealth,,b8e943b3-d0ad-4e62-8612-f7f03126e9e0,,,
,62701570,2024-06-30 14:25:27.876,,175.3,85.094,,62701570,2024-06-30 14:25:31.239,2024-06-30 14:25:31.239,,,,,,UTC-0400,0YsTDK1a2W,,,,com.sec.android.app.shealth,,6b8dc0f5-bdc3-41e9-a16f-6f5edfde6ff3,,,
,62701570,2024-06-30 18:31:34.468,,175.3,83.2796,,62701570,2024-06-30 18:31:39.375,2024-06-30 18:31:39.375,,,,,,UTC-0400,0YsTDK1a2W,,,,com.sec.android.app.shealth,,521119ac-1642-4f47-a803-84c97043d564,,,
,62701570,2024-07-01 08:18:37.309,,175.3,85.4568,,62701570,2024-07-01 08:18:46.691,2024-07-01 08:18:46.691,,,,,,UTC-0400,0YsTDK1a2W,,,,com.sec.android.app.shealth,,0140df24-5c34-4f5b-ab4c-f9976742ed9a,,,
,62701570,2024-07-02 06:06:36.670,,175.3,85.6383,,62701570,2024-07-02 06:06:40.453,2024-07-02 06:06:40.453,,,,,,UTC-0400,0YsTDK1a2W,,,,com.sec.android.app.shealth,,da6b1b2e-a2c7-488a-9a55-4ef5938825df,,,
,62701570,2024-07-02 10:36:04.769,,175.3,85.3661,,62701570,2024-07-02 10:36:08.192,2024-07-02 10:36:08.192,,,,,,UTC-0400,0YsTDK1a2W,,,,com.sec.android.app.shealth,,ec5b90b9-a270-4db0-9d72-d1de8384826b,,,
,62701570,2024-07-03 10:52:14.692,,175.3,84.7311,,62701570,2024-07-03 10:52:20.063,2024-07-03 10:52:20.063,,,,,,UTC-0400,0YsTDK1a2W,,,,com.sec.android.app.shealth,,333a5065-b9fd-4e4d-b4ca-7f84396d641c,,,
,62701570,2024-07-04 02:35:27.476,,175.3,84.5497,,62701570,2024-07-04 02:35:32.925,2024-07-04 02:35:32.925,,,,,,UTC-0400,0YsTDK1a2W,,,,com.sec.android.app.shealth,,f4ab7b74-6904-4feb-a8e1-e632c0ee9938,,,
,62701570,2024-07-04 14:25:51.488,,175.3,84.4589,,62701570,2024-07-04 14:25:55.768,2024-07-04 14:25:55.768,,,,,,UTC-0400,0YsTDK1a2W,,,,com.sec.android.app.shealth,,8707823a-2967-4796-94fe-cdc4c25af2ce,,,
,62701570,2024-07-04 16:45:38.114,,175.3,84.0961,,62701570,2024-07-04 16:45:41.657,2024-07-04 16:45:41.657,,,,,,UTC-0400,0YsTDK1a2W,,,,com.sec.android.app.shealth,,6b1cf1fc-cb43-410b-84aa-eb4d09029df4,,,
,62701570,2024-07-05 12:15:47.260,,175.3,85.3661,,62701570,2024-07-05 12:15:52.364,2024-07-05 12:15:52.364,,,,,,UTC-0400,0YsTDK1a2W,,,,com.sec.android.app.shealth,,a371c6a2-c4d7-4ca6-81a1-f9baa42bdbc0,,,
,62701570,2024-07-06 01:14:35.928,,175.3,84.0053,,62701570,2024-07-06 01:14:40.355,2024-07-06 01:14:40.355,,,,,,UTC-0400,0YsTDK1a2W,,,,com.sec.android.app.shealth,,5bcc9e16-b2e8-495b-b5b6-9671cecedaf4,,,
,62701610,2024-07-06 15:06:59.484,,175.3,84.4589,,62701610,2024-07-06 15:07:02.450,2024-07-06 15:07:02.450,,,,,,UTC-0400,0YsTDK1a2W,,,,com.sec.android.app.shealth,,d062adda-773c-473f-ad98-3d16efe4b18b,,,
,62701610,2024-07-06 19:29:35.886,,175.3,83.1889,,62701610,2024-07-06 19:29:41.003,2024-07-06 19:29:41.003,,,,,,UTC-0400,0YsTDK1a2W,,,,com.sec.android.app.shealth,,25d2427d-f284-43ea-82cf-15d451267d28,,,
,62701610,2024-07-07 13:02:53.567,,175.3,85.0033,,62701610,2024-07-07 13:02:57.844,2024-07-07 13:02:57.844,,,,,,UTC-0400,0YsTDK1a2W,,,,com.sec.android.app.shealth,,a52784ad-1152-4b27-8733-13349ffa2630,,,
,62701610,2024-07-07 16:50:59.933,,175.3,84.5497,,62701610,2024-07-07 16:51:02.919,2024-07-07 16:51:02.919,,,,,,UTC-0400,0YsTDK1a2W,,,,com.sec.android.app.shealth,,2ce87661-0926-4a70-984a-78f2b32e454b,,,
,62701610,2024-07-08 10:28:59.384,,175.3,85.1847,,62701610,2024-07-08 10:29:03.872,2024-07-08 10:29:03.872,,,,,,UTC-0400,0YsTDK1a2W,,,,com.sec.android.app.shealth,,d14e1bd6-fb82-4138-8ab0-230067780e34,,,
,62701610,2024-07-09 10:24:44.694,,175.3,84.7311,,62701610,2024-07-09 10:24:47.455,2024-07-09 10:24:47.455,,,,,,UTC-0400,0YsTDK1a2W,,,,com.sec.android.app.shealth,,4c0079f2-e7f9-413b-9e1b-8b986e6d4665,,,
,62701610,2024-07-11 10:42:56.504,,175.3,85.2754,,62701610,2024-07-11 10:43:02.401,2024-07-11 10:43:02.401,,,,,,UTC-0400,0YsTDK1a2W,,,,com.sec.android.app.shealth,,4685cbbb-2889-4bb6-ab7e-c5e747820ca1,,,
,62701610,2024-07-12 13:11:26.892,,175.3,84.9125,,62701610,2024-07-12 13:11:31.349,2024-07-12 13:11:31.349,,,,,,UTC-0400,0YsTDK1a2W,,,,com.sec.android.app.shealth,,bc74b71e-fe3d-4d7e-9ade-88954f25f851,,,
,62701610,2024-07-12 15:23:02.180,,175.3,84.8218,,62701610,2024-07-12 15:23:04.742,2024-07-12 15:23:04.742,,,,,,UTC-0400,0YsTDK1a2W,,,,com.sec.android.app.shealth,,bd600068-1a28-4157-819c-aa88b429e2e9,,,
,62701610,2024-07-13 17:01:45.914,,175.3,85.4568,,62701610,2024-07-13 17:01:53.651,2024-07-13 17:01:53.651,,,,,,UTC-0400,0YsTDK1a2W,,,,com.sec.android.app.shealth,,6da957d8-8aa6-4ec7-be80-e4ca779376a6,,,
,62701610,2024-07-14 16:09:10.464,,175.3,85.9104,,62701610,2024-07-14 16:09:12.965,2024-07-14 16:09:12.965,,,,,,UTC-0400,0YsTDK1a2W,,,,com.sec.android.app.shealth,,44ad22b3-b07a-4580-adcf-3001c335520c,,,
,62701610,2024-07-14 16:38:55.806,,175.3,85.8197,,62701610,2024-07-14 16:38:58.724,2024-07-14 16:38:58.724,,,,,,UTC-0400,0YsTDK1a2W,,,,com.sec.android.app.shealth,,1a395cd2-ef16-44f0-b29d-41697a437725,,,
,62701610,2024-07-15 10:41:19.986,,175.3,85.3661,,62701610,2024-07-15 10:41:23.851,2024-07-15 10:41:23.851,,,,,,UTC-0400,0YsTDK1a2W,,,,com.sec.android.app.shealth,,0c8297bd-e608-4d12-b767-a38fe4a14c05,,,
,62701610,2024-07-16 10:48:51.208,,175.3,85.4568,,62701610,2024-07-16 10:48:55.744,2024-07-16 10:48:55.744,,,,,,UTC-0400,0YsTDK1a2W,,,,com.sec.android.app.shealth,,84c4e0b8-b12d-425c-ab0d-2f0f127db699,,,
,62701610,2024-07-17 10:25:26.654,,175.3,85.8197,,62701610,2024-07-17 10:25:30.127,2024-07-17 10:25:30.127,,,,,,UTC-0400,0YsTDK1a2W,,,,com.sec.android.app.shealth,,451965c8-63a5-4972-a340-99f9bacdd22f,,,
,62701610,2024-07-18 12:13:38.167,,175.3,85.8197,,62701610,2024-07-18 12:13:40.087,2024-07-18 12:13:40.087,,,,,,UTC-0400,0YsTDK1a2W,,,,com.sec.android.app.shealth,,667d0f9f-69b5-44c6-8fc5-f6870084a78f,,,
,62701610,2024-07-19 12:58:08.853,,175.3,86.4548,,62701610,2024-07-19 12:58:14.087,2024-07-19 12:58:14.087,,,,,,UTC-0400,0YsTDK1a2W,,,,com.sec.android.app.shealth,,3e4420a5-151b-41bd-86f5-399e6fabcd3c,,,
,62701610,2024-07-20 17:24:42.600,,175.3,86.0919,,62701610,2024-07-20 17:24:47.158,2024-07-20 17:24:47.158,,,,,,UTC-0400,0YsTDK1a2W,,,,com.sec.android.app.shealth,,a1348f29-d2b5-4cfd-a360-0a1e53e5f79f,,,
,62701610,2024-07-20 22:38:45.521,,175.3,85.6383,,62701610,2024-07-20 22:38:48.216,2024-07-20 22:38:48.216,,,,,,UTC-0400,0YsTDK1a2W,,,,com.sec.android.app.shealth,,74203343-c2f3-4cdc-803a-63af62a2b86d,,,
,62701610,2024-07-21 13:36:03.069,,175.3,85.5476,,62701610,2024-07-21 13:36:08.491,2024-07-21 13:36:08.491,,,,,,UTC-0400,0YsTDK1a2W,,,,com.sec.android.app.shealth,,9cb91518-6160-4bc4-9999-2df2990a690a,,,
,62701610,2024-07-22 09:17:57.583,,175.3,85.8197,,62701610,2024-07-22 09:18:01.736,2024-07-22 09:18:01.736,,,,,,UTC-0400,0YsTDK1a2W,,,,com.sec.android.app.shealth,,171e0ee4-f4a3-4a1c-96ea-d1dd1c99ece1,,,
,62701610,2024-07-23 10:44:32.643,,175.3,85.3661,,62701610,2024-07-23 10:44:35.301,2024-07-23 10:44:35.301,,,,,,UTC-0400,0YsTDK1a2W,,,,com.sec.android.app.shealth,,3b0ac260-3a60-4812-a160-969a999fdae5,,,
,62701610,2024-07-24 10:46:52.515,,175.3,85.5476,,62701610,2024-07-24 10:46:56.659,2024-07-24 10:46:56.659,,,,,,UTC-0400,0YsTDK1a2W,,,,com.sec.android.app.shealth,,aa600ca5-8d9c-422e-b219-802b82f61ef2,,,
,62701610,2024-07-25 01:34:28.051,,175.3,84.3682,,62701610,2024-07-25 01:34:34.647,2024-07-25 01:34:34.647,,,,,,UTC-0400,0YsTDK1a2W,,,,com.sec.android.app.shealth,,f4261a8c-b2c4-435e-b70b-d75d095069dd,,,
,62701610,2024-07-25 10:54:00.424,,175.3,84.6404,,62701610,2024-07-25 10:54:03.940,2024-07-25 10:54:03.940,,,,,,UTC-0400,0YsTDK1a2W,,,,com.sec.android.app.shealth,,65fda796-e785-4557-a9b5-eb27469e7e03,,,
,62701610,2024-07-26 13:44:29.335,,175.3,84.8218,,62701610,2024-07-26 13:44:39.804,2024-07-26 13:44:39.804,,,,,,UTC-0400,0YsTDK1a2W,,,,com.sec.android.app.shealth,,5d29d655-8764-4561-b114-326bb2e83d91,,,
,62701610,2024-07-27 14:03:56.250,,175.3,85.1847,,62701610,2024-07-27 14:04:00.247,2024-07-27 14:04:00.247,,,,,,UTC-0400,0YsTDK1a2W,,,,com.sec.android.app.shealth,,7cf03d2b-ca73-4add-a36a-796a98bee8ac,,,
,62701610,2024-07-27 18:05:16.649,,175.3,84.0053,,62701610,2024-07-27 18:05:22.866,2024-07-27 18:05:22.866,,,,,,UTC-0400,0YsTDK1a2W,,,,com.sec.android.app.shealth,,3f7ed13a-f465-4edd-b122-bdd4fc9afed9,,,
,62701610,2024-07-28 14:42:24.865,,175.3,85.3661,,62701610,2024-07-28 14:42:28.627,2024-07-28 14:42:28.627,,,,,,UTC-0400,0YsTDK1a2W,,,,com.sec.android.app.shealth,,f686723a-ea34-49d7-93b2-f99e3098369a,,,
,62701610,2024-07-29 09:32:27.654,,175.3,86.0012,,62701610,2024-07-29 09:32:31.855,2024-07-29 09:32:31.855,,,,,,UTC-0400,0YsTDK1a2W,,,,com.sec.android.app.shealth,,70a93e6b-8703-4f70-9ffa-ea115c44ac52,,,
,62701610,2024-07-30 07:31:26.502,,175.3,85.094,,62701610,2024-07-30 07:31:30.905,2024-07-30 07:31:30.905,,,,,,UTC-0400,0YsTDK1a2W,,,,com.sec.android.app.shealth,,f1631b99-d16b-4629-9fc8-35b08a969373,,,
,62701610,2024-07-30 10:20:56.309,,175.3,84.7311,,62701610,2024-07-30 10:21:01.094,2024-07-30 10:21:01.094,,,,,,UTC-0400,0YsTDK1a2W,,,,com.sec.android.app.shealth,,a04afa62-8ff7-43a8-b857-7dc37f4c6f8b,,,
,62701610,2024-07-31 09:41:52.923,,175.3,85.8197,,62701610,2024-07-31 09:41:58.314,2024-07-31 09:41:58.314,,,,,,UTC-0400,0YsTDK1a2W,,,,com.sec.android.app.shealth,,d7839f3a-4b78-48e8-999b-91671f4c6b0d,,,
,62701610,2024-08-01 10:49:52.818,,175.3,85.4568,,62701610,2024-08-01 10:49:56.188,2024-08-01 10:49:56.188,,,,,,UTC-0400,0YsTDK1a2W,,,,com.sec.android.app.shealth,,fad900a1-b6a7-47f5-bab8-7223e54eea0b,,,
,62701610,2024-08-02 14:39:44.973,,175.3,85.3661,,62701610,2024-08-02 14:39:47.915,2024-08-02 14:39:47.915,,,,,,UTC-0400,0YsTDK1a2W,,,,com.sec.android.app.shealth,,e3bfaeaa-1259-425c-86ac-c8d19a65ccc1,,,
,62701610,2024-08-03 20:15:02.723,,175.3,84.0053,,62701610,2024-08-03 20:15:06.804,2024-08-03 20:15:06.804,,,,,,UTC-0400,0YsTDK1a2W,,,,com.sec.android.app.shealth,,8dcabd7b-a2a0-4b89-8d39-85fc1915a461,,,
,62701610,2024-08-04 16:57:57.278,,175.3,85.8197,,62701610,2024-08-04 16:58:01.707,2024-08-04 16:58:01.707,,,,,,UTC-0400,0YsTDK1a2W,,,,com.sec.android.app.shealth,,9491c0e6-74a9-44b5-bff0-6097fe077c41,,,
,62701610,2024-08-05 13:21:21.304,,175.3,83.6878,,62701610,2024-08-05 13:21:27.350,2024-08-05 13:21:27.350,,,,,,UTC-0400,0YsTDK1a2W,,,,com.sec.android.app.shealth,,3fdd00d0-5fb1-490c-be19-e72806b683c1,,,
,62701610,2024-08-06 00:15:23.306,,175.3,84.5497,,62701610,2024-08-06 00:15:27.645,2024-08-06 00:15:27.645,,,,,,UTC-0400,0YsTDK1a2W,,,,com.sec.android.app.shealth,,8970ce64-71bc-4289-8300-8610d49eeec4,,,
,62701610,2024-08-06 10:23:22.855,,175.3,85.0033,,62701610,2024-08-06 10:23:25.126,2024-08-06 10:23:25.126,,,,,,UTC-0400,0YsTDK1a2W,,,,com.sec.android.app.shealth,,af1ceeda-ff89-4300-9f5d-873eba7d638c,,,
,62710150,2024-08-07 10:38:36.919,,175.3,84.7311,,62710150,2024-08-07 10:38:42.405,2024-08-07 10:38:42.405,,,,,,UTC-0400,0YsTDK1a2W,,,,com.sec.android.app.shealth,,7f9fbd8e-6a37-4689-8559-b91f0b28172f,,,
,62710150,2024-08-08 10:47:50.959,,175.3,85.6383,,62710150,2024-08-08 10:47:54.244,2024-08-08 10:47:54.244,,,,,,UTC-0400,0YsTDK1a2W,,,,com.sec.android.app.shealth,,82eb738a-31d6-45d6-bd10-f42eb4f66f41,,,
,62710150,2024-08-08 01:00:00.000,,175.3,83.9146,,62710150,2024-08-08 10:48:34.370,2024-08-08 10:48:34.370,,,,,,UTC-0400,0YsTDK1a2W,,,,com.sec.android.app.shealth,,3b25518c-3e72-4cfe-bade-b3461a87978f,,,
,62710150,2024-08-09 12:52:44.964,,175.3,85.0033,,62710150,2024-08-09 12:52:49.252,2024-08-09 12:52:49.252,,,,,,UTC-0400,0YsTDK1a2W,,,,com.sec.android.app.shealth,,8419fc4d-6a4e-4858-bad7-3e6b68a9edd9,,,
,62710150,2024-08-09 14:56:53.662,,175.3,84.8218,,62710150,2024-08-09 14:56:56.649,2024-08-09 14:56:56.649,,,,,,UTC-0400,0YsTDK1a2W,,,,com.sec.android.app.shealth,,caf4c1c5-e734-4572-b4d2-e9c6a43b3ddf,,,
,62710150,2024-08-10 13:46:04.515,,175.3,85.4568,,62710150,2024-08-10 13:46:48.418,2024-08-10 13:46:48.418,,,,,,UTC-0400,0YsTDK1a2W,,,,com.sec.android.app.shealth,,dfddb121-8b28-4d87-8ac9-d8f451f1c87e,,,
,62710150,2024-08-10 19:59:20.891,,175.3,84.0053,,62710150,2024-08-10 19:59:27.301,2024-08-10 19:59:27.301,,,,,,UTC-0400,0YsTDK1a2W,,,,com.sec.android.app.shealth,,91eaefdb-1a46-471e-9505-e0029316ae4b,,,
,62710150,2024-08-11 15:50:27.770,,175.3,85.2754,,62710150,2024-08-11 15:50:32.016,2024-08-11 15:50:32.016,,,,,,UTC-0400,0YsTDK1a2W,,,,com.sec.android.app.shealth,,59b515fb-b90c-4bac-a585-e84a2c1b1a1c,,,
,62710150,2024-08-12 08:31:53.303,,175.3,85.3661,,62710150,2024-08-12 08:31:56.308,2024-08-12 08:31:56.308,,,,,,UTC-0400,0YsTDK1a2W,,,,com.sec.android.app.shealth,,76b659cd-3b05-4257-a1b9-759ce7dd52af,,,
,62710150,2024-08-13 11:27:23.282,,175.3,84.5497,,62710150,2024-08-13 11:27:27.259,2024-08-13 11:27:27.259,,,,,,UTC-0400,0YsTDK1a2W,,,,com.sec.android.app.shealth,,95f5753f-552f-42cf-85a1-50842f0f848b,,,
,62710150,2024-08-14 04:05:34.060,,175.3,84.5497,,62710150,2024-08-14 04:05:35.920,2024-08-14 04:05:35.920,,,,,,UTC-0400,0YsTDK1a2W,,,,com.sec.android.app.shealth,,99a4f4ff-db64-41a4-a876-8a5145f1eec7,,,
,62710150,2024-08-14 10:41:11.710,,175.3,84.0961,,62710150,2024-08-14 10:41:14.284,2024-08-14 10:41:14.284,,,,,,UTC-0400,0YsTDK1a2W,,,,com.sec.android.app.shealth,,0dbfa4a8-6cbf-46c6-b8e9-f58a07bc8065,,,
,62710150,2024-08-15 01:05:12.755,,175.3,83.0982,,62710150,2024-08-15 01:05:17.658,2024-08-15 01:05:17.658,,,,,,UTC-0400,0YsTDK1a2W,,,,com.sec.android.app.shealth,,2d66db26-2679-4595-add9-bb023d8622ed,,,
,62710150,2024-08-15 10:26:01.228,,175.3,84.3682,,62710150,2024-08-15 10:26:07.550,2024-08-15 10:26:07.550,,,,,,UTC-0400,0YsTDK1a2W,,,,com.sec.android.app.shealth,,aa0ea84e-710f-48df-80aa-68685370e9a6,,,
,62710150,2024-08-16 05:13:20.968,,175.3,84.0053,,62710150,2024-08-16 05:13:24.855,2024-08-16 05:13:24.855,,,,,,UTC-0400,0YsTDK1a2W,,,,com.sec.android.app.shealth,,76b34af7-1d2e-41e4-92bd-f82b7651d19a,,,
,62710150,2024-08-16 12:56:03.394,,175.3,83.3703,,62710150,2024-08-16 12:56:08.949,2024-08-16 12:56:08.949,,,,,,UTC-0400,0YsTDK1a2W,,,,com.sec.android.app.shealth,,a6cfcd67-b418-47f3-9955-01d4730be150,,,
,62710150,2024-08-16 15:31:30.001,,175.3,83.0982,,62710150,2024-08-16 15:31:33.523,2024-08-16 15:31:33.523,,,,,,UTC-0400,0YsTDK1a2W,,,,com.sec.android.app.shealth,,b9c5df3e-b342-43cd-9078-3239d9ed8f34,,,
,62710150,2024-08-17 12:48:55.756,,175.3,84.4589,,62710150,2024-08-17 12:48:58.727,2024-08-17 12:48:58.727,,,,,,UTC-0400,0YsTDK1a2W,,,,com.sec.android.app.shealth,,1171aac7-30af-4802-9bd2-d4ff21cd6f88,,,
,62710150,2024-08-18 14:53:28.006,,175.3,84.9125,,62710150,2024-08-18 14:53:30.795,2024-08-18 14:53:30.795,,,,,,UTC-0400,0YsTDK1a2W,,,,com.sec.android.app.shealth,,b03bb52d-a460-4fc1-819d-53337fbb8691,,,
,62710150,2024-08-19 08:47:31.908,,175.3,85.729,,62710150,2024-08-19 08:47:36.323,2024-08-19 08:47:36.323,,,,,,UTC-0400,0YsTDK1a2W,,,,com.sec.android.app.shealth,,352d149e-1f05-4753-9add-894b8774f67d,,,
,62710150,2024-08-20 09:44:12.026,,175.3,85.1847,,62710150,2024-08-20 09:44:16.690,2024-08-20 09:44:16.690,,,,,,UTC-0400,0YsTDK1a2W,,,,com.sec.android.app.shealth,,48e197be-4bb0-4a04-86b1-e81466ad921e,,,
,62710150,2024-08-21 00:52:10.478,,175.3,83.3703,,62710150,2024-08-21 00:52:16.555,2024-08-21 00:52:16.555,,,,,,UTC-0400,0YsTDK1a2W,,,,com.sec.android.app.shealth,,65800a26-7b5e-4522-abac-fc5195f51be9,,,
,62710150,2024-08-21 10:17:21.956,,175.3,83.6425,,62710150,2024-08-21 10:17:27.768,2024-08-21 10:17:27.768,,,,,,UTC-0400,0YsTDK1a2W,,,,com.sec.android.app.shealth,,6788b09e-00ff-4bc1-a2dc-9e3b53373c96,,,
,62710150,2024-08-21 10:39:07.931,,175.3,83.5518,,62710150,2024-08-21 10:39:11.259,2024-08-21 10:39:11.259,,,,,,UTC-0400,0YsTDK1a2W,,,,com.sec.android.app.shealth,,2a097183-ff0f-4357-9f81-f0b8fb354a5f,,,
,62710150,2024-08-22 09:13:01.453,,175.3,83.7332,,62710150,2024-08-22 09:13:06.196,2024-08-22 09:13:06.196,,,,,,UTC-0400,0YsTDK1a2W,,,,com.sec.android.app.shealth,,6e9f9e0e-173e-4065-8126-2be86877be16,,,
,62710150,2024-08-23 12:54:35.704,,175.3,82.5539,,62710150,2024-08-23 12:54:41.903,2024-08-23 12:54:41.903,,,,,,UTC-0400,0YsTDK1a2W,,,,com.sec.android.app.shealth,,08af84dd-180d-4351-aaa6-59fc604fb1cb,,,
,62710150,2024-08-23 15:04:02.235,,175.3,82.2817,,62710150,2024-08-23 15:04:07.678,2024-08-23 15:04:07.678,,,,,,UTC-0400,0YsTDK1a2W,,,,com.sec.android.app.shealth,,7a088bed-16ac-42f9-b77e-4105542b5323,,,
,62710150,2024-08-23 18:00:39.630,,175.3,82.191,,62710150,2024-08-23 18:00:42.456,2024-08-23 18:00:42.456,,,,,,UTC-0400,0YsTDK1a2W,,,,com.sec.android.app.shealth,,a7f85b9f-4308-484e-8544-0a7072c53232,,,
,62710150,2024-08-24 04:35:18.285,,175.3,83.3703,,62710150,2024-08-24 04:35:25.158,2024-08-24 04:35:25.158,,,,,,UTC-0400,0YsTDK1a2W,,,,com.sec.android.app.shealth,,3e4419ad-9095-44b4-bd05-64cc32b9b9c2,,,
,62710150,2024-08-24 14:07:13.778,,175.3,82.826,,62710150,2024-08-24 14:07:20.226,2024-08-24 14:07:20.226,,,,,,UTC-0400,0YsTDK1a2W,,,,com.sec.android.app.shealth,,55f26ea2-3f9d-4639-87f5-5ce6bc1b2efb,,,
,62710150,2024-08-24 15:31:26.119,,175.3,82.5539,,62710150,2024-08-24 15:31:30.029,2024-08-24 15:31:30.029,,,,,,UTC-0400,0YsTDK1a2W,,,,com.sec.android.app.shealth,,1b596631-59a5-415b-9d85-3b4f45ce4f0a,,,
,62710150,2024-08-25 15:26:47.514,,175.3,83.5518,,62710150,2024-08-25 15:26:52.089,2024-08-25 15:26:52.089,,,,,,UTC-0400,0YsTDK1a2W,,,,com.sec.android.app.shealth,,f5e938c1-bc56-45d3-9409-e6c366b10060,,,
,62710150,2024-08-25 17:46:09.376,,175.3,83.1889,,62710150,2024-08-25 17:46:12.543,2024-08-25 17:46:12.543,,,,,,UTC-0400,0YsTDK1a2W,,,,com.sec.android.app.shealth,,7d2f7b4c-8b35-4266-a38e-9179f13c0e2a,,,
,62710150,2024-08-26 11:01:53.639,,175.3,83.1889,,62710150,2024-08-26 11:01:55.799,2024-08-26 11:01:55.799,,,,,,UTC-0400,0YsTDK1a2W,,,,com.sec.android.app.shealth,,32cb5927-8aa4-42b9-b657-c5dec8479a19,,,
,62710150,2024-08-26 12:21:55.607,,175.3,82.2817,,62710150,2024-08-26 12:21:58.606,2024-08-26 12:21:58.606,,,,,,UTC-0400,0YsTDK1a2W,,,,com.sec.android.app.shealth,,8b938fb2-4824-4917-a62b-7a5136a804fc,,,
,62710150,2024-08-27 11:19:52.369,,175.3,83.5518,,62710150,2024-08-27 11:19:56.938,2024-08-27 11:19:56.938,,,,,,UTC-0400,0YsTDK1a2W,,,,com.sec.android.app.shealth,,d190d27d-69a6-4957-aa1a-e76ea9b8c200,,,
,62710150,2024-08-27 21:14:24.484,,175.3,83.1889,,62710150,2024-08-27 21:14:27.884,2024-08-27 21:14:27.884,,,,,,UTC-0400,0YsTDK1a2W,,,,com.sec.android.app.shealth,,66c3c117-a457-41f8-bd73-4a8d8a38b1b3,,,
,62710150,2024-08-28 11:25:52.849,,175.3,83.0074,,62710150,2024-08-28 11:25:57.791,2024-08-28 11:25:57.791,,,,,,UTC-0400,0YsTDK1a2W,,,,com.sec.android.app.shealth,,6d0bc703-f662-4310-8b0a-f951459ad750,,,
,62710150,2024-08-29 11:32:59.364,,175.3,84.1868,,62710150,2024-08-29 11:33:06.090,2024-08-29 11:33:06.090,,,,,,UTC-0400,0YsTDK1a2W,,,,com.sec.android.app.shealth,,5bc6cf84-0fd0-48c1-89de-66711545195c,,,
,62720090,2024-08-30 10:35:02.479,,175.3,84.9125,,62720090,2024-08-30 10:35:08.096,2024-08-30 10:35:08.096,,,,,,UTC-0400,0YsTDK1a2W,,,,com.sec.android.app.shealth,,9eba5553-6d1e-4e75-a401-ae8a7738262f,,,
,62720090,2024-08-31 14:05:42.744,,175.3,83.9146,,62720090,2024-08-31 14:05:47.302,2024-08-31 14:05:47.302,,,,,,UTC-0400,0YsTDK1a2W,,,,com.sec.android.app.shealth,,0e9ba9eb-444e-4624-9974-c2aad3946039,,,
,62720090,2024-08-31 20:47:05.875,,175.3,82.0095,,62720090,2024-08-31 20:47:11.582,2024-08-31 20:47:11.582,,,,,,UTC-0400,0YsTDK1a2W,,,,com.sec.android.app.shealth,,fd5e1182-ff94-46d5-b67f-0899d2a50509,,,
,62720090,2024-09-01 12:39:21.664,,175.3,83.3703,,62720090,2024-09-01 12:39:26.307,2024-09-01 12:39:26.307,,,,,,UTC-0400,0YsTDK1a2W,,,,com.sec.android.app.shealth,,f9c9ae1e-862f-4aae-9276-9374b8169ec3,,,
,62720090,2024-09-01 22:46:21.846,,175.3,81.8281,,62720090,2024-09-01 22:46:26.894,2024-09-01 22:46:26.894,,,,,,UTC-0400,0YsTDK1a2W,,,,com.sec.android.app.shealth,,078452a1-b5c1-4743-91e4-605cf22e773f,,,
,62720090,2024-09-02 14:26:57.873,,175.3,83.1889,,62720090,2024-09-02 14:27:01.588,2024-09-02 14:27:01.588,,,,,,UTC-0400,0YsTDK1a2W,,,,com.sec.android.app.shealth,,42131dce-ee45-4cf4-8968-3f191e0f6757,,,
,62720090,2024-09-03 09:26:31.662,,175.3,83.7332,,62720090,2024-09-03 09:26:35.024,2024-09-03 09:26:35.024,,,,,,UTC-0400,0YsTDK1a2W,,,,com.sec.android.app.shealth,,c98225de-b39c-46fc-a884-39fb4bc0be98,,,
,62720090,2024-09-04 00:25:35.501,,175.3,82.4631,,62720090,2024-09-04 00:25:41.469,2024-09-04 00:25:41.469,,,,,,UTC-0400,0YsTDK1a2W,,,,com.sec.android.app.shealth,,33659142-6797-42bd-82d1-f944bda8e3ed,,,
,62720090,2024-09-04 09:19:42.894,,175.3,83.6425,,62720090,2024-09-04 09:19:47.799,2024-09-04 09:19:47.799,,,,,,UTC-0400,0YsTDK1a2W,,,,com.sec.android.app.shealth,,22c0d03b-cdb4-4a03-91e7-44067b157d7b,,,
,62720090,2024-09-04 11:35:20.532,,175.3,82.5539,,62720090,2024-09-04 11:35:25.542,2024-09-04 11:35:25.542,,,,,,UTC-0400,0YsTDK1a2W,,,,com.sec.android.app.shealth,,436706b7-5619-4456-b1c9-c954c6507e41,,,
,62720090,2024-09-05 09:24:29.030,,175.3,83.6425,,62720090,2024-09-05 09:24:33.760,2024-09-05 09:24:33.760,,,,,,UTC-0400,0YsTDK1a2W,,,,com.sec.android.app.shealth,,4870f7c8-2dff-47ed-a4d1-873c4fc59d61,,,
,62720090,2024-09-06 09:32:53.179,,175.3,84.1868,,62720090,2024-09-06 09:32:57.002,2024-09-06 09:32:57.002,,,,,,UTC-0400,0YsTDK1a2W,,,,com.sec.android.app.shealth,,143f2a50-5c22-463d-9d2e-f3f582a33975,,,
,62720090,2024-09-06 11:54:37.276,,175.3,81.6467,,62720090,2024-09-06 11:54:42.769,2024-09-06 11:54:42.769,,,,,,UTC-0400,0YsTDK1a2W,,,,com.sec.android.app.shealth,,861b9ac4-ade5-47de-979e-abb6e3a0dfa5,,,
,62720090,2024-09-07 13:35:43.758,,175.3,83.0982,,62720090,2024-09-07 13:35:49.341,2024-09-07 13:35:49.341,,,,,,UTC-0400,0YsTDK1a2W,,,,com.sec.android.app.shealth,,d427ab2d-6af4-4777-a37b-c934ed87d0bf,,,
,62720090,2024-09-07 19:54:05.130,,175.3,81.6467,,62720090,2024-09-07 19:54:08.395,2024-09-07 19:54:08.395,,,,,,UTC-0400,0YsTDK1a2W,,,,com.sec.android.app.shealth,,025c4587-ab8f-424e-8ff5-f54f5732e817,,,
,62720090,2024-09-08 15:27:39.592,,175.3,83.1889,,62720090,2024-09-08 15:27:45.363,2024-09-08 15:27:45.363,,,,,,UTC-0400,0YsTDK1a2W,,,,com.sec.android.app.shealth,,cef73a80-05be-4505-9359-4926bc4fb9b1,,,
,62720090,2024-09-08 21:21:47.982,,175.3,81.6467,,62720090,2024-09-08 21:21:52.438,2024-09-08 21:21:52.438,,,,,,UTC-0400,0YsTDK1a2W,,,,com.sec.android.app.shealth,,c009bd11-42b9-448b-8f45-462de5e87ac9,,,
,,2014-08-01 18:47:49.353,,175.26,90.72,,,2015-02-01 00:00:00.000,2015-02-01 00:00:00.000,,,,,,UTC-0500,seasqcFc5J,,,,com.sec.android.app.shealth,,ce134e23-c986-d433-382c-0a03c1915711,,,
,62720090,2024-09-09 09:11:31.022,,175.3,82.826,,62720090,2024-09-09 09:11:35.949,2024-09-09 09:11:35.949,,,,,,UTC-0400,tzUtVVO31D,,,,com.sec.android.app.shealth,,0366fcc6-d3a1-4638-923e-35033627aa35,,,
,62720090,2024-09-11 01:09:23.497,,175.3,81.3745,,62720090,2024-09-11 01:09:28.450,2024-09-11 01:09:28.450,,,,,,UTC-0400,tzUtVVO31D,,,,com.sec.android.app.shealth,,e1e897b1-3d46-4204-b9a4-1212b2a838c4,,,
,62720090,2024-09-11 09:32:41.317,,175.3,82.0095,,62720090,2024-09-11 09:32:45.696,2024-09-11 09:32:45.696,,,,,,UTC-0400,tzUtVVO31D,,,,com.sec.android.app.shealth,,eaa4ce6f-5958-4ab8-a6d3-5f4e1e313c87,,,
,62720090,2024-09-12 00:56:08.740,,175.3,81.7374,,62720090,2024-09-12 00:56:12.737,2024-09-12 00:56:12.737,,,,,,UTC-0400,tzUtVVO31D,,,,com.sec.android.app.shealth,,04563695-b6f6-410f-8546-4cb130b8bbdf,,,
,62720090,2024-09-12 09:34:10.054,,175.3,82.2817,,62720090,2024-09-12 09:34:13.348,2024-09-12 09:34:13.348,,,,,,UTC-0400,tzUtVVO31D,,,,com.sec.android.app.shealth,,b71f5b44-3ce1-4cbe-af0b-853e52c2d695,,,
,62720090,2024-09-13 10:18:35.457,,175.3,82.4631,,62720090,2024-09-13 10:18:38.645,2024-09-13 10:18:38.645,,,,,,UTC-0400,tzUtVVO31D,,,,com.sec.android.app.shealth,,76b9c78d-cf89-4744-8a74-97ded64d0af7,,,
,62720090,2024-09-14 14:05:59.289,,175.3,83.0074,,62720090,2024-09-14 14:06:04.301,2024-09-14 14:06:04.301,,,,,,UTC-0400,tzUtVVO31D,,,,com.sec.android.app.shealth,,92ef7183-1a5e-430a-b8ca-8191defb081a,,,
,62720090,2024-09-15 15:36:36.329,,175.3,83.5518,,62720090,2024-09-15 15:36:39.616,2024-09-15 15:36:39.616,,,,,,UTC-0400,tzUtVVO31D,,,,com.sec.android.app.shealth,,eeb8efce-21f8-4dda-b695-d0fcb5472d4e,,,
,62720090,2024-09-15 18:45:43.520,,175.3,83.3703,,62720090,2024-09-15 18:45:47.728,2024-09-15 18:45:47.728,,,,,,UTC-0400,tzUtVVO31D,,,,com.sec.android.app.shealth,,b4852a5d-9e15-4329-8ec5-6897985917b0,,,
,62720090,2024-09-16 08:33:13.657,,175.3,84.3682,,62720090,2024-09-16 08:33:18.513,2024-09-16 08:33:18.513,,,,,,UTC-0400,tzUtVVO31D,,,,com.sec.android.app.shealth,,6c2667ce-4699-4972-b28d-3f8fc526ad8c,,,
,62720090,2024-09-17 09:44:23.728,,175.3,83.3703,,62720090,2024-09-17 09:44:28.907,2024-09-17 09:44:28.907,,,,,,UTC-0400,tzUtVVO31D,,,,com.sec.android.app.shealth,,12d95871-471e-413d-8932-a6a3b1a5d9e7,,,
,62720090,2024-09-17 02:00:00.000,,175.3,82.4631,,62720090,2024-09-17 09:45:08.421,2024-09-17 09:45:08.421,,,,,,UTC-0400,tzUtVVO31D,,,,com.sec.android.app.shealth,,b740a5fa-eb5e-44df-af95-4d01b7610f56,,,
,62720090,2024-09-18 10:48:13.350,,175.3,83.6425,,62720090,2024-09-18 10:48:18.615,2024-09-18 10:48:18.615,,,,,,UTC-0400,tzUtVVO31D,,,,com.sec.android.app.shealth,,55cb0b5e-c3b0-4167-aba8-4a4cb02eef08,,,
,62720090,2024-09-18 21:44:07.124,,175.3,82.1003,,62720090,2024-09-18 21:44:12.138,2024-09-18 21:44:12.138,,,,,,UTC-0400,tzUtVVO31D,,,,com.sec.android.app.shealth,,9d3d16e1-1e86-495a-b8fd-ee6bf73c637b,,,
24.013283,62720071,2024-09-18 21:45:07.961,,175.26,82.10022,,62720071,2024-09-18 21:45:08.060,2024-09-18 21:45:08.060,,37.086105,58.086937,,1624,UTC-0400,ywTQ5Dntzw,30.447773,,70.75126,com.sec.android.app.shealth,29.248745,b0f45d9a-0a34-432f-a4cc-a303ffa06f6d,,42.606518,
,62720090,2024-09-19 00:37:31.180,,175.3,82.4631,,62720090,2024-09-19 00:37:35.058,2024-09-19 00:37:35.058,,,,,,UTC-0400,tzUtVVO31D,,,,com.sec.android.app.shealth,,41281e34-3c10-4b5c-8162-d4ebcc986280,,,
,62720090,2024-09-19 09:34:15.203,,175.3,83.461,,62720090,2024-09-19 09:34:21.480,2024-09-19 09:34:21.480,,,,,,UTC-0400,tzUtVVO31D,,,,com.sec.android.app.shealth,,b168c764-5836-4754-9c12-2a838d1fa313,,,
,62720090,2024-09-20 10:54:04.406,,175.3,83.6425,,62720090,2024-09-20 10:54:08.604,2024-09-20 10:54:08.604,,,,,,UTC-0400,tzUtVVO31D,,,,com.sec.android.app.shealth,,3d63f0e1-d9e7-4d2e-a71b-4eccb5f76bb7,,,
,62720090,2024-09-21 13:24:25.940,,175.3,83.0982,,62720090,2024-09-21 13:24:30.329,2024-09-21 13:24:30.329,,,,,,UTC-0400,tzUtVVO31D,,,,com.sec.android.app.shealth,,c588840e-36e0-433e-986b-4edb9c68cf7b,,,
,62720090,2024-09-22 17:21:57.106,,175.3,83.5518,,62720090,2024-09-22 17:21:59.403,2024-09-22 17:21:59.403,,,,,,UTC-0400,tzUtVVO31D,,,,com.sec.android.app.shealth,,f7995209-cf46-4760-aa2e-ecc1778a00c1,,,
,62720090,2024-09-23 09:04:58.001,,175.3,83.3703,,62720090,2024-09-23 09:05:02.389,2024-09-23 09:05:02.389,,,,,,UTC-0400,tzUtVVO31D,,,,com.sec.android.app.shealth,,ecfeb46e-dbfc-478a-886f-daa985989b4b,,,
,62720090,2024-09-24 10:04:40.618,,175.3,83.3703,,62720090,2024-09-24 10:04:42.070,2024-09-24 10:04:42.070,,,,,,UTC-0400,tzUtVVO31D,,,,com.sec.android.app.shealth,,39e508c3-1e60-476c-a965-06b420ba6e5a,,,
,62720090,2024-09-25 09:35:27.322,,175.3,82.6446,,62720090,2024-09-25 09:35:33.950,2024-09-25 09:35:33.950,,,,,,UTC-0400,tzUtVVO31D,,,,com.sec.android.app.shealth,,112ab257-7a9c-4504-91f5-8092d8ba01df,,,
,62720090,2024-09-26 00:41:49.147,,175.3,81.7374,,62720090,2024-09-26 00:41:51.950,2024-09-26 00:41:51.950,,,,,,UTC-0400,tzUtVVO31D,,,,com.sec.android.app.shealth,,d7c84999-7cf0-42a3-be2d-76ca6503a406,,,
,62720090,2024-09-26 09:35:26.433,,175.3,82.1003,,62720090,2024-09-26 09:35:31.049,2024-09-26 09:35:31.049,,,,,,UTC-0400,tzUtVVO31D,,,,com.sec.android.app.shealth,,a680d284-99cc-4287-a7af-386cf27e5795,,,
,62720090,2024-09-27 10:29:17.895,,175.3,82.4631,,62720090,2024-09-27 10:29:22.498,2024-09-27 10:29:22.498,,,,,,UTC-0400,tzUtVVO31D,,,,com.sec.android.app.shealth,,858580aa-6a73-4681-bd39-1ad7e059c817,,,
,62720090,2024-09-28 09:31:25.082,,175.3,82.0095,,62720090,2024-09-28 09:31:27.781,2024-09-28 09:31:27.781,,,,,,UTC-0400,tzUtVVO31D,,,,com.sec.android.app.shealth,,eb237f05-eb42-4b60-9615-c15523b2a471,,,
,62720090,2024-09-28 16:40:26.266,,175.3,81.4652,,62720090,2024-09-28 16:40:30.779,2024-09-28 16:40:30.779,,,,,,UTC-0400,tzUtVVO31D,,,,com.sec.android.app.shealth,,ce1f60b1-0347-4d3e-8586-a08be87f4384,,,
,62720090,2024-09-29 17:13:32.754,,175.3,81.8281,,62720090,2024-09-29 17:13:38.114,2024-09-29 17:13:38.114,,,,,,UTC-0400,tzUtVVO31D,,,,com.sec.android.app.shealth,,9eb7017b-bdf1-4065-9f42-a5a0f0690608,,,
,62720090,2024-09-30 00:35:05.152,,175.3,81.4652,,62720090,2024-09-30 00:35:11.080,2024-09-30 00:35:11.080,,,,,,UTC-0400,tzUtVVO31D,,,,com.sec.android.app.shealth,,d2005b12-a349-4586-a339-968a8e48aab1,,,
,62720090,2024-09-30 01:38:44.168,,175.3,81.2838,,62720090,2024-09-30 01:38:47.619,2024-09-30 01:38:47.619,,,,,,UTC-0400,tzUtVVO31D,,,,com.sec.android.app.shealth,,2aad2ba6-69b6-4142-976f-433c6c72247d,,,
,62720090,2024-09-30 14:10:37.697,,175.3,81.1024,,62720090,2024-09-30 14:10:41.884,2024-09-30 14:10:41.884,,,,,,UTC-0400,tzUtVVO31D,,,,com.sec.android.app.shealth,,5338f3bf-5f14-454c-a64b-aa338319ab89,,,
,62720090,2024-09-30 17:23:30.051,,175.3,80.0591,,62720090,2024-09-30 17:23:34.224,2024-09-30 17:23:34.224,,,,,,UTC-0400,tzUtVVO31D,,,,com.sec.android.app.shealth,,fe84aaf5-b546-4565-8e47-4a114281e425,,,
,62720090,2024-10-01 14:01:09.802,,175.3,80.9209,,62720090,2024-10-01 14:01:13.562,2024-10-01 14:01:13.562,,,,,,UTC-0400,tzUtVVO31D,,,,com.sec.android.app.shealth,,9fdf465d-81ca-4e62-bcb0-6e85dc91b1a6,,,
,62720090,2024-10-01 18:48:12.539,,175.3,79.5601,,62720090,2024-10-01 18:48:15.671,2024-10-01 18:48:15.671,,,,,,UTC-0400,tzUtVVO31D,,,,com.sec.android.app.shealth,,ecc41d13-e079-4331-9808-3dacab83cffe,,,
,62720090,2024-10-02 10:44:29.714,,175.3,80.5581,,62720090,2024-10-02 10:44:35.944,2024-10-02 10:44:35.944,,,,,,UTC-0400,tzUtVVO31D,,,,com.sec.android.app.shealth,,95aebb70-4a4b-418e-ac99-d116ea51bf0c,,,
,62720090,2024-10-03 10:18:23.112,,175.3,80.9209,,62720090,2024-10-03 10:18:26.418,2024-10-03 10:18:26.418,,,,,,UTC-0400,tzUtVVO31D,,,,com.sec.android.app.shealth,,f82fc6c5-ef2d-4c22-8540-9c6e2c8dee86,,,
,62720090,2024-10-04 00:32:57.773,,175.3,80.1952,,62720090,2024-10-04 00:33:02.727,2024-10-04 00:33:02.727,,,,,,UTC-0400,tzUtVVO31D,,,,com.sec.android.app.shealth,,b15a29bc-441c-486f-bf53-8fea29d03fd2,,,
,62720090,2024-10-04 10:49:13.598,,175.3,80.8302,,62720090,2024-10-04 10:49:18.077,2024-10-04 10:49:18.077,,,,,,UTC-0400,tzUtVVO31D,,,,com.sec.android.app.shealth,,c87c14d2-38b5-4ed9-b6a2-afc7f0a6eb8d,,,
,62720090,2024-10-05 14:15:55.815,,175.3,80.4673,,62720090,2024-10-05 14:16:00.252,2024-10-05 14:16:00.252,,,,,,UTC-0400,tzUtVVO31D,,,,com.sec.android.app.shealth,,13c8a087-5124-426d-bc41-f5ef14704fd1,,,
,62720090,2024-10-05 18:52:17.347,,175.3,79.5601,,62720090,2024-10-05 18:52:21.094,2024-10-05 18:52:21.094,,,,,,UTC-0400,tzUtVVO31D,,,,com.sec.android.app.shealth,,6504d833-3710-4d44-98fd-9577f5b2a55d,,,
,62720090,2024-10-06 18:53:03.059,,175.3,81.2838,,62720090,2024-10-06 18:53:08.589,2024-10-06 18:53:08.589,,,,,,UTC-0400,tzUtVVO31D,,,,com.sec.android.app.shealth,,be1cac98-2256-477a-b113-3a0c1ac42266,,,
,62720090,2024-10-07 16:29:39.701,,175.3,81.9188,,62720090,2024-10-07 16:29:44.125,2024-10-07 16:29:44.125,,,,,,UTC-0400,tzUtVVO31D,,,,com.sec.android.app.shealth,,e9bbfb3c-a8cc-47ff-819d-e1dcf16fcaed,,,
,62720090,2024-10-07 19:33:53.865,,175.3,81.6467,,62720090,2024-10-07 19:33:59.043,2024-10-07 19:33:59.043,,,,,,UTC-0400,tzUtVVO31D,,,,com.sec.android.app.shealth,,3def93ca-d129-4643-a127-715ce954bda6,,,
,62720090,2024-10-08 09:34:12.509,,175.3,82.4631,,62720090,2024-10-08 09:34:15.897,2024-10-08 09:34:15.897,,,,,,UTC-0400,tzUtVVO31D,,,,com.sec.android.app.shealth,,c302ddc7-2f7c-48b9-938d-d7184494bccd,,,
,62720090,2024-10-08 14:19:08.855,,175.3,80.9663,,62720090,2024-10-08 14:19:14.181,2024-10-08 14:19:14.181,,,,,,UTC-0400,tzUtVVO31D,,,,com.sec.android.app.shealth,,37c12da0-36c7-4ce9-b47e-307e7cca4c3f,,,
,62720090,2024-10-09 09:45:36.714,,175.3,82.5539,,62720090,2024-10-09 09:45:42.543,2024-10-09 09:45:42.543,,,,,,UTC-0400,tzUtVVO31D,,,,com.sec.android.app.shealth,,f5a11f56-8e74-453b-9f5c-9805b6b95b50,,,
,62720090,2024-10-10 11:07:52.027,,175.3,81.556,,62720090,2024-10-10 11:07:56.451,2024-10-10 11:07:56.451,,,,,,UTC-0400,tzUtVVO31D,,,,com.sec.android.app.shealth,,14968d37-ce59-4272-a186-409acc94abf1,,,
,62720090,2024-10-11 11:06:01.527,,175.3,82.826,,62720090,2024-10-11 11:06:07.409,2024-10-11 11:06:07.409,,,,,,UTC-0400,tzUtVVO31D,,,,com.sec.android.app.shealth,,c51703e3-f211-40c5-a667-6fb609a97a5b,,,
,62720090,2024-10-12 12:39:25.468,,175.3,82.5539,,62720090,2024-10-12 12:39:28.590,2024-10-12 12:39:28.590,,,,,,UTC-0400,tzUtVVO31D,,,,com.sec.android.app.shealth,,8675e341-bcc2-42f8-8eac-7ff030a07386,,,
,62720090,2024-10-14 09:20:56.166,,175.3,83.0074,,62720090,2024-10-14 09:20:58.430,2024-10-14 09:20:58.430,,,,,,UTC-0400,tzUtVVO31D,,,,com.sec.android.app.shealth,,0ab3f0e0-7679-4c43-a660-061419094828,,,
,62720090,2024-10-15 10:51:09.755,,175.3,81.7374,,62720090,2024-10-15 10:51:14.956,2024-10-15 10:51:14.956,,,,,,UTC-0400,tzUtVVO31D,,,,com.sec.android.app.shealth,,c7932209-579d-4091-a9ba-8e0d0b58c3ed,,,
,62720090,2024-10-16 10:53:17.303,,175.3,81.9188,,62720090,2024-10-16 10:53:21.654,2024-10-16 10:53:21.654,,,,,,UTC-0400,tzUtVVO31D,,,,com.sec.android.app.shealth,,903a383d-20c7-467f-a1d1-8098f85c3968,,,
,62720090,2024-10-16 00:30:00.000,,175.3,81.1931,,62720090,2024-10-16 10:53:52.996,2024-10-16 10:53:52.996,,,,,,UTC-0400,tzUtVVO31D,,,,com.sec.android.app.shealth,,030fdf07-3b19-4154-931f-0f4dc1366a26,,,
,62720090,2024-10-17 15:16:38.619,,175.3,81.556,,62720090,2024-10-17 15:16:42.908,2024-10-17 15:16:42.908,,,,,,UTC-0400,tzUtVVO31D,,,,com.sec.android.app.shealth,,c95b3003-dfc0-47dd-bcd9-10ff8d28d2c5,,,
,62720090,2024-10-18 13:56:24.684,,175.3,82.191,,62720090,2024-10-18 13:56:29.789,2024-10-18 13:56:29.789,,,,,,UTC-0400,tzUtVVO31D,,,,com.sec.android.app.shealth,,6d34e335-95ca-4d5b-a100-77d349d32491,,,
,62720090,2024-10-18 19:52:21.431,,175.3,81.1024,,62720090,2024-10-18 19:52:26.662,2024-10-18 19:52:26.662,,,,,,UTC-0400,tzUtVVO31D,,,,com.sec.android.app.shealth,,08389cd6-6d13-40c3-8c59-9ac8c345d5ed,,,
,62720090,2024-10-21 19:39:56.633,,175.3,82.826,,62720090,2024-10-21 19:40:04.828,2024-10-21 19:40:04.828,,,,,,UTC-0400,tzUtVVO31D,,,,com.sec.android.app.shealth,,c46ce095-681e-4a12-8301-7e3cd59c5c82,,,
,62720090,2024-10-22 10:55:58.528,,175.3,82.9167,,62720090,2024-10-22 10:56:01.029,2024-10-22 10:56:01.029,,,,,,UTC-0400,tzUtVVO31D,,,,com.sec.android.app.shealth,,0f519a07-ef7b-4835-91e3-a82009ee0e55,,,
,62720090,2024-10-23 01:29:15.465,,175.3,81.2838,,62720090,2024-10-23 01:29:22.926,2024-10-23 01:29:22.926,,,,,,UTC-0400,tzUtVVO31D,,,,com.sec.android.app.shealth,,1e0786ab-c925-42ea-afd9-f18053a66184,,,
,62810050,2024-10-23 11:02:44.105,,175.3,82.0095,,62810050,2024-10-23 11:02:58.394,2024-10-23 11:02:58.394,,,,,,UTC-0400,tzUtVVO31D,,,,com.sec.android.app.shealth,,a92ee773-6125-4ca7-aece-360a898ab9fc,,,
,62810050,2024-10-24 10:47:15.278,,175.3,82.4631,,62810050,2024-10-24 10:47:17.933,2024-10-24 10:47:17.933,,,,,,UTC-0400,tzUtVVO31D,,,,com.sec.android.app.shealth,,4549871b-66e8-4dba-844c-548a983d279f,,,
,62810050,2024-10-25 01:21:05.165,,175.3,81.556,,62810050,2024-10-25 01:21:08.238,2024-10-25 01:21:08.238,,,,,,UTC-0400,tzUtVVO31D,,,,com.sec.android.app.shealth,,13efb305-d5f2-4d33-ab37-2d597bf928c7,,,
,62810050,2024-10-25 11:01:45.972,,175.3,82.7353,,62810050,2024-10-25 11:01:50.920,2024-10-25 11:01:50.920,,,,,,UTC-0400,tzUtVVO31D,,,,com.sec.android.app.shealth,,5959edcb-e73f-49e5-9aec-f2718c955302,,,
,62810050,2024-10-26 14:38:45.876,,175.3,82.9167,,62810050,2024-10-26 14:38:50.908,2024-10-26 14:38:50.908,,,,,,UTC-0400,tzUtVVO31D,,,,com.sec.android.app.shealth,,bcd3929a-f470-416a-b17b-90811163bfa6,,,
,62810050,2024-10-26 20:08:01.830,,175.3,81.6467,,62810050,2024-10-26 20:08:07.616,2024-10-26 20:08:07.616,,,,,,UTC-0400,tzUtVVO31D,,,,com.sec.android.app.shealth,,7ec6474f-f707-4742-a387-63f296c39470,,,
,62810050,2024-10-27 14:13:48.180,,175.3,83.0982,,62810050,2024-10-27 14:13:53.074,2024-10-27 14:13:53.074,,,,,,UTC-0400,tzUtVVO31D,,,,com.sec.android.app.shealth,,6afcc01c-b209-41a2-a553-8e948c3f1fb0,,,
,62810050,2024-10-28 10:20:21.421,,175.3,83.3703,,62810050,2024-10-28 10:20:25.819,2024-10-28 10:20:25.819,,,,,,UTC-0400,tzUtVVO31D,,,,com.sec.android.app.shealth,,80dd2a51-4745-4471-81e0-e0efe0d2b58f,,,
,62810050,2024-10-29 10:40:35.443,,175.3,82.9167,,62810050,2024-10-29 10:40:39.592,2024-10-29 10:40:39.592,,,,,,UTC-0400,tzUtVVO31D,,,,com.sec.android.app.shealth,,5935cdbf-8645-460e-a1b4-8aadaf6f0371,,,
,62810050,2024-10-30 10:59:10.131,,175.3,83.0074,,62810050,2024-10-30 10:59:15.046,2024-10-30 10:59:15.046,,,,,,UTC-0400,tzUtVVO31D,,,,com.sec.android.app.shealth,,2fc7f1ec-ac1c-45ab-bb04-feb1ce9ebb0d,,,
,62810050,2024-10-31 12:15:43.787,,175.3,83.0982,,62810050,2024-10-31 12:15:46.591,2024-10-31 12:15:46.591,,,,,,UTC-0400,tzUtVVO31D,,,,com.sec.android.app.shealth,,af7d5f7b-9f71-44cf-b7b5-85a723fa3e5c,,,
,62810050,2024-10-31 19:24:35.663,,175.3,81.4652,,62810050,2024-10-31 19:24:41.453,2024-10-31 19:24:41.453,,,,,,UTC-0400,tzUtVVO31D,,,,com.sec.android.app.shealth,,453cbcc4-36af-4208-99a7-f29c4c5ad5f9,,,
,62810050,2024-11-01 14:36:10.812,,175.3,82.191,,62810050,2024-11-01 14:36:15.845,2024-11-01 14:36:15.845,,,,,,UTC-0400,tzUtVVO31D,,,,com.sec.android.app.shealth,,0d68d0c5-5416-4c04-a953-3ec671375b1b,,,
,62810050,2024-11-02 16:12:20.212,,175.3,82.3724,,62810050,2024-11-02 16:12:23.918,2024-11-02 16:12:23.918,,,,,,UTC-0400,tzUtVVO31D,,,,com.sec.android.app.shealth,,d2256817-fa58-4ea1-b3d2-421888c756f0,,,
,62810050,2024-11-03 16:22:21.135,,175.3,82.4631,,62810050,2024-11-03 16:22:23.802,2024-11-03 16:22:23.802,,,,,,UTC-0500,tzUtVVO31D,,,,com.sec.android.app.shealth,,e5b4d9c5-6e95-4b05-9be0-d55236992642,,,
,62810050,2024-11-04 17:19:59.028,,175.3,83.461,,62810050,2024-11-04 17:20:04.715,2024-11-04 17:20:04.715,,,,,,UTC-0500,tzUtVVO31D,,,,com.sec.android.app.shealth,,cb7669f9-5472-4f98-910f-22b457af3cb9,,,
,62810050,2024-11-04 23:37:16.190,,175.3,82.5539,,62810050,2024-11-04 23:37:19.638,2024-11-04 23:37:19.638,,,,,,UTC-0500,tzUtVVO31D,,,,com.sec.android.app.shealth,,7edb07e4-1198-4355-8886-26292d08ba36,,,
,62810050,2024-11-06 11:38:11.788,,175.3,83.5518,,62810050,2024-11-06 11:38:16.084,2024-11-06 11:38:16.084,,,,,,UTC-0500,tzUtVVO31D,,,,com.sec.android.app.shealth,,70563eee-59f5-43e1-a3b4-c13ca6c01fef,,,
,62810050,2024-11-07 01:16:54.114,,175.3,82.1003,,62810050,2024-11-07 01:17:00.168,2024-11-07 01:17:00.168,,,,,,UTC-0500,tzUtVVO31D,,,,com.sec.android.app.shealth,,e217e619-9010-481f-858e-b9a6869d00db,,,
,62820030,2024-11-07 11:31:48.338,,175.3,83.0982,,62820030,2024-11-07 11:31:52.595,2024-11-07 11:31:52.595,,,,,,UTC-0500,tzUtVVO31D,,,,com.sec.android.app.shealth,,302e6f09-82ad-45fc-81b6-0e8b2c779905,,,
,62820030,2024-11-08 01:14:01.716,,175.3,82.2817,,62820030,2024-11-08 01:14:06.299,2024-11-08 01:14:06.299,,,,,,UTC-0500,tzUtVVO31D,,,,com.sec.android.app.shealth,,0b701b2d-6b46-4e8d-912d-2115a12fb952,,,
,62820030,2024-11-08 11:18:00.985,,175.3,82.7353,,62820030,2024-11-08 11:18:04.181,2024-11-08 11:18:04.181,,,,,,UTC-0500,tzUtVVO31D,,,,com.sec.android.app.shealth,,a6a318be-2376-440f-8455-2e269ef47081,,,
,62820030,2024-11-08 11:44:53.630,,175.3,82.5539,,62820030,2024-11-08 11:44:56.598,2024-11-08 11:44:56.598,,,,,,UTC-0500,tzUtVVO31D,,,,com.sec.android.app.shealth,,b86e1a11-e343-4e9d-8e3d-0c927bbdae64,,,
,62820030,2024-11-09 14:58:44.789,,175.3,82.9167,,62820030,2024-11-09 14:58:47.504,2024-11-09 14:58:47.504,,,,,,UTC-0500,tzUtVVO31D,,,,com.sec.android.app.shealth,,b5d17589-000b-473f-9d15-c081a600cf00,,,
,62820030,2024-11-09 20:17:35.754,,175.3,82.0095,,62820030,2024-11-09 20:17:38.436,2024-11-09 20:17:38.436,,,,,,UTC-0500,tzUtVVO31D,,,,com.sec.android.app.shealth,,e003e5f9-2f7f-4a31-819b-96f18ba3b829,,,
,62820030,2024-11-11 11:21:39.441,,175.3,83.3703,,62820030,2024-11-11 11:21:42.988,2024-11-11 11:21:42.988,,,,,,UTC-0500,tzUtVVO31D,,,,com.sec.android.app.shealth,,21b28dc6-e69b-45b9-a9ab-a3e1b187e047,,,
,62820030,2024-11-11 22:51:44.979,,175.3,82.5539,,62820030,2024-11-11 22:51:50.163,2024-11-11 22:51:50.163,,,,,,UTC-0500,tzUtVVO31D,,,,com.sec.android.app.shealth,,e3c616c0-bd3b-4511-9db5-69f8a75a9fcd,,,
,62820030,2024-11-12 01:51:13.720,,175.3,82.0095,,62820030,2024-11-12 01:51:18.810,2024-11-12 01:51:18.810,,,,,,UTC-0500,tzUtVVO31D,,,,com.sec.android.app.shealth,,da5933e6-5105-45ea-8315-9471b52eba7a,,,
,62820030,2024-11-12 10:52:45.864,,175.3,82.6446,,62820030,2024-11-12 10:52:51.979,2024-11-12 10:52:51.979,,,,,,UTC-0500,tzUtVVO31D,,,,com.sec.android.app.shealth,,b65bc19d-9ed2-4cd4-ac09-8d0f56359685,,,
,62820030,2024-11-13 01:49:21.709,,175.3,81.6467,,62820030,2024-11-13 01:49:25.681,2024-11-13 01:49:25.681,,,,,,UTC-0500,tzUtVVO31D,,,,com.sec.android.app.shealth,,3e377b50-0f0a-4e69-9dbd-da8dd240faf6,,,
,62820030,2024-11-13 11:35:50.329,,175.3,82.0095,,62820030,2024-11-13 11:35:55.169,2024-11-13 11:35:55.169,,,,,,UTC-0500,tzUtVVO31D,,,,com.sec.android.app.shealth,,7c8a5ff2-d1d4-4232-bc71-bd96f0c40e71,,,
,62820030,2024-11-14 11:13:33.914,,175.3,82.7353,,62820030,2024-11-14 11:13:39.096,2024-11-14 11:13:39.096,,,,,,UTC-0500,tzUtVVO31D,,,,com.sec.android.app.shealth,,2601c1a1-1765-4337-a685-2c5aa20d0b22,,,
,62820030,2024-11-15 11:51:13.588,,175.3,82.9167,,62820030,2024-11-15 11:51:16.714,2024-11-15 11:51:16.714,,,,,,UTC-0500,tzUtVVO31D,,,,com.sec.android.app.shealth,,03512b6f-219f-4de5-829f-e611a5e09254,,,
,62820030,2024-11-16 15:24:47.068,,175.3,82.5539,,62820030,2024-11-16 15:24:52.085,2024-11-16 15:24:52.085,,,,,,UTC-0500,tzUtVVO31D,,,,com.sec.android.app.shealth,,01622d99-66f2-411e-b610-21de519ad255,,,
,62820030,2024-11-17 19:26:21.066,,175.3,82.3724,,62820030,2024-11-17 19:26:25.865,2024-11-17 19:26:25.865,,,,,,UTC-0500,tzUtVVO31D,,,,com.sec.android.app.shealth,,ee9dab9a-6992-4e19-9da9-704518969822,,,
,62820030,2024-11-17 22:50:51.938,,175.3,82.0095,,62820030,2024-11-17 22:50:57.636,2024-11-17 22:50:57.636,,,,,,UTC-0500,tzUtVVO31D,,,,com.sec.android.app.shealth,,814ea2a1-f4ba-4d98-a65e-8bc6cab3c618,,,
,62820030,2024-11-18 16:14:37.008,,175.3,81.6467,,62820030,2024-11-18 16:14:41.204,2024-11-18 16:14:41.204,,,,,,UTC-0500,tzUtVVO31D,,,,com.sec.android.app.shealth,,aa40f8c3-b8ef-43f6-9758-e87bddcfc043,,,
,62820030,2024-11-19 13:39:24.258,,175.3,82.1003,,62820030,2024-11-19 13:39:27.093,2024-11-19 13:39:27.093,,,,,,UTC-0500,tzUtVVO31D,,,,com.sec.android.app.shealth,,b7181720-19bc-44c8-9635-278f9895661f,,,
,62820030,2024-11-20 08:23:53.564,,175.3,81.8281,,62820030,2024-11-20 08:23:58.140,2024-11-20 08:23:58.140,,,,,,UTC-0500,tzUtVVO31D,,,,com.sec.android.app.shealth,,c7611fb4-7217-458a-9b87-46cee0959075,,,
,62820030,2024-11-24 05:34:18.669,,175.3,81.1931,,62820030,2024-11-24 05:34:23.248,2024-11-24 05:34:23.248,,,,,,UTC-0500,tzUtVVO31D,,,,com.sec.android.app.shealth,,186c2d37-2548-4c9f-930a-79c7f3d425a7,,,
,62820030,2024-11-24 17:35:32.239,,175.3,80.8302,,62820030,2024-11-24 17:35:37.431,2024-11-24 17:35:37.431,,,,,,UTC-0500,tzUtVVO31D,,,,com.sec.android.app.shealth,,acc17a9f-d345-49c2-ba03-771937d4e8fd,,,
,62820030,2024-11-25 09:49:34.438,,175.3,81.3745,,62820030,2024-11-25 09:49:39.376,2024-11-25 09:49:39.376,,,,,,UTC-0500,tzUtVVO31D,,,,com.sec.android.app.shealth,,d77016d2-64ce-4e8a-a959-846d6dbe1bdf,,,
,62820030,2024-11-26 00:53:54.577,,175.3,80.6488,,62820030,2024-11-26 00:53:59.666,2024-11-26 00:53:59.666,,,,,,UTC-0500,tzUtVVO31D,,,,com.sec.android.app.shealth,,cb2c18a1-7fe1-4656-95ae-e0d87c99542c,,,
,62820030,2024-11-26 13:15:13.261,,175.3,81.6467,,62820030,2024-11-26 13:15:18.502,2024-11-26 13:15:18.502,,,,,,UTC-0500,tzUtVVO31D,,,,com.sec.android.app.shealth,,888a1261-aee1-429b-a55c-6ef45a7c2d11,,,
,62820030,2024-11-26 16:40:37.662,,175.3,81.1931,,62820030,2024-11-26 16:40:39.943,2024-11-26 16:40:39.943,,,,,,UTC-0500,tzUtVVO31D,,,,com.sec.android.app.shealth,,a97a77c8-a749-4371-9acc-60c5f21ab1b0,,,
,62820030,2024-11-27 12:32:04.055,,175.3,82.1003,,62820030,2024-11-27 12:32:07.008,2024-11-27 12:32:07.008,,,,,,UTC-0500,tzUtVVO31D,,,,com.sec.android.app.shealth,,f09c8ecc-4864-4fef-aca2-69c406ba5930,,,
,62820030,2024-11-28 17:16:55.807,,175.3,81.6467,,62820030,2024-11-28 17:16:58.363,2024-11-28 17:16:58.363,,,,,,UTC-0500,tzUtVVO31D,,,,com.sec.android.app.shealth,,14712b8a-ad19-4fb4-ad3c-f75307660c1e,,,
,62820030,2024-11-29 18:13:54.040,,175.3,82.3724,,62820030,2024-11-29 18:13:58.328,2024-11-29 18:13:58.328,,,,,,UTC-0500,tzUtVVO31D,,,,com.sec.android.app.shealth,,33f84398-7a6e-4eec-a35b-8332c69d605a,,,
,62820030,2024-11-29 23:12:18.996,,175.3,80.9209,,62820030,2024-11-29 23:12:26.244,2024-11-29 23:12:26.244,,,,,,UTC-0500,tzUtVVO31D,,,,com.sec.android.app.shealth,,edc3c4f8-6159-45a1-aa6a-95159505177c,,,
,62820030,2024-11-30 14:52:41.288,,175.3,81.3745,,62820030,2024-11-30 14:52:43.915,2024-11-30 14:52:43.915,,,,,,UTC-0500,tzUtVVO31D,,,,com.sec.android.app.shealth,,f0dcc652-d72d-4dc1-9264-ef0bed339df3,,,
,62820030,2024-12-01 17:14:01.893,,175.3,81.3745,,62820030,2024-12-01 17:14:03.871,2024-12-01 17:14:03.871,,,,,,UTC-0500,tzUtVVO31D,,,,com.sec.android.app.shealth,,da8f1f79-d4d1-4c8d-a580-ab13cf33ca00,,,
,62820030,2024-12-02 16:13:12.986,,175.3,82.1003,,62820030,2024-12-02 16:13:17.318,2024-12-02 16:13:17.318,,,,,,UTC-0500,tzUtVVO31D,,,,com.sec.android.app.shealth,,db4ad0c9-8bf8-476f-b892-88e6cdb1e6ed,,,
,62820030,2024-12-02 21:11:16.764,,175.3,80.5581,,62820030,2024-12-02 21:11:21.388,2024-12-02 21:11:21.388,,,,,,UTC-0500,tzUtVVO31D,,,,com.sec.android.app.shealth,,19be9eca-3c45-4188-887c-daf734122105,,,
,62820030,2024-12-03 15:46:59.854,,175.3,82.191,,62820030,2024-12-03 15:47:05.397,2024-12-03 15:47:05.397,,,,,,UTC-0500,tzUtVVO31D,,,,com.sec.android.app.shealth,,93e1489f-a758-4d93-9581-842dec67b3b8,,,
,62820030,2024-12-04 09:49:23.930,,175.3,82.191,,62820030,2024-12-04 09:49:25.597,2024-12-04 09:49:25.597,,,,,,UTC-0500,tzUtVVO31D,,,,com.sec.android.app.shealth,,50ea0225-ec38-40c5-9dad-7b0a4af4962c,,,
,62820030,2024-12-05 11:49:25.971,,175.3,83.2796,,62820030,2024-12-05 11:49:31.585,2024-12-05 11:49:31.585,,,,,,UTC-0500,tzUtVVO31D,,,,com.sec.android.app.shealth,,89e8a608-e283-4320-adb3-43408304f141,,,
,62820030,2024-12-06 01:19:05.152,,175.3,82.2817,,62820030,2024-12-06 01:19:08.840,2024-12-06 01:19:08.840,,,,,,UTC-0500,tzUtVVO31D,,,,com.sec.android.app.shealth,,514818fe-ac9a-41c0-87b4-9fc01c7e72ce,,,
,62820030,2024-12-06 11:16:52.557,,175.3,82.9167,,62820030,2024-12-06 11:16:57.277,2024-12-06 11:16:57.277,,,,,,UTC-0500,tzUtVVO31D,,,,com.sec.android.app.shealth,,b7af9c8e-7f93-4571-9a17-7d155ca70395,,,
,62850050,2024-12-07 14:07:20.077,,175.3,82.0095,,62850050,2024-12-07 14:07:22.928,2024-12-07 14:07:22.928,,,,,,UTC-0500,tzUtVVO31D,,,,com.sec.android.app.shealth,,39a15565-a021-45c7-9dec-fb7053a2737c,,,
,62850050,2024-12-08 17:28:19.437,,175.3,81.9188,,62850050,2024-12-08 17:28:22.021,2024-12-08 17:28:22.021,,,,,,UTC-0500,tzUtVVO31D,,,,com.sec.android.app.shealth,,7b8928e7-9883-41d4-b902-58ea4105f751,,,
,62850050,2024-12-09 16:34:54.745,,175.3,82.826,,62850050,2024-12-09 16:34:58.000,2024-12-09 16:34:58.000,,,,,,UTC-0500,tzUtVVO31D,,,,com.sec.android.app.shealth,,75e84622-54f8-4e7d-af32-3b65dbf0d20a,,,
,62850050,2024-12-09 19:14:52.626,,175.3,82.3724,,62850050,2024-12-09 19:14:54.889,2024-12-09 19:14:54.889,,,,,,UTC-0500,tzUtVVO31D,,,,com.sec.android.app.shealth,,6d61e4d8-746f-4823-8866-05768fd7c038,,,
,62850050,2024-12-10 11:45:25.342,,175.3,83.7332,,62850050,2024-12-10 11:45:28.868,2024-12-10 11:45:28.868,,,,,,UTC-0500,tzUtVVO31D,,,,com.sec.android.app.shealth,,7c3d0788-f834-48a2-90d2-29bd879d24cf,,,
,62850050,2024-12-12 11:19:22.461,,175.3,84.4589,,62850050,2024-12-12 11:19:28.234,2024-12-12 11:19:28.234,,,,,,UTC-0500,tzUtVVO31D,,,,com.sec.android.app.shealth,,077832fe-2230-4370-be48-3ad7c5e9a28d,,,
,62850050,2024-12-13 01:25:51.807,,175.3,83.461,,62850050,2024-12-13 01:25:55.912,2024-12-13 01:25:55.912,,,,,,UTC-0500,tzUtVVO31D,,,,com.sec.android.app.shealth,,0c701f3e-982e-4979-8152-345e710a609f,,,
,62850050,2024-12-13 11:42:37.710,,175.3,83.5518,,62850050,2024-12-13 11:42:40.097,2024-12-13 11:42:40.097,,,,,,UTC-0500,tzUtVVO31D,,,,com.sec.android.app.shealth,,d10a6d3d-917a-4445-b98b-f2f5aede0cf0,,,
,62850050,2024-12-14 16:12:41.940,,175.3,83.5518,,62850050,2024-12-14 16:12:43.812,2024-12-14 16:12:43.812,,,,,,UTC-0500,tzUtVVO31D,,,,com.sec.android.app.shealth,,e1d47800-dd59-4351-870b-d4ffe8c6861b,,,
,62850050,2024-12-14 16:54:08.330,,175.3,83.2796,,62850050,2024-12-14 16:54:12.825,2024-12-14 16:54:12.825,,,,,,UTC-0500,tzUtVVO31D,,,,com.sec.android.app.shealth,,d8ade2e7-aece-4215-a868-5fbf87c56094,,,
,62850050,2024-12-15 13:56:51.680,,175.3,83.8239,,62850050,2024-12-15 13:56:55.093,2024-12-15 13:56:55.093,,,,,,UTC-0500,tzUtVVO31D,,,,com.sec.android.app.shealth,,8c0188bf-7f19-40ed-9902-51034575bd36,,,
,62850050,2024-12-16 18:22:48.254,,175.3,82.4631,,62850050,2024-12-16 18:22:51.118,2024-12-16 18:22:51.118,,,,,,UTC-0500,tzUtVVO31D,,,,com.sec.android.app.shealth,,cd38da8a-0928-4536-8610-ba45646eccd4,,,
,62850050,2024-12-16 23:52:48.063,,175.3,82.3724,,62850050,2024-12-16 23:52:51.650,2024-12-16 23:52:51.650,,,,,,UTC-0500,tzUtVVO31D,,,,com.sec.android.app.shealth,,f78892bd-93c0-456f-b2b2-79da65843252,,,
,62850050,2024-12-17 13:18:42.547,,175.3,82.191,,62850050,2024-12-17 13:18:45.955,2024-12-17 13:18:45.955,,,,,,UTC-0500,tzUtVVO31D,,,,com.sec.android.app.shealth,,4e0b1999-a6db-41da-bc0c-55b93697bd59,,,
,62850050,2024-12-17 17:31:57.540,,175.3,81.9188,,62850050,2024-12-17 17:32:01.379,2024-12-17 17:32:01.379,,,,,,UTC-0500,tzUtVVO31D,,,,com.sec.android.app.shealth,,4791e887-9bec-4472-973c-a00d4024622a,,,
,62850050,2024-12-18 14:53:23.852,,175.3,83.0982,,62850050,2024-12-18 14:53:28.333,2024-12-18 14:53:28.333,,,,,,UTC-0500,tzUtVVO31D,,,,com.sec.android.app.shealth,,1577cd59-54cc-49f2-a590-20d3ee633d43,,,
,62850050,2024-12-19 14:59:12.243,,175.3,84.0053,,62850050,2024-12-19 14:59:14.995,2024-12-19 14:59:14.995,,,,,,UTC-0500,tzUtVVO31D,,,,com.sec.android.app.shealth,,a5050fca-cdd9-4e10-b8ea-7728557513ec,,,
,62850050,2024-12-19 16:03:49.327,,175.3,83.5518,,62850050,2024-12-19 16:03:51.347,2024-12-19 16:03:51.347,,,,,,UTC-0500,tzUtVVO31D,,,,com.sec.android.app.shealth,,4cf1dac3-e944-4be8-b821-be91f4ddb599,,,
,62850050,2024-12-20 16:28:30.380,,175.3,83.9146,,62850050,2024-12-20 16:28:34.202,2024-12-20 16:28:34.202,,,,,,UTC-0500,tzUtVVO31D,,,,com.sec.android.app.shealth,,e892e1be-20e3-4b2d-80e5-5318ae6b8fe3,,,
,62850050,2024-12-22 16:10:45.524,,175.3,84.4589,,62850050,2024-12-22 16:10:48.610,2024-12-22 16:10:48.610,,,,,,UTC-0500,tzUtVVO31D,,,,com.sec.android.app.shealth,,b3f9d4ce-ba67-4988-ae00-f9d311f18d8a,,,
,62850050,2024-12-22 21:21:45.071,,175.3,83.1889,,62850050,2024-12-22 21:21:49.520,2024-12-22 21:21:49.520,,,,,,UTC-0500,tzUtVVO31D,,,,com.sec.android.app.shealth,,26cb45e0-c083-4dc4-b75c-413d13981a6e,,,
,62850050,2024-12-23 16:24:46.617,,175.3,83.9146,,62850050,2024-12-23 16:24:50.558,2024-12-23 16:24:50.558,,,,,,UTC-0500,tzUtVVO31D,,,,com.sec.android.app.shealth,,750fb49e-8f62-47bd-acc0-dbaebf157f41,,,
,62850050,2024-12-24 14:11:43.763,,175.3,84.9125,,62850050,2024-12-24 14:11:47.670,2024-12-24 14:11:47.670,,,,,,UTC-0500,tzUtVVO31D,,,,com.sec.android.app.shealth,,a6c19a78-0da3-41a5-a403-508948b83981,,,
,62850050,2024-12-24 16:41:17.677,,175.3,84.6404,,62850050,2024-12-24 16:41:22.018,2024-12-24 16:41:22.018,,,,,,UTC-0500,tzUtVVO31D,,,,com.sec.android.app.shealth,,62e1d3df-b43e-4b43-9360-c06ec9cbcc38,,,
,62850050,2024-12-25 15:31:13.735,,175.3,85.1847,,62850050,2024-12-25 15:31:17.138,2024-12-25 15:31:17.138,,,,,,UTC-0500,tzUtVVO31D,,,,com.sec.android.app.shealth,,244a15a3-f924-4c28-ae28-fe133004b7c2,,,
,62850050,2024-12-26 14:52:13.022,,175.3,86.0919,,62850050,2024-12-26 14:52:17.067,2024-12-26 14:52:17.067,,,,,,UTC-0500,tzUtVVO31D,,,,com.sec.android.app.shealth,,1f168747-1b8d-4f8e-b98f-870063b8718d,,,
,62850050,2024-12-27 13:31:57.950,,175.3,85.9104,,62850050,2024-12-27 13:32:01.246,2024-12-27 13:32:01.246,,,,,,UTC-0500,tzUtVVO31D,,,,com.sec.android.app.shealth,,5f437d21-7576-4aa8-8506-ff5e43a993af,,,
,62850050,2024-12-28 17:45:18.686,,175.3,85.5476,,62850050,2024-12-28 17:45:21.890,2024-12-28 17:45:21.890,,,,,,UTC-0500,tzUtVVO31D,,,,com.sec.android.app.shealth,,69866170-233c-4b76-8a75-18ecfe4c1958,,,
,62850050,2024-12-29 14:38:16.026,,175.3,85.4568,,62850050,2024-12-29 14:38:19.595,2024-12-29 14:38:19.595,,,,,,UTC-0500,tzUtVVO31D,,,,com.sec.android.app.shealth,,e03505f5-5b15-477c-95b8-c2dd5533640f,,,
,62850050,2024-12-30 13:20:51.015,,175.3,85.1847,,62850050,2024-12-30 13:20:57.585,2024-12-30 13:20:57.585,,,,,,UTC-0500,tzUtVVO31D,,,,com.sec.android.app.shealth,,32192485-2ee3-4532-863e-9ad4efca6024,,,
,62850050,2024-12-31 13:27:11.582,,175.3,86.0012,,62850050,2024-12-31 13:27:15.303,2024-12-31 13:27:15.303,,,,,,UTC-0500,tzUtVVO31D,,,,com.sec.android.app.shealth,,03ab346f-bc98-4390-a1ed-b16f2c08c8ac,,,
,62850050,2025-01-01 16:46:17.228,,175.3,85.729,,62850050,2025-01-01 16:46:20.934,2025-01-01 16:46:20.934,,,,,,UTC-0500,tzUtVVO31D,,,,com.sec.android.app.shealth,,55ab5478-5f68-4bb5-8688-2dd539acec85,,,
,62850050,2025-01-01 20:52:39.379,,175.3,84.3682,,62850050,2025-01-01 20:52:42.599,2025-01-01 20:52:42.599,,,,,,UTC-0500,tzUtVVO31D,,,,com.sec.android.app.shealth,,1d022724-a415-493a-90a6-13f552a4541d,,,
,62850050,2025-01-02 13:12:46.679,,175.3,85.729,,62850050,2025-01-02 13:12:49.911,2025-01-02 13:12:49.911,,,,,,UTC-0500,tzUtVVO31D,,,,com.sec.android.app.shealth,,71629059-f04f-47b3-a1bc-701570ff4e3a,,,
,62850050,2025-01-02 13:24:12.545,,175.3,85.5476,,62850050,2025-01-02 13:24:20.199,2025-01-02 13:24:20.199,,,,,,UTC-0500,tzUtVVO31D,,,,com.sec.android.app.shealth,,f4193210-8cdd-424e-a1f6-072d0093c8bc,,,
,62850050,2025-01-03 17:29:03.324,,175.3,86.0012,,62850050,2025-01-03 17:29:06.556,2025-01-03 17:29:06.556,,,,,,UTC-0500,tzUtVVO31D,,,,com.sec.android.app.shealth,,2da79d68-ee41-4119-a52b-c68a17c4bb53,,,
,62850050,2025-01-03 13:10:00.000,,175.3,86.4548,,62850050,2025-01-03 17:29:40.680,2025-01-03 17:29:40.680,,,,,,UTC-0500,tzUtVVO31D,,,,com.sec.android.app.shealth,,574ae8a7-6c4e-4025-a254-c4b68afb4608,,,
,62850050,2025-01-04 17:09:32.953,,175.3,85.9104,,62850050,2025-01-04 17:09:35.547,2025-01-04 17:09:35.547,,,,,,UTC-0500,tzUtVVO31D,,,,com.sec.android.app.shealth,,c6218420-2c64-4160-a8bf-9c61490fe197,,,
,62850050,2025-01-05 18:04:23.086,,175.3,86.1826,,62850050,2025-01-05 18:04:27.107,2025-01-05 18:04:27.107,,,,,,UTC-0500,tzUtVVO31D,,,,com.sec.android.app.shealth,,d8142a6f-774f-4062-a107-7494ec1c478d,,,
,62850050,2025-01-05 22:29:42.878,,175.3,85.4568,,62850050,2025-01-05 22:29:50.770,2025-01-05 22:29:50.770,,,,,,UTC-0500,tzUtVVO31D,,,,com.sec.android.app.shealth,,7ad411cd-8a78-486b-ae82-cc3cf3122c44,,,
,62850050,2025-01-07 00:52:09.730,,175.3,84.5497,,62850050,2025-01-07 00:52:13.341,2025-01-07 00:52:13.341,,,,,,UTC-0500,tzUtVVO31D,,,,com.sec.android.app.shealth,,cb47e7b1-75b9-4750-90cd-99e961702fea,,,
,62850050,2025-01-07 10:51:28.052,,175.3,84.5497,,62850050,2025-01-07 10:51:29.959,2025-01-07 10:51:29.959,,,,,,UTC-0500,tzUtVVO31D,,,,com.sec.android.app.shealth,,296d589f-e059-49f4-abc1-194831981201,,,
,62850050,2025-01-08 01:00:32.399,,175.3,83.9146,,62850050,2025-01-08 01:00:36.638,2025-01-08 01:00:36.638,,,,,,UTC-0500,tzUtVVO31D,,,,com.sec.android.app.shealth,,c9473032-a5e3-4a05-9b9b-34f5ed40720c,,,
,62850050,2025-01-08 11:48:46.110,,175.3,84.0961,,62850050,2025-01-08 11:48:49.817,2025-01-08 11:48:49.817,,,,,,UTC-0500,tzUtVVO31D,,,,com.sec.android.app.shealth,,2e8f968e-0b0b-45cf-865b-0f65630e130a,,,
,62850050,2025-01-09 11:45:57.441,,175.3,85.0033,,62850050,2025-01-09 11:46:00.152,2025-01-09 11:46:00.152,,,,,,UTC-0500,tzUtVVO31D,,,,com.sec.android.app.shealth,,69cd3515-adc2-4202-b880-9c977c6642a5,,,
,62850050,2025-01-10 11:03:46.434,,175.3,84.6404,,62850050,2025-01-10 11:03:53.374,2025-01-10 11:03:53.374,,,,,,UTC-0500,tzUtVVO31D,,,,com.sec.android.app.shealth,,cea29682-f996-4020-a37d-3bf584a3bacb,,,
,62850050,2025-01-11 15:51:46.965,,175.3,84.0961,,62850050,2025-01-11 15:51:50.200,2025-01-11 15:51:50.200,,,,,,UTC-0500,tzUtVVO31D,,,,com.sec.android.app.shealth,,abb7ccbe-aa16-4b38-acc7-464385e4970b,,,
,62850050,2025-01-12 12:40:37.419,,175.3,84.5497,,62850050,2025-01-12 12:40:39.872,2025-01-12 12:40:39.872,,,,,,UTC-0500,tzUtVVO31D,,,,com.sec.android.app.shealth,,4967c3ec-49e6-4d7b-8d54-af6ca1bc27f4,,,
,62850050,2025-01-13 09:32:33.140,,175.3,85.1847,,62850050,2025-01-13 09:32:38.553,2025-01-13 09:32:38.553,,,,,,UTC-0500,tzUtVVO31D,,,,com.sec.android.app.shealth,,b43e442e-bbb0-444e-80fe-6f005706df22,,,
,62900750,2025-01-18 17:34:30.876,,175.3,84.4589,,62900750,2025-01-18 17:34:35.674,2025-01-18 17:34:35.674,,,,,,UTC-0500,tzUtVVO31D,,,,com.sec.android.app.shealth,,173d96c5-227a-4860-8e4a-4e4bf713496a,,,
,62900750,2025-01-19 21:05:58.816,,175.3,84.0053,,62900750,2025-01-19 21:06:01.022,2025-01-19 21:06:01.022,,,,,,UTC-0500,tzUtVVO31D,,,,com.sec.android.app.shealth,,35b1be74-c541-4a34-8dd2-87291d41ac3b,,,
,62900750,2025-01-20 13:05:00.678,,175.3,84.0961,,62900750,2025-01-20 13:05:03.266,2025-01-20 13:05:03.266,,,,,,UTC-0500,tzUtVVO31D,,,,com.sec.android.app.shealth,,db6db4b6-5e2e-4bb0-8ce6-75c538ac18c2,,,
,62900750,2025-01-20 17:02:23.996,,175.3,83.5518,,62900750,2025-01-20 17:02:27.628,2025-01-20 17:02:27.628,,,,,,UTC-0500,tzUtVVO31D,,,,com.sec.android.app.shealth,,ef04cee0-00f9-4c33-b8ee-b9cb8461e1c2,,,
,62900750,2025-01-21 11:37:51.654,,175.3,84.1868,,62900750,2025-01-21 11:37:56.660,2025-01-21 11:37:56.660,,,,,,UTC-0500,tzUtVVO31D,,,,com.sec.android.app.shealth,,40f7a9d5-2cb5-4535-b3d9-00bbd9b38176,,,
,62900750,2025-01-22 10:59:39.107,,175.3,84.0961,,62900750,2025-01-22 10:59:45.770,2025-01-22 10:59:45.770,,,,,,UTC-0500,tzUtVVO31D,,,,com.sec.android.app.shealth,,34c40d43-0f39-44e5-bbb9-2fb804cfa298,,,
,62900750,2025-01-23 11:43:47.149,,175.3,83.9146,,62900750,2025-01-23 11:43:50.709,2025-01-23 11:43:50.709,,,,,,UTC-0500,tzUtVVO31D,,,,com.sec.android.app.shealth,,164b8afc-bf4f-4fb9-97e7-313ffb6dc2a1,,,
,62900750,2025-01-24 12:05:28.325,,175.3,83.6425,,62900750,2025-01-24 12:05:36.695,2025-01-24 12:05:36.695,,,,,,UTC-0500,tzUtVVO31D,,,,com.sec.android.app.shealth,,593647e9-af07-4e74-a794-a03f2598f7d6,,,
,62900750,2025-01-25 16:13:45.496,,175.3,83.5518,,62900750,2025-01-25 16:13:47.999,2025-01-25 16:13:47.999,,,,,,UTC-0500,tzUtVVO31D,,,,com.sec.android.app.shealth,,4ae1e7ec-9ada-42cf-96fc-4bce352bf42f,,,
,62900750,2025-01-25 17:26:33.796,,175.3,83.2796,,62900750,2025-01-25 17:26:37.525,2025-01-25 17:26:37.525,,,,,,UTC-0500,tzUtVVO31D,,,,com.sec.android.app.shealth,,32dea8ed-fe29-4cf2-8eb7-5ff759e6b853,,,
,62900750,2025-01-26 17:55:02.332,,175.3,83.7332,,62900750,2025-01-26 17:55:06.055,2025-01-26 17:55:06.055,,,,,,UTC-0500,tzUtVVO31D,,,,com.sec.android.app.shealth,,620cf7ae-9394-4ba6-a112-64224ed95c57,,,
,62900750,2025-01-27 11:45:00.715,,175.3,84.5497,,62900750,2025-01-27 11:45:05.621,2025-01-27 11:45:05.621,,,,,,UTC-0500,tzUtVVO31D,,,,com.sec.android.app.shealth,,0c573211-daa6-4691-acec-167b06096f74,,,
,62900750,2025-01-28 11:53:43.044,,175.3,84.5497,,62900750,2025-01-28 11:53:44.494,2025-01-28 11:53:44.494,,,,,,UTC-0500,tzUtVVO31D,,,,com.sec.android.app.shealth,,58dbd94b-d942-455e-8660-2babdfd825bf,,,
,62900750,2025-01-29 11:41:10.650,,175.3,85.3661,,62900750,2025-01-29 11:41:14.607,2025-01-29 11:41:14.607,,,,,,UTC-0500,tzUtVVO31D,,,,com.sec.android.app.shealth,,c753cf1b-3fd3-4e60-b44c-2d13f9c8de3a,,,
,62900750,2025-01-31 12:06:02.808,,175.3,85.4568,,62900750,2025-01-31 12:06:05.430,2025-01-31 12:06:05.430,,,,,,UTC-0500,tzUtVVO31D,,,,com.sec.android.app.shealth,,2d42b2aa-ba75-4fde-9087-8fd41ea82edf,,,
,62900750,2025-02-01 14:42:21.284,,175.3,85.729,,62900750,2025-02-01 14:42:24.841,2025-02-01 14:42:24.841,,,,,,UTC-0500,tzUtVVO31D,,,,com.sec.android.app.shealth,,bc5ec482-d983-4f66-8db5-5dab663fab35,,,
,62900750,2025-02-01 15:04:59.471,,175.3,85.3661,,62900750,2025-02-01 15:05:06.284,2025-02-01 15:05:06.284,,,,,,UTC-0500,tzUtVVO31D,,Poo,,com.sec.android.app.shealth,,b5962ea2-fe55-4017-a45e-cb6ab764b517,,,
,62900750,2025-02-01 19:26:43.866,,175.3,83.8239,,62900750,2025-02-01 19:26:52.561,2025-02-01 19:26:52.561,,,,,,UTC-0500,tzUtVVO31D,,,,com.sec.android.app.shealth,,d2a67437-47f0-46ac-8e27-1ee239f13b89,,,
,62900750,2025-02-02 15:59:19.013,,175.3,85.0033,,62900750,2025-02-02 15:59:23.844,2025-02-02 15:59:23.844,,,,,,UTC-0500,tzUtVVO31D,,,,com.sec.android.app.shealth,,37fed4da-741a-4326-a0b3-14800ac17f5e,,,
,62900750,2025-02-03 15:44:33.110,,175.3,84.0961,,62900750,2025-02-03 15:44:36.344,2025-02-03 15:44:36.344,,,,,,UTC-0500,tzUtVVO31D,,,,com.sec.android.app.shealth,,380f518e-4223-442a-a8dd-ed90576426c8,,,
,62900750,2025-02-04 14:27:01.782,,175.3,83.461,,62900750,2025-02-04 14:27:05.474,2025-02-04 14:27:05.474,,,,,,UTC-0500,tzUtVVO31D,,,,com.sec.android.app.shealth,,72cd8c4e-100d-4279-8cf5-a7242b7084a8,,,
,62900750,2025-02-05 09:36:08.247,,175.3,84.3682,,62900750,2025-02-05 09:36:13.661,2025-02-05 09:36:13.661,,,,,,UTC-0500,tzUtVVO31D,,,,com.sec.android.app.shealth,,d536f6be-21a8-4a02-b2a5-84528b1b5a90,,,
,62900750,2025-02-06 11:41:18.379,,175.3,85.1847,,62900750,2025-02-06 11:41:23.470,2025-02-06 11:41:23.470,,,,,,UTC-0500,tzUtVVO31D,,,,com.sec.android.app.shealth,,b482f817-27d5-4dea-89a5-5a40197717da,,,
,62900750,2025-02-07 00:26:57.357,,175.3,84.7311,,62900750,2025-02-07 00:27:00.182,2025-02-07 00:27:00.182,,,,,,UTC-0500,tzUtVVO31D,,,,com.sec.android.app.shealth,,e699f8e7-4ad0-47e7-ba50-7131080c1b77,,,
,62900750,2025-02-07 11:53:45.118,,175.3,84.8218,,62900750,2025-02-07 11:53:50.679,2025-02-07 11:53:50.679,,,,,,UTC-0500,tzUtVVO31D,,,,com.sec.android.app.shealth,,be9e2833-5aa9-424e-98b3-242a09a1d83b,,,
,62920010,2025-02-08 18:29:08.010,,175.3,84.4589,,62920010,2025-02-08 18:29:12.593,2025-02-08 18:29:12.593,,,,,,UTC-0500,tzUtVVO31D,,,,com.sec.android.app.shealth,,f96fd6da-92c0-4e62-be9a-d98d7993c997,,,
,62920010,2025-02-08 18:58:36.760,,175.3,84.3682,,62920010,2025-02-08 18:58:38.991,2025-02-08 18:58:38.991,,,,,,UTC-0500,tzUtVVO31D,,,,com.sec.android.app.shealth,,61816730-d6a6-4a52-ab5a-4ad118b2f0d5,,,
,62920010,2025-02-09 13:41:54.867,,175.3,85.8197,,62920010,2025-02-09 13:41:59.185,2025-02-09 13:41:59.185,,,,,,UTC-0500,tzUtVVO31D,,,,com.sec.android.app.shealth,,c6b63727-7a1f-46d4-824f-4590539c1f5a,,,
,62920010,2025-02-09 16:09:26.497,,175.3,85.4568,,62920010,2025-02-09 16:09:34.148,2025-02-09 16:09:34.148,,,,,,UTC-0500,tzUtVVO31D,,,,com.sec.android.app.shealth,,74d349ab-f95c-48d5-b56c-7569208143b9,,,
,62920010,2025-02-10 12:52:10.734,,175.3,85.2754,,62920010,2025-02-10 12:52:13.296,2025-02-10 12:52:13.296,,,,,,UTC-0500,tzUtVVO31D,,,,com.sec.android.app.shealth,,c252bac8-b0ea-4c99-8f39-0b28a8093a7a,,,
,62920010,2025-02-14 23:51:30.680,,175.3,84.0053,,62920010,2025-02-14 23:51:34.925,2025-02-14 23:51:34.925,,,,,,UTC-0500,tzUtVVO31D,,,,com.sec.android.app.shealth,,629c9bc8-1e86-4ef0-b96f-b154b8ebdcc5,,,
,62920010,2025-02-15 16:09:37.003,,175.3,85.3661,,62920010,2025-02-15 16:09:39.977,2025-02-15 16:09:39.977,,,,,,UTC-0500,tzUtVVO31D,,,,com.sec.android.app.shealth,,d98bc506-56a9-46d0-bae0-2ce90ce3fe2a,,,
,62920010,2025-02-16 17:41:49.881,,175.3,85.1847,,62920010,2025-02-16 17:41:53.383,2025-02-16 17:41:53.383,,,,,,UTC-0500,tzUtVVO31D,,,,com.sec.android.app.shealth,,54b5a826-319b-42f4-b226-180f397df97e,,,
,62920010,2025-02-17 19:24:40.479,,175.3,86.0919,,62920010,2025-02-17 19:24:43.051,2025-02-17 19:24:43.051,,,,,,UTC-0500,tzUtVVO31D,,,,com.sec.android.app.shealth,,7c58f02e-eb20-44b9-8792-1ce02c711003,,,
,62920010,2025-02-19 12:10:52.872,,175.3,86.0012,,62920010,2025-02-19 12:10:56.046,2025-02-19 12:10:56.046,,,,,,UTC-0500,tzUtVVO31D,,,,com.sec.android.app.shealth,,be077cf5-7881-4981-9307-2673a9e19976,,,
,62920010,2025-02-20 11:06:41.129,,175.3,86.0012,,62920010,2025-02-20 11:06:42.598,2025-02-20 11:06:42.598,,,,,,UTC-0500,tzUtVVO31D,,,,com.sec.android.app.shealth,,2704c7fa-3a04-4b66-9d33-09d2c4c47541,,,
,62920010,2025-02-21 11:43:20.927,,175.3,86.364,,62920010,2025-02-21 11:43:24.286,2025-02-21 11:43:24.286,,,,,,UTC-0500,tzUtVVO31D,,,,com.sec.android.app.shealth,,8b64a56f-264b-4bc3-85a9-daa928c20d30,,,
,62930070,2025-02-22 16:29:17.239,,175.3,85.1847,,62930070,2025-02-22 16:29:22.883,2025-02-22 16:29:22.883,,,,,,UTC-0500,tzUtVVO31D,,,,com.sec.android.app.shealth,,1e2e17f4-3a98-4d44-be27-a93a36a133df,,,
,62930070,2025-02-23 17:12:54.471,,175.3,85.2754,,62930070,2025-02-23 17:12:59.683,2025-02-23 17:12:59.683,,,,,,UTC-0500,tzUtVVO31D,,,,com.sec.android.app.shealth,,35334145-e01f-4fd8-8292-2b4aac1ade11,,,
,62930070,2025-02-24 13:20:32.101,,175.3,85.094,,62930070,2025-02-24 13:20:36.138,2025-02-24 13:20:36.138,,,,,,UTC-0500,tzUtVVO31D,,,,com.sec.android.app.shealth,,029b9fcf-dd81-440f-b1ac-8de96d756cfb,,,
,62930070,2025-02-24 16:23:39.846,,175.3,84.5497,,62930070,2025-02-24 16:23:43.939,2025-02-24 16:23:43.939,,,,,,UTC-0500,tzUtVVO31D,,,,com.sec.android.app.shealth,,4e578e15-fdfc-42f8-ac51-ce99f2b9ebbd,,,
,62930070,2025-02-25 11:23:54.671,,175.3,85.729,,62930070,2025-02-25 11:23:59.034,2025-02-25 11:23:59.034,,,,,,UTC-0500,tzUtVVO31D,,,,com.sec.android.app.shealth,,55368a3f-41a8-453a-a17e-1450ca106cf6,,,
,62930070,2025-02-26 11:25:23.488,,175.3,85.6383,,62930070,2025-02-26 11:25:26.703,2025-02-26 11:25:26.703,,,,,,UTC-0500,tzUtVVO31D,,,,com.sec.android.app.shealth,,207b7d72-3e45-4f42-948b-dccb931a23d6,,,
,62930070,2025-02-26 12:05:44.454,,175.3,85.4568,,62930070,2025-02-26 12:05:48.290,2025-02-26 12:05:48.290,,,,,,UTC-0500,tzUtVVO31D,,,,com.sec.android.app.shealth,,02dcbd00-03b9-4193-aa4c-abf11705ad44,,,
,62930070,2025-02-27 00:59:17.544,,175.3,85.3661,,62930070,2025-02-27 00:59:20.068,2025-02-27 00:59:20.068,,,,,,UTC-0500,tzUtVVO31D,,,,com.sec.android.app.shealth,,69faf923-9c95-4309-a82e-3be05136a46b,,,
,62930070,2025-02-27 11:55:59.505,,175.3,85.5476,,62930070,2025-02-27 11:56:03.111,2025-02-27 11:56:03.111,,,,,,UTC-0500,tzUtVVO31D,,,,com.sec.android.app.shealth,,108a30fe-249f-418f-af38-58c1be90bc2a,,,
,62930070,2025-02-28 15:29:55.511,,175.3,86.364,,62930070,2025-02-28 15:29:59.771,2025-02-28 15:29:59.771,,,,,,UTC-0500,tzUtVVO31D,,,,com.sec.android.app.shealth,,6f29825b-a7fc-475d-8d5c-1dec5a63854c,,,
,62930070,2025-03-01 13:53:13.088,,175.3,85.729,,62930070,2025-03-01 13:53:16.994,2025-03-01 13:53:16.994,,,,,,UTC-0500,tzUtVVO31D,,,,com.sec.android.app.shealth,,937708fa-1b81-456b-8df1-934076784a09,,,
,62930070,2025-03-02 15:08:01.583,,175.3,86.2733,,62930070,2025-03-02 15:08:05.665,2025-03-02 15:08:05.665,,,,,,UTC-0500,tzUtVVO31D,,,,com.sec.android.app.shealth,,c551eef1-e516-4a84-98f1-a609040381f1,,,
,62930070,2025-03-03 09:41:18.785,,175.3,86.0012,,62930070,2025-03-03 09:41:23.058,2025-03-03 09:41:23.058,,,,,,UTC-0500,tzUtVVO31D,,,,com.sec.android.app.shealth,,a3896a64-255c-409b-8731-a8b18d08ab9a,,,
,62930070,2025-03-03 09:54:33.711,,175.3,85.729,,62930070,2025-03-03 09:54:37.349,2025-03-03 09:54:37.349,,,,,,UTC-0500,tzUtVVO31D,,,,com.sec.android.app.shealth,,c28e8924-5650-4b7f-924b-a354b5b80d11,,,
,62930070,2025-03-04 11:45:45.572,,175.3,85.5476,,62930070,2025-03-04 11:45:49.440,2025-03-04 11:45:49.440,,,,,,UTC-0500,tzUtVVO31D,,,,com.sec.android.app.shealth,,3c6cfc26-b6bc-4721-be52-4f0457205831,,,
,62930070,2025-03-05 11:50:34.106,,175.3,87.0898,,62930070,2025-03-05 11:50:39.569,2025-03-05 11:50:39.569,,,,,,UTC-0500,tzUtVVO31D,,,,com.sec.android.app.shealth,,24edde31-cb4f-4ffa-83f5-ad5e7e8ae400,,,
,62930070,2025-03-06 11:42:05.074,,175.3,86.9991,,62930070,2025-03-06 11:42:09.789,2025-03-06 11:42:09.789,,,,,,UTC-0500,tzUtVVO31D,,,,com.sec.android.app.shealth,,7fb944f8-9add-410b-83ff-0cb4cca26073,,,
,62930070,2025-03-07 11:47:31.835,,175.3,86.364,,62930070,2025-03-07 11:47:36.470,2025-03-07 11:47:36.470,,,,,,UTC-0500,tzUtVVO31D,,,,com.sec.android.app.shealth,,9f0c996b-e1b1-4940-8952-edb4bfa09554,,,
,62930070,2025-03-08 11:50:15.277,,175.3,85.8197,,62930070,2025-03-08 11:50:18.544,2025-03-08 11:50:18.544,,,,,,UTC-0500,tzUtVVO31D,,,,com.sec.android.app.shealth,,f2026522-c221-47d5-974b-2043150c840b,,,
,62930070,2025-03-09 16:34:49.584,,175.3,86.1826,,62930070,2025-03-09 16:34:52.953,2025-03-09 16:34:52.953,,,,,,UTC-0400,tzUtVVO31D,,,,com.sec.android.app.shealth,,0cee4cb6-e237-4037-8034-a21019b3e870,,,
,62930070,2025-03-10 12:23:27.806,,175.3,86.2733,,62930070,2025-03-10 12:23:30.465,2025-03-10 12:23:30.465,,,,,,UTC-0400,tzUtVVO31D,,,,com.sec.android.app.shealth,,332fcc50-dfa8-4118-99fe-7d9d6408acdd,,,
,62930070,2025-03-10 14:41:01.524,,175.3,86.0012,,62930070,2025-03-10 14:41:06.209,2025-03-10 14:41:06.209,,,,,,UTC-0400,tzUtVVO31D,,,,com.sec.android.app.shealth,,7f910724-f183-4a3d-9312-07b878b4cfb8,,,
,62930070,2025-03-11 10:50:53.413,,175.3,86.4548,,62930070,2025-03-11 10:50:55.796,2025-03-11 10:50:55.796,,,,,,UTC-0400,tzUtVVO31D,,,,com.sec.android.app.shealth,,52afafaa-c655-4cc7-bbca-87749fe7316a,,,
,62930070,2025-03-12 10:42:59.128,,175.3,86.1826,,62930070,2025-03-12 10:43:03.032,2025-03-12 10:43:03.032,,,,,,UTC-0400,tzUtVVO31D,,,,com.sec.android.app.shealth,,7abd383f-3fca-44ad-a95e-b72458de9ddc,,,
,62930070,2025-03-13 11:08:42.040,,175.3,86.7269,,62930070,2025-03-13 11:08:45.271,2025-03-13 11:08:45.271,,,,,,UTC-0400,tzUtVVO31D,,,,com.sec.android.app.shealth,,3b0bbfe6-43f0-47dd-a812-ef3de64e5984,,,
,62930070,2025-03-14 12:06:46.464,,175.3,86.8176,,62930070,2025-03-14 12:06:49.082,2025-03-14 12:06:49.082,,,,,,UTC-0400,tzUtVVO31D,,,,com.sec.android.app.shealth,,b1ac6118-8459-4f69-b4af-7ca95fee6e7e,,,
,62930070,2025-03-15 12:24:14.039,,175.3,86.9991,,62930070,2025-03-15 12:24:18.059,2025-03-15 12:24:18.059,,,,,,UTC-0400,tzUtVVO31D,,,,com.sec.android.app.shealth,,4ec60660-973b-4002-83ab-32d8819ff23d,,,
,62930070,2025-03-16 18:25:37.325,,175.3,86.9991,,62930070,2025-03-16 18:25:38.701,2025-03-16 18:25:38.701,,,,,,UTC-0400,tzUtVVO31D,,,,com.sec.android.app.shealth,,b2482c99-5c20-4071-987c-97d813868b7f,,,
,62930070,2025-03-17 14:46:50.715,,175.3,86.6362,,62930070,2025-03-17 14:47:01.205,2025-03-17 14:47:01.205,,,,,,UTC-0400,tzUtVVO31D,,,,com.sec.android.app.shealth,,993ac776-c97b-4988-964a-90594dec4fea,,,
,62930070,2025-03-18 08:34:28.357,,175.3,86.6362,,62930070,2025-03-18 08:34:30.207,2025-03-18 08:34:30.207,,,,,,UTC-0400,tzUtVVO31D,,,,com.sec.android.app.shealth,,840f5f9d-02bf-4e89-bf8c-eeb4e0baac81,,,
,62930070,2025-03-19 11:16:13.735,,175.3,85.9104,,62930070,2025-03-19 11:16:18.582,2025-03-19 11:16:18.582,,,,,,UTC-0400,tzUtVVO31D,,,,com.sec.android.app.shealth,,0f9d6d1b-0da6-4f0c-83d3-738b775394ef,,,
,62930070,2025-03-20 10:51:59.823,,175.3,86.4548,,62930070,2025-03-20 10:52:04.001,2025-03-20 10:52:04.001,,,,,,UTC-0400,tzUtVVO31D,,,,com.sec.android.app.shealth,,eb9d52d0-3c88-4c63-a0ed-63c49728827f,,,
,62930070,2025-03-21 12:20:28.156,,175.3,86.1826,,62930070,2025-03-21 12:20:32.317,2025-03-21 12:20:32.317,,,,,,UTC-0400,tzUtVVO31D,,,,com.sec.android.app.shealth,,d36aabcd-11d7-4be9-85f7-498533141ffb,,,
,62930070,2025-03-22 14:19:57.440,,175.3,86.0012,,62930070,2025-03-22 14:20:01.257,2025-03-22 14:20:01.257,,,,,,UTC-0400,tzUtVVO31D,,,,com.sec.android.app.shealth,,52de1652-d18c-46b0-aed7-d10f94effde2,,,
,62930070,2025-03-23 00:48:21.064,,175.3,84.5497,,62930070,2025-03-23 00:48:25.424,2025-03-23 00:48:25.424,,,,,,UTC-0400,tzUtVVO31D,,,,com.sec.android.app.shealth,,962e8910-b162-4be1-b24f-8afc7a413103,,,
,62930070,2025-03-23 14:01:05.391,,175.3,85.1847,,62930070,2025-03-23 14:01:10.292,2025-03-23 14:01:10.292,,,,,,UTC-0400,tzUtVVO31D,,,,com.sec.android.app.shealth,,e84ebd9e-2c92-4567-bd49-0cc2a6d53610,,,
,62930070,2025-03-24 09:10:49.573,,175.3,85.2754,,62930070,2025-03-24 09:10:55.311,2025-03-24 09:10:55.311,,,,,,UTC-0400,tzUtVVO31D,,,,com.sec.android.app.shealth,,68e79d30-0219-4a5e-b0aa-07c0ad2390d5,,,
,62930070,2025-03-25 10:47:33.663,,175.3,85.1847,,62930070,2025-03-25 10:47:37.140,2025-03-25 10:47:37.140,,,,,,UTC-0400,tzUtVVO31D,,,,com.sec.android.app.shealth,,c3f887ad-7441-406e-bff4-39af15ac0841,,,
,62930070,2025-03-26 10:50:57.557,,175.3,86.1826,,62930070,2025-03-26 10:51:04.119,2025-03-26 10:51:04.119,,,,,,UTC-0400,tzUtVVO31D,,,,com.sec.android.app.shealth,,5f5d2a9d-3340-4449-9149-4168c1fd8a3f,,,
,62930070,2025-03-27 10:56:40.844,,175.3,86.5455,,62930070,2025-03-27 10:56:43.626,2025-03-27 10:56:43.626,,,,,,UTC-0400,tzUtVVO31D,,,,com.sec.android.app.shealth,,72d7b57f-2e22-4e45-a1d2-ab301260469c,,,
,62930070,2025-03-28 10:43:03.655,,175.3,86.4548,,62930070,2025-03-28 10:43:06.084,2025-03-28 10:43:06.084,,,,,,UTC-0400,tzUtVVO31D,,,,com.sec.android.app.shealth,,2ee94f2f-9266-4f8b-a877-428259992819,,,
,62930070,2025-03-30 16:20:29.473,,175.3,86.2733,,62930070,2025-03-30 16:20:33.298,2025-03-30 16:20:33.298,,,,,,UTC-0400,tzUtVVO31D,,,,com.sec.android.app.shealth,,eb26ceb0-6ce6-4cca-a2e3-5852d618c053,,,
,62930070,2025-03-31 08:48:32.317,,175.3,86.1826,,62930070,2025-03-31 08:48:35.701,2025-03-31 08:48:35.701,,,,,,UTC-0400,tzUtVVO31D,,,,com.sec.android.app.shealth,,11ad0edf-6e46-4293-9f1b-4b8700b56097,,,
,62950170,2025-04-05 18:04:32.921,,175.3,87.4527,,62950170,2025-04-05 18:04:37.353,2025-04-05 18:04:37.353,,,,,,UTC-0400,tzUtVVO31D,,,,com.sec.android.app.shealth,,def4754c-2d22-4658-b93e-bb2ae5764f4b,,,
,62950170,2025-04-06 19:27:21.033,,175.3,87.1805,,62950170,2025-04-06 19:27:25.457,2025-04-06 19:27:25.457,,,,,,UTC-0400,tzUtVVO31D,,,,com.sec.android.app.shealth,,8c9e90ce-f834-4a35-b37d-2cbb62347770,,,
,62950170,2025-04-07 08:49:29.151,,175.3,87.3619,,62950170,2025-04-07 08:49:32.842,2025-04-07 08:49:32.842,,,,,,UTC-0400,tzUtVVO31D,,,,com.sec.android.app.shealth,,b608751a-f829-46f5-af09-d32a5b2ed4cd,,,
,62950170,2025-04-08 11:18:34.350,,175.3,87.5434,,62950170,2025-04-08 11:18:38.810,2025-04-08 11:18:38.810,,,,,,UTC-0400,tzUtVVO31D,,,,com.sec.android.app.shealth,,ec51c1da-c0bf-405e-954f-a27089147a78,,,
,62950170,2025-04-09 10:22:08.133,,175.3,87.6341,,62950170,2025-04-09 10:22:10.939,2025-04-09 10:22:10.939,,,,,,UTC-0400,tzUtVVO31D,,,,com.sec.android.app.shealth,,855ccd6f-59e7-43eb-9dda-097f78f15a85,,,
,62950170,2025-04-10 11:00:12.915,,175.3,87.7248,,62950170,2025-04-10 11:00:15.402,2025-04-10 11:00:15.402,,,,,,UTC-0400,tzUtVVO31D,,,,com.sec.android.app.shealth,,bb9748d3-7ac1-4491-9939-5652bc94d0d6,,,
,62950170,2025-04-11 10:57:15.443,,175.3,88.3598,,62950170,2025-04-11 10:57:20.343,2025-04-11 10:57:20.343,,,,,,UTC-0400,tzUtVVO31D,,,,com.sec.android.app.shealth,,ca3c7c9e-f99f-4ec2-88f5-f6f59e4258d6,,,
,62950170,2025-04-12 13:51:41.090,,175.3,87.4527,,62950170,2025-04-12 13:51:43.875,2025-04-12 13:51:43.875,,,,,,UTC-0400,tzUtVVO31D,,,,com.sec.android.app.shealth,,0c7c0146-9d56-4f71-b8be-5fde0dd38d9c,,,
,62950170,2025-04-13 17:23:21.623,,175.3,87.6341,,62950170,2025-04-13 17:23:26.795,2025-04-13 17:23:26.795,,,,,,UTC-0400,tzUtVVO31D,,,,com.sec.android.app.shealth,,dfa78934-445f-4596-bf9c-cb60a49391e2,,,
,62950170,2025-04-14 12:23:50.444,,175.3,87.9063,,62950170,2025-04-14 12:23:53.415,2025-04-14 12:23:53.415,,,,,,UTC-0400,tzUtVVO31D,,,,com.sec.android.app.shealth,,8602d292-d057-44e2-b1b6-009b6597791a,,,
,62950170,2025-04-15 13:49:54.682,,175.3,88.3598,,62950170,2025-04-15 13:49:57.463,2025-04-15 13:49:57.463,,,,,,UTC-0400,tzUtVVO31D,,,,com.sec.android.app.shealth,,7d32f677-d0f3-4eb8-8ad8-c480aebf3015,,,
,62950170,2025-04-16 14:57:22.364,,175.3,88.4506,,62950170,2025-04-16 14:57:27.791,2025-04-16 14:57:27.791,,,,,,UTC-0400,tzUtVVO31D,,,,com.sec.android.app.shealth,,609c904d-7b14-4719-b125-979b0e3cf45a,,,
,62950170,2025-04-18 15:33:31.367,,175.3,88.4506,,62950170,2025-04-18 15:33:32.965,2025-04-18 15:33:32.965,,,,,,UTC-0400,tzUtVVO31D,,,,com.sec.android.app.shealth,,8d6951bc-5460-499c-b043-7666aa5fecf5,,,
,62950170,2025-04-19 12:21:34.252,,175.3,88.8134,,62950170,2025-04-19 12:21:36.816,2025-04-19 12:21:36.816,,,,,,UTC-0400,tzUtVVO31D,,,,com.sec.android.app.shealth,,ebde05f1-c69e-49cb-b65c-7577243d43d1,,,
,62950170,2025-04-20 13:51:02.103,,175.3,88.0877,,62950170,2025-04-20 13:51:06.855,2025-04-20 13:51:06.855,,,,,,UTC-0400,tzUtVVO31D,,,,com.sec.android.app.shealth,,2b4e0478-176c-4fc5-867f-e3a3f4e1621e,,,
,62950170,2025-04-21 12:50:11.794,,175.3,88.9042,,62950170,2025-04-21 12:50:15.659,2025-04-21 12:50:15.659,,,,,,UTC-0400,tzUtVVO31D,,,,com.sec.android.app.shealth,,8a0fca30-27e1-4d71-9e55-9dbf2196aaf0,,,
,62950170,2025-04-21 21:28:23.360,,175.3,88.4506,,62950170,2025-04-21 21:28:25.642,2025-04-21 21:28:25.642,,,,,,UTC-0400,tzUtVVO31D,,,,com.sec.android.app.shealth,,9e35f61c-e701-4dd3-94e7-50375bf0d6cb,,,
,62950170,2025-04-22 08:32:30.890,,175.3,88.9042,,62950170,2025-04-22 08:32:33.993,2025-04-22 08:32:33.993,,,,,,UTC-0400,tzUtVVO31D,,,,com.sec.android.app.shealth,,38c0593e-d5dd-45df-a9b9-ec6b74678920,,,
,62950170,2025-04-23 10:47:04.271,,175.3,88.4506,,62950170,2025-04-23 10:47:06.463,2025-04-23 10:47:06.463,,,,,,UTC-0400,tzUtVVO31D,,,,com.sec.android.app.shealth,,0faf5f1a-f235-447d-9312-58af38f93ef5,,,
,62950170,2025-04-24 10:56:51.919,,175.3,89.1763,,62950170,2025-04-24 10:56:56.596,2025-04-24 10:56:56.596,,,,,,UTC-0400,tzUtVVO31D,,,,com.sec.android.app.shealth,,8b628c32-d46a-40ce-8f08-c7b5f850c679,,,
,62950170,2025-04-25 10:47:23.859,,175.3,88.5413,,62950170,2025-04-25 10:47:27.782,2025-04-25 10:47:27.782,,,,,,UTC-0400,tzUtVVO31D,,,,com.sec.android.app.shealth,,a24ae389-a8ec-49ad-97c7-b5eb98a5f357,,,
,62950170,2025-04-26 16:11:37.141,,175.3,88.0877,,62950170,2025-04-26 16:11:39.733,2025-04-26 16:11:39.733,,,,,,UTC-0400,tzUtVVO31D,,,,com.sec.android.app.shealth,,48cba03c-bfd6-4601-9808-413d85f2ca4a,,,
,62950170,2025-04-27 15:13:43.569,,175.3,88.2691,,62950170,2025-04-27 15:13:47.082,2025-04-27 15:13:47.082,,,,,,UTC-0400,tzUtVVO31D,,,,com.sec.android.app.shealth,,ad579893-55ec-47b1-93cb-1031f1677b05,,,
,62950170,2025-04-28 15:07:12.033,,175.3,87.7248,,62950170,2025-04-28 15:07:21.690,2025-04-28 15:07:21.690,,,,,,UTC-0400,tzUtVVO31D,,,,com.sec.android.app.shealth,,89226a7f-1eca-4a37-a9df-450454a55c8a,,,
,62950170,2025-04-29 08:47:55.699,,175.3,89.3577,,62950170,2025-04-29 08:48:01.941,2025-04-29 08:48:01.941,,,,,,UTC-0400,tzUtVVO31D,,,,com.sec.android.app.shealth,,07979477-2eaf-4cdc-b3fd-02aff70db7e1,,,
,62950170,2025-04-30 10:48:16.415,,175.3,88.3598,,62950170,2025-04-30 10:48:21.125,2025-04-30 10:48:21.125,,,,,,UTC-0400,tzUtVVO31D,,,,com.sec.android.app.shealth,,707303e8-000a-41dc-aa27-5b36da72ae9f,,,
,62950170,2025-05-01 10:39:49.698,,175.3,88.9949,,62950170,2025-05-01 10:39:57.114,2025-05-01 10:39:57.114,,,,,,UTC-0400,tzUtVVO31D,,,,com.sec.android.app.shealth,,4974ff98-8364-41f1-88d1-0e8aab8f489d,,,
,62950170,2025-05-02 10:28:22.940,,175.3,89.4485,,62950170,2025-05-02 10:28:25.415,2025-05-02 10:28:25.415,,,,,,UTC-0400,tzUtVVO31D,,,,com.sec.android.app.shealth,,201550f1-8ab3-4ed0-8b33-d1dd48862bb0,,,
,62950170,2025-05-03 13:45:40.720,,175.3,89.267,,62950170,2025-05-03 13:45:45.344,2025-05-03 13:45:45.344,,,,,,UTC-0400,tzUtVVO31D,,,,com.sec.android.app.shealth,,be7dd25b-87de-4422-b662-efcad9443e6e,,,
,62950170,2025-05-03 17:36:47.720,,175.3,89.0856,,62950170,2025-05-03 17:36:53.840,2025-05-03 17:36:53.840,,,,,,UTC-0400,tzUtVVO31D,,,,com.sec.android.app.shealth,,c2309996-1308-47ba-b78c-47d16a776bc0,,,
,62950170,2025-05-04 14:23:56.874,,175.3,88.632,,62950170,2025-05-04 14:23:59.795,2025-05-04 14:23:59.795,,,,,,UTC-0400,tzUtVVO31D,,,,com.sec.android.app.shealth,,86aa7023-7e45-443c-89f3-38cb7220da25,,,
,62950170,2025-05-04 16:47:19.388,,175.3,88.0877,,62950170,2025-05-04 16:47:22.278,2025-05-04 16:47:22.278,,,,,,UTC-0400,tzUtVVO31D,,,,com.sec.android.app.shealth,,5d1906a3-5f49-444a-8a78-15b1bfcc9949,,,
,62950170,2025-05-05 13:13:53.114,,175.3,88.7227,,62950170,2025-05-05 13:13:57.821,2025-05-05 13:13:57.821,,,,,,UTC-0400,tzUtVVO31D,,,,com.sec.android.app.shealth,,6f145176-309f-43b7-9463-dd27f3db3d04,,,
,62950170,2025-05-06 10:02:52.494,,175.3,88.2691,,62950170,2025-05-06 10:02:55.410,2025-05-06 10:02:55.410,,,,,,UTC-0400,tzUtVVO31D,,,,com.sec.android.app.shealth,,cc077fd7-5e48-477d-873e-ca731a1bcc0c,,,
,62950170,2025-05-06 12:22:38.616,,175.3,87.9063,,62950170,2025-05-06 12:22:41.872,2025-05-06 12:22:41.872,,,,,,UTC-0400,tzUtVVO31D,,,,com.sec.android.app.shealth,,f648283b-87ea-4a99-b421-8636024abeac,,,
,62950170,2025-05-07 09:56:33.802,,175.3,87.997,,62950170,2025-05-07 09:56:39.554,2025-05-07 09:56:39.554,,,,,,UTC-0400,tzUtVVO31D,,,,com.sec.android.app.shealth,,343bc1ca-4ea5-43e6-815b-8d2d950d4358,,,
,62950170,2025-05-08 02:03:29.357,,175.3,87.5434,,62950170,2025-05-08 02:03:31.615,2025-05-08 02:03:31.615,,,,,,UTC-0400,tzUtVVO31D,,,,com.sec.android.app.shealth,,073d6758-a0a2-4d67-ba35-a9d666dfb848,,,
,62950170,2025-05-08 10:49:22.536,,175.3,87.5434,,62950170,2025-05-08 10:49:24.277,2025-05-08 10:49:24.277,,,,,,UTC-0400,tzUtVVO31D,,,,com.sec.android.app.shealth,,c8b5a427-45cf-4d27-b91d-f29ecbc01e53,,,
,62950170,2025-05-09 01:04:50.510,,175.3,87.3619,,62950170,2025-05-09 01:04:54.670,2025-05-09 01:04:54.670,,,,,,UTC-0400,tzUtVVO31D,,,,com.sec.android.app.shealth,,1158ddf0-fd56-47f0-9846-50cfb4e353d1,,,
,62950170,2025-05-09 11:36:06.262,,175.3,88.2691,,62950170,2025-05-09 11:36:09.200,2025-05-09 11:36:09.200,,,,,,UTC-0400,tzUtVVO31D,,,,com.sec.android.app.shealth,,4001553d-1954-40c8-a7b2-e6db45e49a89,,,
,62950170,2025-05-10 16:00:55.329,,175.3,88.8134,,62950170,2025-05-10 16:00:58.847,2025-05-10 16:00:58.847,,,,,,UTC-0400,tzUtVVO31D,,,,com.sec.android.app.shealth,,a8d9e9f5-3acd-4ae6-b7ed-1537d6c7b1a4,,,
,62950170,2025-05-11 17:19:50.316,,175.3,89.3577,,62950170,2025-05-11 17:19:55.897,2025-05-11 17:19:55.897,,,,,,UTC-0400,tzUtVVO31D,,,,com.sec.android.app.shealth,,5a158974-cc5d-4bf1-8c16-85e17a4a0a2b,,,
,62950170,2025-05-12 12:55:37.934,,175.3,89.0856,,62950170,2025-05-12 12:55:42.096,2025-05-12 12:55:42.096,,,,,,UTC-0400,tzUtVVO31D,,,,com.sec.android.app.shealth,,7a652e4a-f0b6-47fa-9a4d-1748a29d7ed2,,,
,62950170,2025-05-12 14:31:09.400,,175.3,88.9042,,62950170,2025-05-12 14:31:12.507,2025-05-12 14:31:12.507,,,,,,UTC-0400,tzUtVVO31D,,,,com.sec.android.app.shealth,,981cfd53-bf08-4281-803b-d4bd081a6490,,,
,62950170,2025-05-13 16:26:33.675,,175.3,88.7227,,62950170,2025-05-13 16:26:38.527,2025-05-13 16:26:38.527,,,,,,UTC-0400,tzUtVVO31D,,,,com.sec.android.app.shealth,,8353e784-2f07-4c7a-9d2b-82436bf60ddf,,,
,62950170,2025-05-14 08:51:23.497,,175.3,88.9042,,62950170,2025-05-14 08:51:27.786,2025-05-14 08:51:27.786,,,,,,UTC-0400,tzUtVVO31D,,,,com.sec.android.app.shealth,,e3f632b4-9174-488c-9e34-f66668cf3c3d,,,
,62950170,2025-05-15 10:37:50.595,,175.3,89.7206,,62950170,2025-05-15 10:37:53.614,2025-05-15 10:37:53.614,,,,,,UTC-0400,tzUtVVO31D,,,,com.sec.android.app.shealth,,a0f5b978-0277-4e6c-b712-019edba40a88,,,
,62950170,2025-05-15 10:50:26.896,,175.3,89.3577,,62950170,2025-05-15 10:50:31.069,2025-05-15 10:50:31.069,,,,,,UTC-0400,tzUtVVO31D,,,,com.sec.android.app.shealth,,ea971979-2e14-4f66-9b0e-e304e952fa95,,,
,62950170,2025-05-16 01:44:34.537,,175.3,88.5413,,62950170,2025-05-16 01:44:40.150,2025-05-16 01:44:40.150,,,,,,UTC-0400,tzUtVVO31D,,,,com.sec.android.app.shealth,,c88f4668-8a9e-4ddf-9af4-e59bb4b332c2,,,
,62950170,2025-05-16 10:52:46.938,,175.3,89.0856,,62950170,2025-05-16 10:52:50.212,2025-05-16 10:52:50.212,,,,,,UTC-0400,tzUtVVO31D,,,,com.sec.android.app.shealth,,faf95016-f2cf-4365-9b77-a7afb8118ffa,,,
,62950170,2025-05-17 16:31:58.597,,175.3,89.9928,,62950170,2025-05-17 16:32:02.550,2025-05-17 16:32:02.550,,,,,,UTC-0400,tzUtVVO31D,,,,com.sec.android.app.shealth,,bd81e785-e5cb-4438-88f4-b1a7118be1e3,,,
,62950170,2025-05-18 17:29:54.084,,175.3,88.9042,,62950170,2025-05-18 17:29:58.844,2025-05-18 17:29:58.844,,,,,,UTC-0400,tzUtVVO31D,,,,com.sec.android.app.shealth,,e517a277-3c7c-4c9d-9853-3ec96ea79c54,,,
,62950170,2025-05-19 12:22:04.940,,175.3,89.8113,,62950170,2025-05-19 12:22:08.382,2025-05-19 12:22:08.382,,,,,,UTC-0400,tzUtVVO31D,,,,com.sec.android.app.shealth,,b6689c4f-b4e1-4eed-9d8f-01a51cd545bd,,,
,62950170,2025-05-20 08:48:49.334,,175.3,88.9042,,62950170,2025-05-20 08:48:54.023,2025-05-20 08:48:54.023,,,,,,UTC-0400,tzUtVVO31D,,,,com.sec.android.app.shealth,,f2f5b905-a927-44dd-bb18-61521282350a,,,
,62950170,2025-05-21 10:53:31.545,,175.3,89.4485,,62950170,2025-05-21 10:53:35.235,2025-05-21 10:53:35.235,,,,,,UTC-0400,tzUtVVO31D,,,,com.sec.android.app.shealth,,01975604-263c-4090-affa-5f63cac1e22b,,,
,62950170,2025-05-22 10:52:30.408,,175.3,90.3556,,62950170,2025-05-22 10:52:33.385,2025-05-22 10:52:33.385,,,,,,UTC-0400,tzUtVVO31D,,,,com.sec.android.app.shealth,,511e1d10-45f6-4424-8899-bca5beea8c2c,,,
,62950170,2025-05-23 11:04:08.146,,175.3,90.5371,,62950170,2025-05-23 11:04:12.630,2025-05-23 11:04:12.630,,,,,,UTC-0400,tzUtVVO31D,,,,com.sec.android.app.shealth,,45bd714d-fb21-4159-a9c8-44ad431ebe21,,,
,62950170,2025-05-25 00:03:28.668,,175.3,87.997,,62950170,2025-05-25 00:03:36.171,2025-05-25 00:03:36.171,,,,,,UTC-0400,tzUtVVO31D,,,,com.sec.android.app.shealth,,578dcbbf-3d08-4334-ad20-b42361899be7,,,
,62950170,2025-05-25 14:13:31.303,,175.3,88.632,,62950170,2025-05-25 14:13:35.512,2025-05-25 14:13:35.512,,,,,,UTC-0400,tzUtVVO31D,,,,com.sec.android.app.shealth,,ca28d49f-eb8f-474c-ae46-a318d7974e22,,,
,62950170,2025-05-26 18:28:58.403,,175.3,89.267,,62950170,2025-05-26 18:29:03.763,2025-05-26 18:29:03.763,,,,,,UTC-0400,tzUtVVO31D,,,,com.sec.android.app.shealth,,53d4e9e0-3355-4519-8419-fdf11cd0b543,,,
,62950170,2025-05-27 09:32:32.844,,175.3,90.0835,,62950170,2025-05-27 09:32:36.526,2025-05-27 09:32:36.526,,,,,,UTC-0400,tzUtVVO31D,,,,com.sec.android.app.shealth,,312fbfa4-38af-4a29-b9d8-4b2b961c6306,,,
,62950170,2025-05-28 11:10:33.230,,175.3,89.4485,,62950170,2025-05-28 11:10:37.513,2025-05-28 11:10:37.513,,,,,,UTC-0400,tzUtVVO31D,,,,com.sec.android.app.shealth,,1441ca6b-36dc-4bc2-8be6-78c5f24d6e08,,,
,62950170,2025-05-28 02:10:00.000,,175.3,88.9042,,62950170,2025-05-28 11:11:06.618,2025-05-28 11:11:06.618,,,,,,UTC-0400,tzUtVVO31D,,,,com.sec.android.app.shealth,,64ac3aa6-e490-4154-8b2b-01162fa84365,,,
,62950170,2025-05-29 02:40:43.523,,175.3,89.267,,62950170,2025-05-29 02:40:48.275,2025-05-29 02:40:48.275,,,,,,UTC-0400,tzUtVVO31D,,,,com.sec.android.app.shealth,,b91623d2-a02e-4cb6-8519-2352b3e8aa92,,,
,62950170,2025-05-29 10:55:38.593,,175.3,89.7206,,62950170,2025-05-29 10:55:41.430,2025-05-29 10:55:41.430,,,,,,UTC-0400,tzUtVVO31D,,,,com.sec.android.app.shealth,,40af1d31-1547-4988-a3b4-e81ded8f6189,,,
,62950170,2025-05-30 11:06:13.638,,175.3,89.9928,,62950170,2025-05-30 11:06:17.392,2025-05-30 11:06:17.392,,,,,,UTC-0400,tzUtVVO31D,,,,com.sec.android.app.shealth,,833d6c2c-2260-41d0-85c8-c0062db25825,,,
,62950170,2025-05-31 15:22:46.126,,175.3,89.0856,,62950170,2025-05-31 15:22:51.411,2025-05-31 15:22:51.411,,,,,,UTC-0400,tzUtVVO31D,,,,com.sec.android.app.shealth,,b9f92329-0688-4d58-9431-7c983746c076,,,
,62950170,2025-06-01 16:19:46.379,,175.3,89.267,,62950170,2025-06-01 16:19:51.765,2025-06-01 16:19:51.765,,,,,,UTC-0400,tzUtVVO31D,,,,com.sec.android.app.shealth,,aac3f6f6-feb2-4995-9c5f-f2afb3bf58ad,,,
,62950170,2025-06-02 09:20:46.082,,175.3,89.3577,,62950170,2025-06-02 09:20:51.940,2025-06-02 09:20:51.940,,,,,,UTC-0400,tzUtVVO31D,,,,com.sec.android.app.shealth,,b6c02d13-1c03-465b-90d0-5dac765304b1,,,
,63010030,2025-06-03 11:02:41.772,,175.3,89.267,,63010030,2025-06-03 11:02:45.632,2025-06-03 11:02:45.632,,,,,,UTC-0400,tzUtVVO31D,,,,com.sec.android.app.shealth,,c2a8623a-5e52-43bf-b737-9f001ecd5ab3,,,
,63010030,2025-06-04 01:42:37.048,,175.3,88.4506,,63010030,2025-06-04 01:42:42.177,2025-06-04 01:42:42.177,,,,,,UTC-0400,tzUtVVO31D,,,,com.sec.android.app.shealth,,5ac3bca9-ec49-47ba-b5b5-8f9a610327b0,,,
,63010030,2025-06-04 10:53:22.786,,175.3,89.3577,,63010030,2025-06-04 10:53:26.063,2025-06-04 10:53:26.063,,,,,,UTC-0400,tzUtVVO31D,,,,com.sec.android.app.shealth,,cbbf21ad-c72b-4adc-b948-cbd8149f9ae1,,,
,63010030,2025-06-05 13:20:12.526,,175.3,89.1763,,63010030,2025-06-05 13:20:15.902,2025-06-05 13:20:15.902,,,,,,UTC-0400,tzUtVVO31D,,,,com.sec.android.app.shealth,,2839363d-c20e-470f-9b42-dc1fb651aaf5,,,
,63010030,2025-06-06 12:32:46.200,,175.3,89.4485,,63010030,2025-06-06 12:32:50.428,2025-06-06 12:32:50.428,,,,,,UTC-0400,tzUtVVO31D,,,,com.sec.android.app.shealth,,8933e504-b8bb-4165-90fa-82b35cce4a8f,,,
,63010030,2025-06-07 15:56:11.795,,175.3,88.9949,,63010030,2025-06-07 15:56:13.930,2025-06-07 15:56:13.930,,,,,,UTC-0400,tzUtVVO31D,,,,com.sec.android.app.shealth,,06ea9d79-4c34-459f-966d-fd7f93cf313a,,,
,63010030,2025-06-08 17:05:07.214,,175.3,89.1763,,63010030,2025-06-08 17:05:10.018,2025-06-08 17:05:10.018,,,,,,UTC-0400,tzUtVVO31D,,,,com.sec.android.app.shealth,,b0505978-e76c-4410-8d50-9569ba7231c6,,,
,63010030,2025-06-09 14:06:29.514,,175.3,89.1763,,63010030,2025-06-09 14:06:31.032,2025-06-09 14:06:31.032,,,,,,UTC-0400,tzUtVVO31D,,,,com.sec.android.app.shealth,,3096c631-6655-49b9-ae0b-a7538769ba58,,,
,63010030,2025-06-10 08:57:09.430,,175.3,89.0856,,63010030,2025-06-10 08:57:12.234,2025-06-10 08:57:12.234,,,,,,UTC-0400,tzUtVVO31D,,,,com.sec.android.app.shealth,,522597fb-b8c8-4f4c-ae89-601c51aa713a,,,
,63010030,2025-06-11 01:40:42.792,,175.3,87.5434,,63010030,2025-06-11 01:40:48.572,2025-06-11 01:40:48.572,,,,,,UTC-0400,tzUtVVO31D,,,,com.sec.android.app.shealth,,eec46a7c-2336-48d5-81df-c0894b0ef7c9,,,
,63010030,2025-06-11 10:52:24.751,,175.3,88.2691,,63010030,2025-06-11 10:52:31.022,2025-06-11 10:52:31.022,,,,,,UTC-0400,tzUtVVO31D,,,,com.sec.android.app.shealth,,0425553f-564d-4ce7-9c40-c5b56b26ba4c,,,
,63010030,2025-06-12 10:47:41.423,,175.3,89.4485,,63010030,2025-06-12 10:47:46.065,2025-06-12 10:47:46.065,,,,,,UTC-0400,tzUtVVO31D,,,,com.sec.android.app.shealth,,cceeca3f-f496-44f6-9dca-43b7a338a890,,,
,63010030,2025-06-13 19:28:27.015,,175.3,88.632,,63010030,2025-06-13 19:28:31.119,2025-06-13 19:28:31.119,,,,,,UTC-0400,tzUtVVO31D,,,,com.sec.android.app.shealth,,8c038a94-a06b-43c9-a9ac-b712a7f843fe,,,
,63010030,2025-06-14 14:32:25.520,,175.3,88.7227,,63010030,2025-06-14 14:32:28.390,2025-06-14 14:32:28.390,,,,,,UTC-0400,tzUtVVO31D,,,,com.sec.android.app.shealth,,a4355193-d0d0-4b37-abc0-710e5e3ee729,,,
,63010030,2025-06-15 17:53:48.316,,175.3,88.7227,,63010030,2025-06-15 17:53:50.049,2025-06-15 17:53:50.049,,,,,,UTC-0400,tzUtVVO31D,,,,com.sec.android.app.shealth,,a1b44c0b-44d5-4085-afa2-91fcff599dd0,,,
,63010030,2025-06-16 11:01:26.346,,175.3,89.267,,63010030,2025-06-16 11:01:30.064,2025-06-16 11:01:30.064,,,,,,UTC-0400,tzUtVVO31D,,,,com.sec.android.app.shealth,,99e891c9-e2be-4c42-8ec2-691333efb0a9,,,
,63010030,2025-06-17 02:14:00.492,,175.3,87.997,,63010030,2025-06-17 02:14:06.423,2025-06-17 02:14:06.423,,,,,,UTC-0400,tzUtVVO31D,,,,com.sec.android.app.shealth,,a0a6ece7-9d83-4a0a-86ce-de443ff63e43,,,
,63010030,2025-06-17 10:50:47.483,,175.3,88.9042,,63010030,2025-06-17 10:50:50.303,2025-06-17 10:50:50.303,,,,,,UTC-0400,tzUtVVO31D,,,,com.sec.android.app.shealth,,c0a7ab6b-1384-457f-9b04-42cfc1a816c0,,,
,63010030,2025-06-18 01:16:48.251,,175.3,88.3598,,63010030,2025-06-18 01:16:52.348,2025-06-18 01:16:52.348,,,,,,UTC-0400,tzUtVVO31D,,,,com.sec.android.app.shealth,,2ce9960c-cd5b-4298-83ee-d3f5be965e42,,,
,63010030,2025-06-18 10:55:14.397,,175.3,88.5413,,63010030,2025-06-18 10:55:19.072,2025-06-18 10:55:19.072,,,,,,UTC-0400,tzUtVVO31D,,,,com.sec.android.app.shealth,,63440a11-62a7-42af-a90f-5b5bc8567b25,,,
,63010030,2025-06-19 11:39:14.458,,175.3,88.9949,,63010030,2025-06-19 11:39:17.057,2025-06-19 11:39:17.057,,,,,,UTC-0400,tzUtVVO31D,,,,com.sec.android.app.shealth,,bfcb1e95-fbbe-4cde-bebd-dd161d9f6c33,,,
,63010030,2025-06-20 11:27:24.746,,175.3,89.4485,,63010030,2025-06-20 11:27:27.475,2025-06-20 11:27:27.475,,,,,,UTC-0400,tzUtVVO31D,,,,com.sec.android.app.shealth,,3e482e41-4bd2-42f6-a832-6ab30db8c6cb,,,
,63010030,2025-06-21 14:36:56.258,,175.3,88.9042,,63010030,2025-06-21 14:36:59.847,2025-06-21 14:36:59.847,,,,,,UTC-0400,tzUtVVO31D,,,,com.sec.android.app.shealth,,276d2b7d-f026-4acb-a409-12ac7790bb15,,,
,63010030,2025-06-21 15:15:46.365,,175.3,88.7227,,63010030,2025-06-21 15:15:50.980,2025-06-21 15:15:50.980,,,,,,UTC-0400,tzUtVVO31D,,,,com.sec.android.app.shealth,,f2bd3334-8ba0-42f7-8cfd-10c55a5f2fb1,,,
,63010030,2025-06-22 18:16:57.277,,175.3,88.9949,,63010030,2025-06-22 18:17:01.717,2025-06-22 18:17:01.717,,,,,,UTC-0400,tzUtVVO31D,,,,com.sec.android.app.shealth,,a68b47ad-b7d2-4d96-abf1-b10179d5a915,,,
,63010030,2025-06-23 13:32:54.888,,175.3,88.7227,,63010030,2025-06-23 13:32:59.644,2025-06-23 13:32:59.644,,,,,,UTC-0400,tzUtVVO31D,,,,com.sec.android.app.shealth,,591bd32d-9d04-4671-a490-3c445c9c1633,,,
,63010030,2025-06-24 10:36:15.079,,175.3,88.9042,,63010030,2025-06-24 10:36:20.036,2025-06-24 10:36:20.036,,,,,,UTC-0400,tzUtVVO31D,,,,com.sec.android.app.shealth,,44f5e2fc-aaf2-46a4-93a8-a06234db7b77,,,
,63010030,2025-06-25 01:22:46.575,,175.3,87.8155,,63010030,2025-06-25 01:22:51.666,2025-06-25 01:22:51.666,,,,,,UTC-0400,tzUtVVO31D,,,,com.sec.android.app.shealth,,2a00e220-5a0c-4b15-bae9-e58a3e12f3e6,,,
,63010030,2025-06-25 11:28:39.777,,175.3,88.2691,,63010030,2025-06-25 11:28:42.537,2025-06-25 11:28:42.537,,,,,,UTC-0400,tzUtVVO31D,,,,com.sec.android.app.shealth,,ba990ce1-085c-46ac-904e-5c2c74f7443a,,,
,63010030,2025-06-26 01:33:42.520,,175.3,87.1805,,63010030,2025-06-26 01:33:46.686,2025-06-26 01:33:46.686,,,,,,UTC-0400,tzUtVVO31D,,,,com.sec.android.app.shealth,,cb49db52-a303-40cd-9702-8665b8335e19,,,
,63010030,2025-06-26 11:56:44.015,,175.3,87.6341,,63010030,2025-06-26 11:56:46.743,2025-06-26 11:56:46.743,,,,,,UTC-0400,tzUtVVO31D,,,,com.sec.android.app.shealth,,e08fb642-957d-4105-9f9b-020019827e88,,,
,63010030,2025-06-27 14:53:51.490,,175.3,88.0877,,63010030,2025-06-27 14:53:54.146,2025-06-27 14:53:54.146,,,,,,UTC-0400,tzUtVVO31D,,,,com.sec.android.app.shealth,,cc5fa6d8-91a5-45b0-b400-77b9b16cbef2,,,
,63020270,2025-06-28 14:31:08.023,,175.3,88.3598,,63020270,2025-06-28 14:31:12.034,2025-06-28 14:31:12.034,,,,,,UTC-0400,tzUtVVO31D,,,,com.sec.android.app.shealth,,ff021ab6-9deb-410b-a01a-20e261f6c7f4,,,
,63020270,2025-06-29 15:35:32.080,,175.3,88.9042,,63020270,2025-06-29 15:35:36.644,2025-06-29 15:35:36.644,,,,,,UTC-0400,tzUtVVO31D,,,,com.sec.android.app.shealth,,e8b94dc2-92c2-4fce-a3c0-c006adaf3bfc,,,
,63020270,2025-06-29 23:53:13.170,,175.3,88.2691,,63020270,2025-06-29 23:53:17.422,2025-06-29 23:53:17.422,,,,,,UTC-0400,tzUtVVO31D,,,,com.sec.android.app.shealth,,7f4e0d75-7313-46fc-97ae-a5af6edf8c33,,,
,63020270,2025-06-30 11:19:50.981,,175.3,88.632,,63020270,2025-06-30 11:19:54.387,2025-06-30 11:19:54.387,,,,,,UTC-0400,tzUtVVO31D,,,,com.sec.android.app.shealth,,dc3a8d13-230e-4b01-9262-f3ab5f38da76,,,
,63020270,2025-07-01 11:18:56.455,,175.3,88.5413,,63020270,2025-07-01 11:18:59.145,2025-07-01 11:18:59.145,,,,,,UTC-0400,tzUtVVO31D,,,,com.sec.android.app.shealth,,fea972c0-82c9-484d-a668-d5a21fe731d9,,,
,63020270,2025-07-02 11:11:03.299,,175.3,89.3577,,63020270,2025-07-02 11:11:08.165,2025-07-02 11:11:08.165,,,,,,UTC-0400,tzUtVVO31D,,,,com.sec.android.app.shealth,,43cf7a26-80a2-424a-9cc9-10b2a71e47d3,,,
,63020310,2025-07-05 15:22:28.100,,175.3,88.5413,,63020310,2025-07-05 15:22:36.122,2025-07-05 15:22:36.122,,,,,,UTC-0400,tzUtVVO31D,,,,com.sec.android.app.shealth,,91aee142-f693-4a2c-84dc-18157a936e53,,,
,63020310,2025-07-06 15:03:12.729,,175.3,89.1763,,63020310,2025-07-06 15:03:17.684,2025-07-06 15:03:17.684,,,,,,UTC-0400,tzUtVVO31D,,,,com.sec.android.app.shealth,,96afdab2-5ab8-47d3-8718-34be0ad46b93,,,
,63020310,2025-07-08 10:36:21.846,,175.3,88.9949,,63020310,2025-07-08 10:36:29.592,2025-07-08 10:36:29.592,,,,,,UTC-0400,tzUtVVO31D,,,,com.sec.android.app.shealth,,801aa57c-b521-44e6-9d26-9fa405e66878,,,
,63020310,2025-07-11 14:19:19.287,,175.3,89.3577,,63020310,2025-07-11 14:19:25.599,2025-07-11 14:19:25.599,,,,,,UTC-0400,tzUtVVO31D,,,,com.sec.android.app.shealth,,fd9faf86-c22b-4003-826e-2a66ef43cc4a,,,
,63020310,2025-07-12 12:22:16.928,,175.3,89.6299,,63020310,2025-07-12 12:22:21.413,2025-07-12 12:22:21.413,,,,,,UTC-0400,tzUtVVO31D,,,,com.sec.android.app.shealth,,0aa20216-3c0e-4e36-9568-e3246b49b84d,,,
,63020310,2025-07-13 17:55:26.887,,175.3,88.8134,,63020310,2025-07-13 17:55:33.543,2025-07-13 17:55:33.543,,,,,,UTC-0400,tzUtVVO31D,,,,com.sec.android.app.shealth,,37ba45fe-2380-4913-899d-7a95451824ff,,,
,63020310,2025-07-14 14:27:16.543,,175.3,89.0856,,63020310,2025-07-14 14:27:21.111,2025-07-14 14:27:21.111,,,,,,UTC-0400,tzUtVVO31D,,,,com.sec.android.app.shealth,,6ce999a9-1d16-4f64-a1c5-d7b60e81df62,,,
,63020310,2025-07-15 10:20:08.250,,175.3,88.9042,,63020310,2025-07-15 10:20:11.499,2025-07-15 10:20:11.499,,,,,,UTC-0400,tzUtVVO31D,,,,com.sec.android.app.shealth,,1ca34fea-091b-414b-ba28-e33c371c299c,,,
,63020310,2025-07-16 11:02:23.380,,175.3,89.267,,63020310,2025-07-16 11:02:26.196,2025-07-16 11:02:26.196,,,,,,UTC-0400,tzUtVVO31D,,,,com.sec.android.app.shealth,,d624762b-a4c7-48a1-9a19-99ced0d7cbf1,,,
,63020310,2025-07-17 11:14:56.117,,175.3,89.5392,,63020310,2025-07-17 11:15:00.713,2025-07-17 11:15:00.713,,,,,,UTC-0400,tzUtVVO31D,,,,com.sec.android.app.shealth,,29c038ba-306a-4bc7-8d91-1c55a2ecba39,,,
,63020310,2025-07-18 14:10:23.799,,175.3,88.7227,,63020310,2025-07-18 14:10:32.558,2025-07-18 14:10:32.558,,,,,,UTC-0400,tzUtVVO31D,,,,com.sec.android.app.shealth,,9c0cce57-39e4-4bc2-a98e-95427707f139,,,
,63020310,2025-07-18 19:10:53.569,,175.3,88.4506,,63020310,2025-07-18 19:10:57.188,2025-07-18 19:10:57.188,,,,,,UTC-0400,tzUtVVO31D,,,,com.sec.android.app.shealth,,6a2d2aa2-0e2e-4162-a0b3-375e7e76b098,,,
,63020310,2025-07-19 14:26:13.947,,175.3,88.9042,,63020310,2025-07-19 14:26:16.386,2025-07-19 14:26:16.386,,,,,,UTC-0400,tzUtVVO31D,,,,com.sec.android.app.shealth,,ed3cc741-fa7e-4098-81fd-b9b0ad903dbd,,,
,63020310,2025-07-20 17:05:13.203,,175.3,88.4506,,63020310,2025-07-20 17:05:15.549,2025-07-20 17:05:15.549,,,,,,UTC-0400,tzUtVVO31D,,,,com.sec.android.app.shealth,,01d2612f-98c2-40a0-82ed-4cd24011b819,,,
,63020310,2025-07-20 18:02:45.040,,175.3,88.2691,,63020310,2025-07-20 18:02:48.721,2025-07-20 18:02:48.721,,,,,,UTC-0400,tzUtVVO31D,,,,com.sec.android.app.shealth,,d3511ef3-cddb-4975-9668-6a08a2d59335,,,
,63020310,2025-07-21 13:50:47.104,,175.3,87.997,,63020310,2025-07-21 13:50:51.115,2025-07-21 13:50:51.115,,,,,,UTC-0400,tzUtVVO31D,,,,com.sec.android.app.shealth,,8166d48c-5b37-4b70-a992-18d0fa21ad09,,,
,63020310,2025-07-22 13:55:00.156,,175.3,87.7248,,63020310,2025-07-22 13:55:04.783,2025-07-22 13:55:04.783,,,,,,UTC-0400,tzUtVVO31D,,,,com.sec.android.app.shealth,,7aed398d-e84c-4752-a79a-2ae175bea906,,,
,63030110,2025-07-23 16:27:46.331,,175.3,88.4506,,63030110,2025-07-23 16:27:50.533,2025-07-23 16:27:50.533,,,,,,UTC-0400,tzUtVVO31D,,,,com.sec.android.app.shealth,,7859b4fa-97b9-411f-8344-4f4933d0fed4,,,
,63030110,2025-07-24 13:08:04.295,,175.3,88.632,,63030110,2025-07-24 13:08:08.198,2025-07-24 13:08:08.198,,,,,,UTC-0400,tzUtVVO31D,,,,com.sec.android.app.shealth,,da545e35-793f-4498-bc63-361424370f5f,,,
,63030110,2025-07-25 14:20:47.585,,175.3,89.0856,,63030110,2025-07-25 14:20:50.241,2025-07-25 14:20:50.241,,,,,,UTC-0400,tzUtVVO31D,,,,com.sec.android.app.shealth,,4989e47b-0b82-4f0a-b3d9-b6e4455115bc,,,
,63030110,2025-07-26 15:09:12.201,,175.3,88.9042,,63030110,2025-07-26 15:09:15.414,2025-07-26 15:09:15.414,,,,,,UTC-0400,tzUtVVO31D,,,,com.sec.android.app.shealth,,987df0bb-db6a-4b6a-9743-3fee0a7d5ccf,,,
,63030110,2025-07-27 16:03:56.162,,175.3,88.632,,63030110,2025-07-27 16:04:01.784,2025-07-27 16:04:01.784,,,,,,UTC-0400,tzUtVVO31D,,,,com.sec.android.app.shealth,,c984c3f9-ea2d-4a7a-963c-a179abb840bd,,,
,63030110,2025-07-28 16:26:26.504,,175.3,88.2691,,63030110,2025-07-28 16:26:29.971,2025-07-28 16:26:29.971,,,,,,UTC-0400,tzUtVVO31D,,,,com.sec.android.app.shealth,,cfb9a632-2ea4-49dd-88f8-e12b40247322,,,
,63030110,2025-07-30 11:18:36.315,,175.3,87.997,,63030110,2025-07-30 11:18:41.112,2025-07-30 11:18:41.112,,,,,,UTC-0400,tzUtVVO31D,,,,com.sec.android.app.shealth,,0c69caaa-1bb9-49db-b4cd-0116be8dc565,,,
,63030110,2025-07-31 11:55:15.726,,175.3,88.0877,,63030110,2025-07-31 11:55:19.783,2025-07-31 11:55:19.783,,,,,,UTC-0400,tzUtVVO31D,,,,com.sec.android.app.shealth,,f3e9d207-b0a6-4f82-8a10-af01acaee334,,,
,63030110,2025-08-01 14:17:51.735,,175.3,89.1763,,63030110,2025-08-01 14:17:56.164,2025-08-01 14:17:56.164,,,,,,UTC-0400,tzUtVVO31D,,,,com.sec.android.app.shealth,,1f3b8bc1-e7a2-431d-b184-15fb91f9928f,,,
,63030110,2025-08-02 13:21:31.684,,175.3,88.2691,,63030110,2025-08-02 13:21:34.308,2025-08-02 13:21:34.308,,,,,,UTC-0400,tzUtVVO31D,,,,com.sec.android.app.shealth,,9a4379b6-70f3-4d76-9023-6a4a23994f99,,,
,63030110,2025-08-02 18:32:13.826,,175.3,87.3619,,63030110,2025-08-02 18:32:16.784,2025-08-02 18:32:16.784,,,,,,UTC-0400,tzUtVVO31D,,,,com.sec.android.app.shealth,,9d101e3f-c937-4e75-9c39-b9d350fc0838,,,
,63030110,2025-08-03 17:17:09.547,,175.3,88.2691,,63030110,2025-08-03 17:17:12.119,2025-08-03 17:17:12.119,,,,,,UTC-0400,tzUtVVO31D,,,,com.sec.android.app.shealth,,6fc23332-19ea-48ba-a219-0d219cb995d3,,,
,63030110,2025-08-04 10:12:06.029,,175.3,88.632,,63030110,2025-08-04 10:12:09.124,2025-08-04 10:12:09.124,,,,,,UTC-0400,tzUtVVO31D,,,,com.sec.android.app.shealth,,ca14fbfe-2bc9-4dd1-b61e-a072c4c9c744,,,
,63030110,2025-08-05 11:13:48.846,,175.3,89.0856,,63030110,2025-08-05 11:13:51.203,2025-08-05 11:13:51.203,,,,,,UTC-0400,tzUtVVO31D,,,,com.sec.android.app.shealth,,4eca7356-b2ca-4326-be41-a06a02f2e3d7,,,
,63030110,2025-08-06 11:13:38.411,,175.3,89.5392,,63030110,2025-08-06 11:13:40.781,2025-08-06 11:13:40.781,,,,,,UTC-0400,tzUtVVO31D,,,,com.sec.android.app.shealth,,5f66b36a-3681-4bff-8e8b-b8775d3d3721,,,
,63030110,2025-08-07 12:01:25.077,,175.3,90.2649,,63030110,2025-08-07 12:01:29.660,2025-08-07 12:01:29.660,,,,,,UTC-0400,tzUtVVO31D,,,,com.sec.android.app.shealth,,9358dbae-65d0-4a38-aed3-c71e9b51fc3e,,,
,63030110,2025-08-08 14:22:24.678,,175.3,89.4485,,63030110,2025-08-08 14:22:29.907,2025-08-08 14:22:29.907,,,,,,UTC-0400,tzUtVVO31D,,,,com.sec.android.app.shealth,,f234d847-55a7-498a-ad2c-d1f300574be3,,,
,63030110,2025-08-09 15:43:35.997,,175.3,89.4485,,63030110,2025-08-09 15:43:37.516,2025-08-09 15:43:37.516,,,,,,UTC-0400,tzUtVVO31D,,,,com.sec.android.app.shealth,,14d39a75-e924-49b8-a1c4-bffb08a466cb,,,
,63030110,2025-08-10 20:26:38.136,,175.3,87.6341,,63030110,2025-08-10 20:26:42.241,2025-08-10 20:26:42.241,,,,,,UTC-0400,tzUtVVO31D,,,,com.sec.android.app.shealth,,d5051a01-4cbf-4c4d-acdc-9516e75811b3,,,
,63030110,2025-08-11 09:57:01.031,,175.3,88.3598,,63030110,2025-08-11 09:57:06.529,2025-08-11 09:57:06.529,,,,,,UTC-0400,tzUtVVO31D,,,,com.sec.android.app.shealth,,ea001705-833e-46db-b69f-091a245db956,,,
,63030110,2025-08-12 11:04:32.875,,175.3,88.5413,,63030110,2025-08-12 11:04:37.652,2025-08-12 11:04:37.652,,,,,,UTC-0400,tzUtVVO31D,,,,com.sec.android.app.shealth,,076f5ea7-1747-424e-bbbb-0d76cf6ec399,,,
,63030110,2025-08-13 11:57:26.040,,175.3,88.8134,,63030110,2025-08-13 11:57:30.739,2025-08-13 11:57:30.739,,,,,,UTC-0400,tzUtVVO31D,,,,com.sec.android.app.shealth,,fcf5d97f-533b-4e80-89b5-dfccc485bab1,,,
,63030110,2025-08-14 21:15:11.382,,175.3,88.5413,,63030110,2025-08-14 21:15:15.373,2025-08-14 21:15:15.373,,,,,,UTC-0400,tzUtVVO31D,,,,com.sec.android.app.shealth,,ec7808bd-9c6c-439f-98ee-ae415254389c,,,
,63030110,2025-08-16 16:48:07.332,,175.3,88.9949,,63030110,2025-08-16 16:48:09.953,2025-08-16 16:48:09.953,,,,,,UTC-0400,tzUtVVO31D,,,,com.sec.android.app.shealth,,10b033c1-62dd-46c3-b3e6-a1ea8fe66e0e,,,
,63030110,2025-08-17 17:49:08.504,,175.3,89.6299,,63030110,2025-08-17 17:49:13.478,2025-08-17 17:49:13.478,,,,,,UTC-0400,tzUtVVO31D,,,,com.sec.android.app.shealth,,716dc9d2-6196-4fa0-93b0-9243cfe895c6,,,
,63030110,2025-08-19 09:58:34.143,,175.3,89.0856,,63030110,2025-08-19 09:58:37.954,2025-08-19 09:58:37.954,,,,,,UTC-0400,tzUtVVO31D,,,,com.sec.android.app.shealth,,9890496a-e25a-4242-9b37-e6b081adb8a3,,,
,63030110,2025-08-20 11:18:53.371,,175.3,89.9928,,63030110,2025-08-20 11:18:56.415,2025-08-20 11:18:56.415,,,,,,UTC-0400,tzUtVVO31D,,,,com.sec.android.app.shealth,,3ea18e92-1f43-4964-afc1-eb99eb245af7,,,
,63030110,2025-08-21 11:38:17.627,,175.3,89.9928,,63030110,2025-08-21 11:38:19.175,2025-08-21 11:38:19.175,,,,,,UTC-0400,tzUtVVO31D,,,,com.sec.android.app.shealth,,d21dc521-530c-42d6-b81d-7f187b77416a,,,
,63030110,2025-08-22 12:26:36.232,,175.3,90.6278,,63030110,2025-08-22 12:26:41.833,2025-08-22 12:26:41.833,,,,,,UTC-0400,tzUtVVO31D,,,,com.sec.android.app.shealth,,a3c1f932-de40-4e33-8c57-595134847552,,,
,63030110,2025-08-23 15:01:11.973,,175.3,89.3577,,63030110,2025-08-23 15:01:18.427,2025-08-23 15:01:18.427,,,,,,UTC-0400,tzUtVVO31D,,,,com.sec.android.app.shealth,,1ca889aa-bc18-4159-b47f-c64face8dbc3,,,
,63030110,2025-08-24 18:11:15.094,,175.3,89.267,,63030110,2025-08-24 18:11:19.882,2025-08-24 18:11:19.882,,,,,,UTC-0400,tzUtVVO31D,,,,com.sec.android.app.shealth,,6b28b349-19eb-4cbd-9fa1-2d1a33a74499,,,
,63030110,2025-08-25 10:11:48.727,,175.3,89.8113,,63030110,2025-08-25 10:11:53.894,2025-08-25 10:11:53.894,,,,,,UTC-0400,tzUtVVO31D,,,,com.sec.android.app.shealth,,74180071-a5bc-4fd0-aac4-67234089015f,,,
,63030110,2025-08-26 11:01:15.083,,175.3,89.6299,,63030110,2025-08-26 11:01:19.195,2025-08-26 11:01:19.195,,,,,,UTC-0400,tzUtVVO31D,,,,com.sec.android.app.shealth,,aa2128fe-3b6a-48b6-8c8e-c94debe3f415,,,
,63030110,2025-08-27 11:10:39.771,,175.3,90.2649,,63030110,2025-08-27 11:10:44.784,2025-08-27 11:10:44.784,,,,,,UTC-0400,tzUtVVO31D,,,,com.sec.android.app.shealth,,549404f8-79b6-4897-8228-ffd6eddad344,,,
,63030110,2025-08-28 11:38:25.936,,175.3,90.1742,,63030110,2025-08-28 11:38:29.378,2025-08-28 11:38:29.378,,,,,,UTC-0400,tzUtVVO31D,,,,com.sec.android.app.shealth,,a951d5a5-ce25-4b29-8e25-39e0adf477be,,,
,63030110,2025-08-29 15:29:14.795,,175.3,88.8134,,63030110,2025-08-29 15:29:17.575,2025-08-29 15:29:17.575,,,,,,UTC-0400,tzUtVVO31D,,,,com.sec.android.app.shealth,,618167ad-2adf-4dff-91b2-77a591ef7038,,,
,63030110,2025-08-30 14:06:28.757,,175.3,88.632,,63030110,2025-08-30 14:06:31.822,2025-08-30 14:06:31.822,,,,,,UTC-0400,tzUtVVO31D,,,,com.sec.android.app.shealth,,a408f60d-52f3-4239-90dc-dd10191cb232,,,
,63030110,2025-08-31 18:42:28.712,,175.3,89.0856,,63030110,2025-08-31 18:42:31.101,2025-08-31 18:42:31.101,,,,,,UTC-0400,tzUtVVO31D,,,,com.sec.android.app.shealth,,620a5f76-3653-40d5-9fb4-706f898ebe7d,,,
,63030110,2025-09-02 11:08:10.385,,175.3,89.6299,,63030110,2025-09-02 11:08:13.799,2025-09-02 11:08:13.799,,,,,,UTC-0400,tzUtVVO31D,,,,com.sec.android.app.shealth,,78025034-cb7a-4ab0-bbd5-88b4a084599c,,,
,63030110,2025-09-03 11:01:33.653,,175.3,90.0835,,63030110,2025-09-03 11:01:36.229,2025-09-03 11:01:36.229,,,,,,UTC-0400,tzUtVVO31D,,,,com.sec.android.app.shealth,,46848101-ac5e-4755-a8c2-554e0e9804a2,,,
,63030110,2025-09-04 10:56:13.977,,175.3,89.5392,,63030110,2025-09-04 10:56:17.170,2025-09-04 10:56:17.170,,,,,,UTC-0400,tzUtVVO31D,,,,com.sec.android.app.shealth,,fb294f40-2194-4ad7-9c13-05214abf78f6,,,
,63030110,2025-09-05 11:25:15.003,,175.3,89.4485,,63030110,2025-09-05 11:25:17.857,2025-09-05 11:25:17.857,,,,,,UTC-0400,tzUtVVO31D,,,,com.sec.android.app.shealth,,3d8f3db9-c070-4e0f-b14a-dfc1582fa523,,,
,63030110,2025-09-06 15:26:54.009,,175.3,89.3577,,63030110,2025-09-06 15:26:56.828,2025-09-06 15:26:56.828,,,,,,UTC-0400,tzUtVVO31D,,,,com.sec.android.app.shealth,,1921573f-fa3a-4b61-bcc6-507ca7e51248,,,
,63030110,2025-09-07 16:37:37.442,,175.3,89.1763,,63030110,2025-09-07 16:37:41.938,2025-09-07 16:37:41.938,,,,,,UTC-0400,tzUtVVO31D,,,,com.sec.android.app.shealth,,eea5d9af-a84d-44d0-9397-87e007916ee3,,,
,63030110,2025-09-09 11:27:50.997,,175.3,90.2649,,63030110,2025-09-09 11:27:56.438,2025-09-09 11:27:56.438,,,,,,UTC-0400,tzUtVVO31D,,,,com.sec.android.app.shealth,,4675efdf-23c5-41ec-bf60-0b0ab798cc4d,,,
,63030110,2025-09-10 11:07:57.177,,175.3,90.5371,,63030110,2025-09-10 11:08:01.045,2025-09-10 11:08:01.045,,,,,,UTC-0400,tzUtVVO31D,,,,com.sec.android.app.shealth,,1da5b04e-9d91-40b6-b7c4-21e123a98085,,,
,63030110,2025-09-11 10:59:27.846,,175.3,91.3535,,63030110,2025-09-11 10:59:31.502,2025-09-11 10:59:31.502,,,,,,UTC-0400,tzUtVVO31D,,,,com.sec.android.app.shealth,,d1e7c813-39d3-4f4d-b225-1e842be1ce04,,,
,63030110,2025-09-12 11:13:17.488,,175.3,91.0814,,63030110,2025-09-12 11:13:22.413,2025-09-12 11:13:22.413,,,,,,UTC-0400,tzUtVVO31D,,,,com.sec.android.app.shealth,,770aa210-8959-4cc4-b010-ef120bb8e4e5,,,
,63030110,2025-09-13 15:54:24.096,,175.3,90.3556,,63030110,2025-09-13 15:54:30.437,2025-09-13 15:54:30.437,,,,,,UTC-0400,tzUtVVO31D,,,,com.sec.android.app.shealth,,c3e1a265-559a-4f5b-a74c-1967f9da459d,,,
,63030110,2025-09-14 15:32:24.433,,175.3,90.8092,,63030110,2025-09-14 15:32:26.864,2025-09-14 15:32:26.864,,,,,,UTC-0400,tzUtVVO31D,,,,com.sec.android.app.shealth,,5ab358ce-9a9f-48bf-b591-f1707fca8252,,,
,63030110,2025-09-15 09:32:25.430,,175.3,90.8092,,63030110,2025-09-15 09:32:27.374,2025-09-15 09:32:27.374,,,,,,UTC-0400,tzUtVVO31D,,,,com.sec.android.app.shealth,,c198b3b4-3c17-4d58-b925-e3b217149eb7,,,
,63030110,2025-09-16 11:26:43.271,,175.3,91.0814,,63030110,2025-09-16 11:26:48.918,2025-09-16 11:26:48.918,,,,,,UTC-0400,tzUtVVO31D,,,,com.sec.android.app.shealth,,e0092a5b-d700-4e1c-bb2d-073c69cf380b,,,
,63030110,2025-09-18 15:34:48.369,,175.3,90.3556,,63030110,2025-09-18 15:34:53.171,2025-09-18 15:34:53.171,,,,,,UTC-0400,tzUtVVO31D,,,,com.sec.android.app.shealth,,7837fc92-2595-4148-8435-27bcdbe85840,,,
,63030110,2025-09-19 15:06:11.076,,175.3,90.4464,,63030110,2025-09-19 15:06:14.862,2025-09-19 15:06:14.862,,,,,,UTC-0400,tzUtVVO31D,,,,com.sec.android.app.shealth,,2e0ebe9e-d0d7-41e7-964a-4eadfaac89e5,,,
,63030110,2025-09-20 13:20:45.197,,175.3,90.8092,,63030110,2025-09-20 13:20:49.196,2025-09-20 13:20:49.196,,,,,,UTC-0400,tzUtVVO31D,,,,com.sec.android.app.shealth,,f8224366-ea5d-4350-bbaf-22e05bd91969,,,
,63030110,2025-09-21 19:05:29.162,,175.3,90.6278,,63030110,2025-09-21 19:05:33.087,2025-09-21 19:05:33.087,,,,,,UTC-0400,tzUtVVO31D,,,,com.sec.android.app.shealth,,5899a5fd-51b6-44e5-8db6-3eaec36b5a91,,,
,63030110,2025-09-23 11:16:22.485,,175.3,91.7164,,63030110,2025-09-23 11:16:27.956,2025-09-23 11:16:27.956,,,,,,UTC-0400,tzUtVVO31D,,,,com.sec.android.app.shealth,,507c02ca-e571-4ef8-8d85-2d025c44a4fd,,,
,63030110,2025-09-24 11:06:10.083,,175.3,91.2628,,63030110,2025-09-24 11:06:15.135,2025-09-24 11:06:15.135,,,,,,UTC-0400,tzUtVVO31D,,,,com.sec.android.app.shealth,,04964a20-bf9a-44c2-a2ef-2912e96c1ab1,,,
,63051050,2025-09-25 11:43:21.414,,175.3,90.8092,,63051050,2025-09-25 11:43:30.011,2025-09-25 11:43:30.011,,,,,,UTC-0400,tzUtVVO31D,,,,com.sec.android.app.shealth,,6a4c1f97-06be-4d83-b1b9-2144e57d690b,,,
,63051050,2025-09-26 11:30:21.626,,175.3,90.5371,,63051050,2025-09-26 11:30:27.608,2025-09-26 11:30:27.608,,,,,,UTC-0400,tzUtVVO31D,,,,com.sec.android.app.shealth,,d985f42d-497e-4913-8f18-e19b9622ba21,,,
,63051050,2025-09-27 18:47:03.571,,175.3,90.2649,,63051050,2025-09-27 18:47:07.545,2025-09-27 18:47:07.545,,,,,,UTC-0400,tzUtVVO31D,,,,com.sec.android.app.shealth,,bdd40b5a-ba3a-4d95-8579-537098da9f7b,,,
,63051050,2025-09-28 16:28:29.434,,175.3,89.9928,,63051050,2025-09-28 16:28:34.062,2025-09-28 16:28:34.062,,,,,,UTC-0400,tzUtVVO31D,,,,com.sec.android.app.shealth,,67ad9d97-8631-403f-943d-53e2d4813b65,,,
,63051050,2025-09-29 11:17:20.080,,175.3,90.4464,,63051050,2025-09-29 11:17:22.507,2025-09-29 11:17:22.507,,,,,,UTC-0400,tzUtVVO31D,,,,com.sec.android.app.shealth,,b4718113-8091-4859-8e44-96be8954a2cc,,,
,63051050,2025-09-30 10:10:20.603,,175.3,90.9,,63051050,2025-09-30 10:10:22.952,2025-09-30 10:10:22.952,,,,,,UTC-0400,tzUtVVO31D,,,,com.sec.android.app.shealth,,450ccf3c-bb9c-4ebd-8234-1cfc735453c9,,,
,63051050,2025-10-01 11:09:38.574,,175.3,89.9928,,63051050,2025-10-01 11:09:45.041,2025-10-01 11:09:45.041,,,,,,UTC-0400,tzUtVVO31D,,,,com.sec.android.app.shealth,,cfc07ebe-7b6d-4655-9478-646ed0519a10,,,
,63051050,2025-10-02 10:59:57.523,,175.3,89.5392,,63051050,2025-10-02 10:59:59.810,2025-10-02 10:59:59.810,,,,,,UTC-0400,tzUtVVO31D,,,,com.sec.android.app.shealth,,7ea8cfeb-599b-4a98-85a9-d985e398e379,,,
,63051050,2025-10-03 00:39:32.883,,175.3,88.9042,,63051050,2025-10-03 00:39:36.365,2025-10-03 00:39:36.365,,,,,,UTC-0400,tzUtVVO31D,,,,com.sec.android.app.shealth,,3f518acb-cc5b-4950-8149-2d9987ec0a80,,,
,63051050,2025-10-03 11:16:30.558,,175.3,88.8134,,63051050,2025-10-03 11:16:34.872,2025-10-03 11:16:34.872,,,,,,UTC-0400,tzUtVVO31D,,,,com.sec.android.app.shealth,,7d5d89f6-da96-4343-9a82-6057a0d35e40,,,
,63051050,2025-10-04 14:59:16.395,,175.3,89.9928,,63051050,2025-10-04 14:59:20.609,2025-10-04 14:59:20.609,,,,,,UTC-0400,tzUtVVO31D,,,,com.sec.android.app.shealth,,45d2e4ad-f516-4aff-bdc6-e8058613a53c,,,
,63051050,2025-10-04 22:53:06.918,,175.3,89.0856,,63051050,2025-10-04 22:53:09.654,2025-10-04 22:53:09.654,,,,,,UTC-0400,tzUtVVO31D,,,,com.sec.android.app.shealth,,cde48a3f-2aaf-4e9d-9ac9-9c79719b125b,,,
,63051050,2025-10-05 15:14:56.294,,175.3,88.7227,,63051050,2025-10-05 15:15:00.024,2025-10-05 15:15:00.024,,,,,,UTC-0400,tzUtVVO31D,,,,com.sec.android.app.shealth,,0bff5aad-7b52-40d6-ade4-5f69d598aa32,,,
,63051050,2025-10-05 17:12:40.137,,175.3,88.2691,,63051050,2025-10-05 17:12:42.693,2025-10-05 17:12:42.693,,,,,,UTC-0400,tzUtVVO31D,,,,com.sec.android.app.shealth,,b409e213-dff3-422d-995d-842bb88be49f,,,
,63051050,2025-10-06 12:59:15.532,,175.3,89.4485,,63051050,2025-10-06 12:59:21.394,2025-10-06 12:59:21.394,,,,,,UTC-0400,tzUtVVO31D,,,,com.sec.android.app.shealth,,1674b22f-0ee3-4106-a97c-dd86c40cd310,,,
,63051050,2025-10-06 14:45:11.764,,175.3,89.1763,,63051050,2025-10-06 14:45:16.677,2025-10-06 14:45:16.677,,,,,,UTC-0400,tzUtVVO31D,,,,com.sec.android.app.shealth,,171fbfc7-b1fb-4832-ae9b-2b065e78504f,,,
,63051050,2025-10-07 11:42:19.821,,175.3,90.5371,,63051050,2025-10-07 11:42:23.359,2025-10-07 11:42:23.359,,,,,,UTC-0400,tzUtVVO31D,,,,com.sec.android.app.shealth,,e06469fa-f519-4cd5-af40-2b436206f7eb,,,
,63051050,2025-10-08 11:17:55.418,,175.3,90.2649,,63051050,2025-10-08 11:17:58.616,2025-10-08 11:17:58.616,,,,,,UTC-0400,tzUtVVO31D,,,,com.sec.android.app.shealth,,f074d0d7-6b41-4393-aa16-e1bc7c395f21,,,
,63051050,2025-10-09 11:14:56.667,,175.3,89.6299,,63051050,2025-10-09 11:15:02.237,2025-10-09 11:15:02.237,,,,,,UTC-0400,tzUtVVO31D,,,,com.sec.android.app.shealth,,5aeab9a5-881a-4f95-9b5d-d0372ea22bd4,,,
,63051050,2025-10-10 11:09:17.407,,175.3,89.5392,,63051050,2025-10-10 11:09:20.018,2025-10-10 11:09:20.018,,,,,,UTC-0400,tzUtVVO31D,,,,com.sec.android.app.shealth,,0615e545-2431-4e61-8ed1-8fca0f563437,,,
,63051050,2025-10-11 17:15:06.842,,175.3,89.7206,,63051050,2025-10-11 17:15:09.918,2025-10-11 17:15:09.918,,,,,,UTC-0400,tzUtVVO31D,,,,com.sec.android.app.shealth,,d1a52ff1-72d8-424e-ac1a-10dd07017573,,,
,63051050,2025-10-13 08:49:30.966,,175.3,89.9928,,63051050,2025-10-13 08:49:34.266,2025-10-13 08:49:34.266,,,,,,UTC-0400,tzUtVVO31D,,,,com.sec.android.app.shealth,,d45eadbc-868c-49c7-92aa-2a15044727d2,,,
,63051050,2025-10-14 11:12:36.838,,175.3,89.9928,,63051050,2025-10-14 11:12:38.848,2025-10-14 11:12:38.848,,,,,,UTC-0400,tzUtVVO31D,,,,com.sec.android.app.shealth,,c378d2f7-1bda-4834-b2c9-deba1de6c236,,,
,63051050,2025-10-15 11:06:58.497,,175.3,89.9928,,63051050,2025-10-15 11:07:00.089,2025-10-15 11:07:00.089,,,,,,UTC-0400,tzUtVVO31D,,,,com.sec.android.app.shealth,,14578c49-c7e4-40e3-a9b4-bfca2ea58170,,,
,63051050,2025-10-16 10:55:13.821,,175.3,89.5392,,63051050,2025-10-16 10:55:16.493,2025-10-16 10:55:16.493,,,,,,UTC-0400,tzUtVVO31D,,,,com.sec.android.app.shealth,,7fe4d3a6-8c29-4fd7-88e7-11aa7d740d8b,,,
,63051050,2025-10-17 03:05:00.823,,175.3,89.1763,,63051050,2025-10-17 03:05:05.656,2025-10-17 03:05:05.656,,,,,,UTC-0400,tzUtVVO31D,,,,com.sec.android.app.shealth,,780b5eb0-d198-4a81-9fcd-aec4268e5b44,,,
,63051050,2025-10-17 11:14:24.170,,175.3,88.4506,,63051050,2025-10-17 11:14:28.804,2025-10-17 11:14:28.804,,,,,,UTC-0400,tzUtVVO31D,,,,com.sec.android.app.shealth,,5fb19a32-e577-4583-bfd4-ed0873522c77,,,
,63051050,2025-10-18 12:04:50.975,,175.3,88.632,,63051050,2025-10-18 12:04:54.099,2025-10-18 12:04:54.099,,,,,,UTC-0400,tzUtVVO31D,,,,com.sec.android.app.shealth,,a7265c3f-7166-4254-bc8b-5ad8a54637fa,,,
,63051050,2025-10-19 00:06:39.059,,175.3,88.7227,,63051050,2025-10-19 00:06:42.910,2025-10-19 00:06:42.910,,,,,,UTC-0400,tzUtVVO31D,,,,com.sec.android.app.shealth,,5a879abc-8d81-4bbc-a2b3-13bafd841150,,,
,63051050,2025-10-19 14:20:01.852,,175.3,88.4506,,63051050,2025-10-19 14:20:09.001,2025-10-19 14:20:09.001,,,,,,UTC-0400,tzUtVVO31D,,,,com.sec.android.app.shealth,,9709dd43-7262-4570-8902-d4c552e41c0f,,,
,63051050,2025-10-20 11:31:07.477,,175.3,88.0877,,63051050,2025-10-20 11:31:13.683,2025-10-20 11:31:13.683,,,,,,UTC-0400,tzUtVVO31D,,,,com.sec.android.app.shealth,,3187df17-b601-41a0-9ce5-7698aadd50a7,,,
,63051050,2025-10-20 11:32:17.794,,175.3,87.997,,63051050,2025-10-20 11:32:20.385,2025-10-20 11:32:20.385,,,,,,UTC-0400,tzUtVVO31D,,,,com.sec.android.app.shealth,,c3001416-7524-43eb-adc8-acc2910fd70c,,,
,63051050,2025-10-22 11:02:25.510,,175.3,89.9928,,63051050,2025-10-22 11:02:32.697,2025-10-22 11:02:32.697,,,,,,UTC-0400,tzUtVVO31D,,,,com.sec.android.app.shealth,,a28b1d53-8a7d-49f5-8a29-6f97cfcf347c,,,
,63051050,2025-10-23 11:02:59.895,,175.3,89.8113,,63051050,2025-10-23 11:03:03.594,2025-10-23 11:03:03.594,,,,,,UTC-0400,tzUtVVO31D,,,,com.sec.android.app.shealth,,beb00c49-419d-49d2-b7bd-4cef32ce00af,,,
,63051050,2025-10-24 11:04:39.382,,175.3,90.0835,,63051050,2025-10-24 11:04:42.931,2025-10-24 11:04:42.931,,,,,,UTC-0400,tzUtVVO31D,,,,com.sec.android.app.shealth,,a92d4bc1-803d-4eff-86d2-127b9077f675,,,
,63051050,2025-10-25 14:51:55.185,,175.3,89.0856,,63051050,2025-10-25 14:51:59.443,2025-10-25 14:51:59.443,,,,,,UTC-0400,tzUtVVO31D,,,,com.sec.android.app.shealth,,a72ffcd1-b541-48fa-a7fd-65cf51d3971a,,,
,63051050,2025-10-27 13:32:10.743,,175.3,88.1784,,63051050,2025-10-27 13:32:13.647,2025-10-27 13:32:13.647,,,,,,UTC-0400,tzUtVVO31D,,,,com.sec.android.app.shealth,,6a26ff87-9ca2-4c0f-8920-19842defe21b,,,
,63051050,2025-10-28 11:20:54.783,,175.3,89.6299,,63051050,2025-10-28 11:21:00.711,2025-10-28 11:21:00.711,,,,,,UTC-0400,tzUtVVO31D,,,,com.sec.android.app.shealth,,08db3941-c228-4b41-b865-b595e16ee573,,,
,63051050,2025-10-28 13:26:56.835,,175.3,89.267,,63051050,2025-10-28 13:27:00.166,2025-10-28 13:27:00.166,,,,,,UTC-0400,tzUtVVO31D,,,,com.sec.android.app.shealth,,65a1544b-debb-4e9a-8e62-ebf3f35835e7,,,
,63051050,2025-10-29 10:53:32.075,,175.3,89.0856,,63051050,2025-10-29 10:53:38.613,2025-10-29 10:53:38.613,,,,,,UTC-0400,tzUtVVO31D,,,,com.sec.android.app.shealth,,541d81c6-7c41-4ed1-ae99-5a45ab444c16,,,
,63051050,2025-10-30 11:16:36.908,,175.3,89.3577,,63051050,2025-10-30 11:16:40.973,2025-10-30 11:16:40.973,,,,,,UTC-0400,tzUtVVO31D,,,,com.sec.android.app.shealth,,b27bd0c0-1309-4251-a8ac-c8b1f1ed2666,,,
,63051050,2025-10-31 11:01:37.805,,175.3,89.8113,,63051050,2025-10-31 11:01:40.109,2025-10-31 11:01:40.109,,,,,,UTC-0400,tzUtVVO31D,,,,com.sec.android.app.shealth,,35ca169f-16fc-46e6-a277-80febf3354de,,,
,63051050,2025-11-01 17:20:09.639,,175.3,88.8134,,63051050,2025-11-01 17:20:13.477,2025-11-01 17:20:13.477,,,,,,UTC-0400,tzUtVVO31D,,,,com.sec.android.app.shealth,,cce48efb-2ad4-4155-ab78-09c1d44cd6e4,,,
,63051050,2025-11-02 15:43:51.681,,175.3,88.1784,,63051050,2025-11-02 15:43:55.803,2025-11-02 15:43:55.803,,,,,,UTC-0500,tzUtVVO31D,,,,com.sec.android.app.shealth,,26537638-03ab-44f1-b73c-ac84b4daa835,,,
,63051050,2025-11-03 11:00:37.116,,175.3,88.8134,,63051050,2025-11-03 11:00:41.340,2025-11-03 11:00:41.340,,,,,,UTC-0500,tzUtVVO31D,,,,com.sec.android.app.shealth,,9ed8676a-5883-401f-afad-5e6ad39e10db,,,
,63051050,2025-11-04 12:13:29.975,,175.3,89.3577,,63051050,2025-11-04 12:13:36.932,2025-11-04 12:13:36.932,,,,,,UTC-0500,tzUtVVO31D,,,,com.sec.android.app.shealth,,9186ee4e-2ee7-4439-9868-32e9d79486be,,,
,63051050,2025-11-06 12:31:11.001,,175.3,89.7206,,63051050,2025-11-06 12:31:14.824,2025-11-06 12:31:14.824,,,,,,UTC-0500,tzUtVVO31D,,,,com.sec.android.app.shealth,,6f943b92-412c-4f51-bbd8-7c6f1f3ba6a2,,,
,63051050,2025-11-07 12:13:24.180,,175.3,88.9042,,63051050,2025-11-07 12:13:28.642,2025-11-07 12:13:28.642,,,,,,UTC-0500,tzUtVVO31D,,,,com.sec.android.app.shealth,,361bd2c0-9bf0-413c-a402-51ffbe300c57,,,
,63051050,2025-11-08 16:29:40.296,,175.3,88.7227,,63051050,2025-11-08 16:29:43.726,2025-11-08 16:29:43.726,,,,,,UTC-0500,tzUtVVO31D,,,,com.sec.android.app.shealth,,5499553d-8e02-4f0e-911c-8f7add0283f1,,,
,63051050,2025-11-08 21:22:53.228,,175.3,87.3619,,63051050,2025-11-08 21:22:57.563,2025-11-08 21:22:57.563,,,,,,UTC-0500,tzUtVVO31D,,,,com.sec.android.app.shealth,,d44d676b-e05a-4632-aa5e-89144c970198,,,
,63051050,2025-11-09 23:13:24.249,,175.3,87.7248,,63051050,2025-11-09 23:13:28.329,2025-11-09 23:13:28.329,,,,,,UTC-0500,tzUtVVO31D,,,,com.sec.android.app.shealth,,e72dd895-1ebc-4491-afbc-d778d09cf745,,,
,63051050,2025-11-10 13:52:25.312,,175.3,87.8155,,63051050,2025-11-10 13:52:28.846,2025-11-10 13:52:28.846,,,,,,UTC-0500,tzUtVVO31D,,,,com.sec.android.app.shealth,,a87a18bc-9201-46cf-ac40-9b22d28ac0da,,,
,63051050,2025-11-12 11:51:17.628,,175.3,88.5413,,63051050,2025-11-12 11:51:22.259,2025-11-12 11:51:22.259,,,,,,UTC-0500,tzUtVVO31D,,,,com.sec.android.app.shealth,,a7692f92-0405-40b7-b510-81c18c96e43f,,,
,63060070,2025-11-13 11:28:57.858,,175.3,89.0856,,63060070,2025-11-13 11:29:00.882,2025-11-13 11:29:00.882,,,,,,UTC-0500,tzUtVVO31D,,,,com.sec.android.app.shealth,,07a463cc-96f0-4f4d-9f91-1cc04ee05658,,,
,63060070,2025-11-14 12:15:26.337,,175.3,89.6299,,63060070,2025-11-14 12:15:30.014,2025-11-14 12:15:30.014,,,,,,UTC-0500,tzUtVVO31D,,,,com.sec.android.app.shealth,,3a3ce410-0309-4df6-beb2-654fb364a95e,,,
,63060070,2025-11-15 14:30:04.322,,175.3,87.9063,,63060070,2025-11-15 14:30:08.902,2025-11-15 14:30:08.902,,,,,,UTC-0500,tzUtVVO31D,,,,com.sec.android.app.shealth,,58da317e-4b41-48ea-bf3a-c7ad51a279d8,,,
,63060070,2025-11-15 17:48:51.940,,175.3,86.4548,,63060070,2025-11-15 17:48:55.935,2025-11-15 17:48:55.935,,,,,,UTC-0500,tzUtVVO31D,,,,com.sec.android.app.shealth,,80a166e5-953d-4e8b-aca3-0d71e01f4931,,,
,63060070,2025-11-16 18:13:20.343,,175.3,87.4527,,63060070,2025-11-16 18:13:25.021,2025-11-16 18:13:25.021,,,,,,UTC-0500,tzUtVVO31D,,,,com.sec.android.app.shealth,,2131efd2-4dbd-4cb9-bc32-65502c9dfe61,,,
,63060070,2025-11-17 09:24:37.027,,175.3,88.4506,,63060070,2025-11-17 09:24:42.755,2025-11-17 09:24:42.755,,,,,,UTC-0500,tzUtVVO31D,,,,com.sec.android.app.shealth,,401dcad3-a9cf-4869-931e-5582676dbe2a,,,
,63060070,2025-11-18 01:40:34.244,,175.3,87.3619,,63060070,2025-11-18 01:40:39.196,2025-11-18 01:40:39.196,,,,,,UTC-0500,tzUtVVO31D,,,,com.sec.android.app.shealth,,ab52790e-8cc4-4b35-ade7-40b5f43e84e2,,,
,63060070,2025-11-19 11:56:37.952,,175.3,88.0877,,63060070,2025-11-19 11:56:42.553,2025-11-19 11:56:42.553,,,,,,UTC-0500,tzUtVVO31D,,,,com.sec.android.app.shealth,,d150c85c-062c-412e-b27d-6a0a75b83ad2,,,
,63060070,2025-11-20 04:00:58.116,,175.3,87.4527,,63060070,2025-11-20 04:01:05.903,2025-11-20 04:01:05.903,,,,,,UTC-0500,tzUtVVO31D,,,,com.sec.android.app.shealth,,72845659-216b-4d19-a25a-06642a781baf,,,
,63060070,2025-11-20 12:07:33.277,,175.3,87.5434,,63060070,2025-11-20 12:07:38.440,2025-11-20 12:07:38.440,,,,,,UTC-0500,tzUtVVO31D,,,,com.sec.android.app.shealth,,7dfa3cfa-5db7-4d07-88fc-8ea8a322e7f4,,,
,63060070,2025-11-22 16:08:10.258,,175.3,87.5434,,63060070,2025-11-22 16:08:12.360,2025-11-22 16:08:12.360,,,,,,UTC-0500,tzUtVVO31D,,,,com.sec.android.app.shealth,,51ce543f-7c93-480e-8bd8-4946d26a17c0,,,
,63060070,2025-11-23 16:44:37.636,,175.3,87.1805,,63060070,2025-11-23 16:44:42.728,2025-11-23 16:44:42.728,,,,,,UTC-0500,tzUtVVO31D,,,,com.sec.android.app.shealth,,16b145e9-8fb4-4a97-a00b-9bcdb6fb8e89,,,
,63060070,2025-11-24 15:22:55.645,,175.3,87.7248,,63060070,2025-11-24 15:23:00.473,2025-11-24 15:23:00.473,,,,,,UTC-0500,tzUtVVO31D,,,,com.sec.android.app.shealth,,14f513de-6b6d-4d4f-ba9a-69df2bd89ae1,,,
,63060070,2025-11-25 13:57:59.791,,175.3,87.997,,63060070,2025-11-25 13:58:05.609,2025-11-25 13:58:05.609,,,,,,UTC-0500,tzUtVVO31D,,,,com.sec.android.app.shealth,,77e816ef-21b3-44ff-9953-fa9e060bd616,,,
,63060070,2025-11-26 14:26:00.961,,175.3,87.997,,63060070,2025-11-26 14:26:02.737,2025-11-26 14:26:02.737,,,,,,UTC-0500,tzUtVVO31D,,,,com.sec.android.app.shealth,,8305e8d2-b726-4984-855c-c480a08ee684,,,
,63060070,2025-11-26 17:34:49.520,,175.3,87.8155,,63060070,2025-11-26 17:34:53.559,2025-11-26 17:34:53.559,,,,,,UTC-0500,tzUtVVO31D,,,,com.sec.android.app.shealth,,c0b90ecc-d12e-4dd5-a70b-92b740c6ebe2,,,
,63060070,2025-11-27 18:16:27.794,,175.3,87.1805,,63060070,2025-11-27 18:16:31.582,2025-11-27 18:16:31.582,,,,,,UTC-0500,tzUtVVO31D,,,,com.sec.android.app.shealth,,51910ebe-9982-4617-9be1-9a5eddbd1b29,,,
,63060070,2025-11-28 17:30:21.167,,175.3,87.4527,,63060070,2025-11-28 17:30:25.205,2025-11-28 17:30:25.205,,,,,,UTC-0500,tzUtVVO31D,,,,com.sec.android.app.shealth,,9bff6a87-271f-4183-998a-280def743859,,,
,63060070,2025-11-29 17:32:31.338,,175.3,87.9063,,63060070,2025-11-29 17:32:33.678,2025-11-29 17:32:33.678,,,,,,UTC-0500,tzUtVVO31D,,,,com.sec.android.app.shealth,,c987e787-2bb3-44d6-8ac5-e333da9c7130,,,
,63060070,2025-11-30 17:06:43.291,,175.3,87.4527,,63060070,2025-11-30 17:06:45.544,2025-11-30 17:06:45.544,,,,,,UTC-0500,tzUtVVO31D,,,,com.sec.android.app.shealth,,29bd4254-83b2-4717-841e-62863b2a0d0f,,,
,63060070,2025-11-30 22:54:57.238,,175.3,87.1805,,63060070,2025-11-30 22:55:02.736,2025-11-30 22:55:02.736,,,,,,UTC-0500,tzUtVVO31D,,,,com.sec.android.app.shealth,,3aaaaacd-79e6-4735-b245-24509866235f,,,
,63060070,2025-12-01 15:17:01.580,,175.3,87.4527,,63060070,2025-12-01 15:17:06.086,2025-12-01 15:17:06.086,,,,,,UTC-0500,tzUtVVO31D,,,,com.sec.android.app.shealth,,b558993f-237c-4630-9543-6d3529c17a84,,,
,63060070,2025-12-01 17:50:56.402,,175.3,86.9991,,63060070,2025-12-01 17:50:58.550,2025-12-01 17:50:58.550,,,,,,UTC-0500,tzUtVVO31D,,,,com.sec.android.app.shealth,,cc6981f0-20a4-479d-b389-5e83789264d6,,,
,63060070,2025-12-01 18:23:22.826,,175.3,86.9083,,63060070,2025-12-01 18:23:25.499,2025-12-01 18:23:25.499,,,,,,UTC-0500,tzUtVVO31D,,,,com.sec.android.app.shealth,,13addcb5-b454-4ced-8bff-302873f418cf,,,
,63060070,2025-12-02 08:44:25.037,,175.3,87.1805,,63060070,2025-12-02 08:44:29.542,2025-12-02 08:44:29.542,,,,,,UTC-0500,tzUtVVO31D,,,,com.sec.android.app.shealth,,82da2813-567d-40a4-bff3-b6e6d6f66d48,,,
,63060070,2025-12-03 12:10:28.579,,175.3,86.7269,,63060070,2025-12-03 12:10:41.173,2025-12-03 12:10:41.173,,,,,,UTC-0500,tzUtVVO31D,,,,com.sec.android.app.shealth,,439100d3-f499-4be6-9cbe-158ac88d7af1,,,
,63060070,2025-12-04 12:09:55.100,,175.3,87.3619,,63060070,2025-12-04 12:09:59.068,2025-12-04 12:09:59.068,,,,,,UTC-0500,tzUtVVO31D,,,,com.sec.android.app.shealth,,eb165ed1-216f-41b7-bda6-3305b7a224e7,,,
,63060070,2025-12-05 02:40:34.384,,175.3,86.9083,,63060070,2025-12-05 02:40:37.815,2025-12-05 02:40:37.815,,,,,,UTC-0500,tzUtVVO31D,,,,com.sec.android.app.shealth,,76e42169-85bf-4257-a6b9-21942484427d,,,
,63060070,2025-12-05 12:21:08.913,,175.3,87.3619,,63060070,2025-12-05 12:21:11.580,2025-12-05 12:21:11.580,,,,,,UTC-0500,tzUtVVO31D,,,,com.sec.android.app.shealth,,5d6dd133-6b90-435b-812c-97bb3ccf2bdb,,,
,63060070,2025-12-06 17:12:39.867,,175.3,87.7248,,63060070,2025-12-06 17:12:42.850,2025-12-06 17:12:42.850,,,,,,UTC-0500,tzUtVVO31D,,,,com.sec.android.app.shealth,,fe807d6a-95f9-477d-8366-0728281301b6,,,
,63060070,2025-12-07 18:40:53.139,,175.3,87.8155,,63060070,2025-12-07 18:40:55.940,2025-12-07 18:40:55.940,,,,,,UTC-0500,tzUtVVO31D,,,,com.sec.android.app.shealth,,a3920030-c3de-464a-975c-9ff0392040a4,,,
,63060070,2025-12-08 09:36:02.678,,175.3,88.632,,63060070,2025-12-08 09:36:06.712,2025-12-08 09:36:06.712,,,,,,UTC-0500,tzUtVVO31D,,,,com.sec.android.app.shealth,,aafb49c1-4f3e-4088-8664-d33edc288920,,,
,63060070,2025-12-09 12:01:57.975,,175.3,87.7248,,63060070,2025-12-09 12:02:01.134,2025-12-09 12:02:01.134,,,,,,UTC-0500,tzUtVVO31D,,,,com.sec.android.app.shealth,,29064752-dfaa-4c80-b462-a1b00e17c453,,,
,63060070,2025-12-10 11:49:51.729,,175.3,87.2712,,63060070,2025-12-10 11:49:54.438,2025-12-10 11:49:54.438,,,,,,UTC-0500,tzUtVVO31D,,,,com.sec.android.app.shealth,,887f12a5-97dc-443e-8517-a85a2228a09c,,,
,63060070,2025-12-11 12:26:11.495,,175.3,87.3619,,63060070,2025-12-11 12:26:14.203,2025-12-11 12:26:14.203,,,,,,UTC-0500,tzUtVVO31D,,,,com.sec.android.app.shealth,,3c56a005-92e8-44c9-9090-1af43218ee91,,,
,63070030,2025-12-12 11:55:38.084,,175.3,87.7248,,63070030,2025-12-12 11:55:41.577,2025-12-12 11:55:41.577,,,,,,UTC-0500,tzUtVVO31D,,,,com.sec.android.app.shealth,,5e9bcf76-2785-4682-b81e-0c5d332da110,,,
,63070030,2025-12-13 16:04:41.076,,175.3,87.7248,,63070030,2025-12-13 16:04:43.360,2025-12-13 16:04:43.360,,,,,,UTC-0500,tzUtVVO31D,,,,com.sec.android.app.shealth,,a4482e34-9c01-462b-860b-f85ac284fe4b,,,
,63070030,2025-12-13 18:05:56.930,,175.3,87.1805,,63070030,2025-12-13 18:06:01.211,2025-12-13 18:06:01.211,,,,,,UTC-0500,tzUtVVO31D,,,,com.sec.android.app.shealth,,4d549fe7-bf1e-4833-9e1a-461dd6fa103e,,,
,63070030,2025-12-14 18:44:28.227,,175.3,87.7248,,63070030,2025-12-14 18:44:31.590,2025-12-14 18:44:31.590,,,,,,UTC-0500,tzUtVVO31D,,,,com.sec.android.app.shealth,,0ec84cfa-e9de-4563-8c17-77211a019295,,,
,63070030,2025-12-15 09:00:27.443,,175.3,88.0877,,63070030,2025-12-15 09:00:32.081,2025-12-15 09:00:32.081,,,,,,UTC-0500,tzUtVVO31D,,,,com.sec.android.app.shealth,,e3c2e327-2571-4906-9226-95a2db28aa49,,,
,63070030,2025-12-16 03:05:57.840,,175.3,86.9083,,63070030,2025-12-16 03:06:02.877,2025-12-16 03:06:02.877,,,,,,UTC-0500,tzUtVVO31D,,,,com.sec.android.app.shealth,,080baa9e-1865-4dab-b6c0-da40da07e8a1,,,
,63070030,2025-12-16 11:41:59.804,,175.3,87.6341,,63070030,2025-12-16 11:42:03.938,2025-12-16 11:42:03.938,,,,,,UTC-0500,tzUtVVO31D,,,,com.sec.android.app.shealth,,d703fa52-cb5b-46a6-a575-604e73586810,,,
,63070030,2025-12-17 13:38:44.688,,175.3,87.1805,,63070030,2025-12-17 13:38:46.581,2025-12-17 13:38:46.581,,,,,,UTC-0500,tzUtVVO31D,,,,com.sec.android.app.shealth,,745eb660-91c8-4fe4-a6b9-d075f6b5f568,,,
,63070030,2025-12-17 20:25:38.328,,175.3,86.4548,,63070030,2025-12-17 20:25:44.731,2025-12-17 20:25:44.731,,,,,,UTC-0500,tzUtVVO31D,,,,com.sec.android.app.shealth,,73615ab1-1d34-4c49-a4d1-bc35b36f630c,,,
,63070030,2025-12-18 12:11:36.254,,175.3,86.6362,,63070030,2025-12-18 12:11:40.766,2025-12-18 12:11:40.766,,,,,,UTC-0500,tzUtVVO31D,,,,com.sec.android.app.shealth,,0ed38498-b893-484e-8353-2bc36adabcf7,,,
,63070030,2025-12-19 12:13:02.601,,175.3,87.2712,,63070030,2025-12-19 12:13:06.994,2025-12-19 12:13:06.994,,,,,,UTC-0500,tzUtVVO31D,,,,com.sec.android.app.shealth,,15a99d8a-6a2f-4947-a586-36272cb2dc33,,,
,63070030,2025-12-20 17:36:21.885,,175.3,86.7269,,63070030,2025-12-20 17:36:25.161,2025-12-20 17:36:25.161,,,,,,UTC-0500,tzUtVVO31D,,,,com.sec.android.app.shealth,,33448848-db06-4f8b-98d6-41faef043bc2,,,
,63070030,2025-12-21 16:33:14.919,,175.3,87.3619,,63070030,2025-12-21 16:33:18.478,2025-12-21 16:33:18.478,,,,,,UTC-0500,tzUtVVO31D,,,,com.sec.android.app.shealth,,05c4ac55-db8b-4424-be7a-8a25f777a542,,,
,63070030,2025-12-22 09:57:16.237,,175.3,86.9083,,63070030,2025-12-22 09:57:18.930,2025-12-22 09:57:18.930,,,,,,UTC-0500,tzUtVVO31D,,,,com.sec.android.app.shealth,,25990a16-6b1c-43a7-8e71-8c3a2d73cee5,,,
,63070030,2025-12-23 19:25:48.847,,175.3,87.2712,,63070030,2025-12-23 19:25:53.929,2025-12-23 19:25:53.929,,,,,,UTC-0500,tzUtVVO31D,,,,com.sec.android.app.shealth,,7df85a63-8670-4051-8741-bc3abcccf294,,,
,63070030,2025-12-25 15:29:03.657,,175.3,87.2712,,63070030,2025-12-25 15:29:05.120,2025-12-25 15:29:05.120,,,,,,UTC-0500,tzUtVVO31D,,,,com.sec.android.app.shealth,,2b596fe2-2e83-465b-80ca-cb872285aae4,,,
,63070030,2025-12-25 20:05:36.629,,175.3,86.9991,,63070030,2025-12-25 20:05:42.164,2025-12-25 20:05:42.164,,,,,,UTC-0500,tzUtVVO31D,,,,com.sec.android.app.shealth,,e23158fc-4ec6-463a-968d-4869e5ba544b,,,
,63070030,2025-12-26 12:34:10.194,,175.3,86.9083,,63070030,2025-12-26 12:34:13.027,2025-12-26 12:34:13.027,,,,,,UTC-0500,tzUtVVO31D,,,,com.sec.android.app.shealth,,042472a8-209f-4c19-b464-0d5f241495aa,,,
,63070030,2025-12-26 15:51:10.135,,175.3,86.8176,,63070030,2025-12-26 15:51:13.049,2025-12-26 15:51:13.049,,,,,,UTC-0500,tzUtVVO31D,,,,com.sec.android.app.shealth,,2d7ab361-59e1-4f04-a073-c3991a55516b,,,
,63070030,2025-12-27 13:47:22.843,,175.3,87.0898,,63070030,2025-12-27 13:47:27.220,2025-12-27 13:47:27.220,,,,,,UTC-0500,tzUtVVO31D,,,,com.sec.android.app.shealth,,18393dc5-0d96-4d40-a749-c82d50c2bf6e,,,
,63070030,2025-12-28 16:07:07.342,,175.3,87.0898,,63070030,2025-12-28 16:07:09.111,2025-12-28 16:07:09.111,,,,,,UTC-0500,tzUtVVO31D,,,,com.sec.android.app.shealth,,7be4e463-7949-45f8-8218-cb9f0295bb52,,,
,63070030,2025-12-29 15:51:05.306,,175.3,86.9991,,63070030,2025-12-29 15:51:09.021,2025-12-29 15:51:09.021,,,,,,UTC-0500,tzUtVVO31D,,,,com.sec.android.app.shealth,,166fde13-7c0a-43bb-acbe-f554e1892e58,,,
,63070030,2025-12-30 19:35:13.550,,175.3,86.6362,,63070030,2025-12-30 19:35:18.158,2025-12-30 19:35:18.158,,,,,,UTC-0500,tzUtVVO31D,,,,com.sec.android.app.shealth,,441d7f0f-d508-4856-b317-c5e47310e9a5,,,
,63070030,2025-12-31 01:08:20.968,,175.3,86.2733,,63070030,2025-12-31 01:08:25.745,2025-12-31 01:08:25.745,,,,,,UTC-0500,tzUtVVO31D,,,,com.sec.android.app.shealth,,f70cc045-0fa5-4742-a9da-44a7ac4d093b,,,
,63070030,2026-01-01 20:10:07.628,,175.3,86.9991,,63070030,2026-01-01 20:10:12.720,2026-01-01 20:10:12.720,,,,,,UTC-0500,tzUtVVO31D,,,,com.sec.android.app.shealth,,6e07f660-df62-4f26-b96d-50f730803d8e,,,
,63070030,2026-01-02 18:20:22.792,,175.3,87.6341,,63070030,2026-01-02 18:20:28.080,2026-01-02 18:20:28.080,,,,,,UTC-0500,tzUtVVO31D,,,,com.sec.android.app.shealth,,dd74bdb1-08ae-49f4-a580-6314ea8b3d57,,,
,63070030,2026-01-03 17:33:06.699,,175.3,87.9063,,63070030,2026-01-03 17:33:11.596,2026-01-03 17:33:11.596,,,,,,UTC-0500,tzUtVVO31D,,,,com.sec.android.app.shealth,,6ce75ad2-6b9a-4548-b6bd-9750e5026d6d,,,
,63070030,2026-01-05 14:23:30.581,,175.3,87.6341,,63070030,2026-01-05 14:23:34.964,2026-01-05 14:23:34.964,,,,,,UTC-0500,tzUtVVO31D,,,,com.sec.android.app.shealth,,44563214-e22a-46ff-adfd-ed63b972c79a,,,
,63070030,2026-01-04 14:23:00.000,,175.3,87.9063,,63070030,2026-01-05 14:24:01.055,2026-01-05 14:24:01.055,,,,,,UTC-0500,tzUtVVO31D,,,,com.sec.android.app.shealth,,568f759e-338f-4d56-b05f-99696b9bca0d,,,
,63070030,2026-01-07 12:12:44.758,,175.3,87.7248,,63070030,2026-01-07 12:12:51.010,2026-01-07 12:12:51.010,,,,,,UTC-0500,tzUtVVO31D,,,,com.sec.android.app.shealth,,9cfd10d5-27f0-4741-82f9-b648f6745c98,,,
,63070030,2026-01-07 12:25:09.632,,175.3,87.3619,,63070030,2026-01-07 12:25:13.392,2026-01-07 12:25:13.392,,,,,,UTC-0500,tzUtVVO31D,,,,com.sec.android.app.shealth,,128c8216-3ffe-4dec-a653-e5cef4071161,,,
,63070030,2026-01-08 12:27:05.309,,175.3,86.9083,,63070030,2026-01-08 12:27:08.976,2026-01-08 12:27:08.976,,,,,,UTC-0500,tzUtVVO31D,,,,com.sec.android.app.shealth,,101246b1-46d0-43c9-a4b1-a419606fefe4,,,
,63070030,2026-01-09 02:43:32.266,,175.3,86.1826,,63070030,2026-01-09 02:43:36.779,2026-01-09 02:43:36.779,,,,,,UTC-0500,tzUtVVO31D,,,,com.sec.android.app.shealth,,a9d65e6c-ac16-4f52-b9b9-c3b8a55fa4c3,,,
,63070030,2026-01-09 12:40:15.467,,175.3,86.1826,,63070030,2026-01-09 12:40:17.081,2026-01-09 12:40:17.081,,,,,,UTC-0500,tzUtVVO31D,,,,com.sec.android.app.shealth,,f520442c-ed32-4781-9be9-c4527e6fe6d4,,,
,63070030,2026-01-10 15:20:35.884,,175.3,85.2754,,63070030,2026-01-10 15:20:38.987,2026-01-10 15:20:38.987,,,,,,UTC-0500,tzUtVVO31D,,,,com.sec.android.app.shealth,,6aa59f85-9331-4077-b7ff-dbd61c65fd77,,,
,63070030,2026-01-10 20:18:45.764,,175.3,84.9125,,63070030,2026-01-10 20:18:49.824,2026-01-10 20:18:49.824,,,,,,UTC-0500,tzUtVVO31D,,,,com.sec.android.app.shealth,,5f86bbe7-f431-47de-afa2-b1f227fddcb4,,,
,63070030,2026-01-11 05:48:18.943,,175.3,85.729,,63070030,2026-01-11 05:48:23.529,2026-01-11 05:48:23.529,,,,,,UTC-0500,tzUtVVO31D,,,,com.sec.android.app.shealth,,51facf33-029a-4dee-a1e7-a44c0ec6b8c4,,,
,63070030,2026-01-11 16:10:05.555,,175.3,84.9125,,63070030,2026-01-11 16:10:10.588,2026-01-11 16:10:10.588,,,,,,UTC-0500,tzUtVVO31D,,,,com.sec.android.app.shealth,,e174fbad-0f30-4585-a680-a2bc886eddd1,,,
,63070030,2026-01-11 19:34:55.284,,175.3,83.8239,,63070030,2026-01-11 19:35:00.487,2026-01-11 19:35:00.487,,,,,,UTC-0500,tzUtVVO31D,,,,com.sec.android.app.shealth,,563b6c8f-fc03-4834-bc21-31c09324fb92,,,
,63070030,2026-01-12 10:05:11.693,,175.3,84.9125,,63070030,2026-01-12 10:05:17.051,2026-01-12 10:05:17.051,,,,,,UTC-0500,tzUtVVO31D,,,,com.sec.android.app.shealth,,bfbabeae-2c70-4bff-bfc8-2469a2d3df8e,,,
,63070030,2026-01-13 12:10:26.229,,175.3,85.0033,,63070030,2026-01-13 12:10:29.126,2026-01-13 12:10:29.126,,,,,,UTC-0500,tzUtVVO31D,,,,com.sec.android.app.shealth,,a742def3-824a-4d79-af3c-591546d53c52,,,
,63070030,2026-01-14 03:07:20.247,,175.3,84.1868,,63070030,2026-01-14 03:07:24.704,2026-01-14 03:07:24.704,,,,,,UTC-0500,tzUtVVO31D,,,,com.sec.android.app.shealth,,ba4eae54-b537-4c7f-a5b5-89bf82961a44,,,
,63070030,2026-01-14 12:26:01.070,,175.3,84.6404,,63070030,2026-01-14 12:26:03.814,2026-01-14 12:26:03.814,,,,,,UTC-0500,tzUtVVO31D,,,,com.sec.android.app.shealth,,c66f42a7-1bed-49b1-a110-742ab52d4c2d,,,
,63070030,2026-01-15 12:17:55.608,,175.3,84.6404,,63070030,2026-01-15 12:17:58.110,2026-01-15 12:17:58.110,,,,,,UTC-0500,tzUtVVO31D,,,,com.sec.android.app.shealth,,bd94eb00-afee-4d0a-b45e-569237b4634b,,,
,63070030,2026-01-16 12:03:41.725,,175.3,85.1847,,63070030,2026-01-16 12:03:45.073,2026-01-16 12:03:45.073,,,,,,UTC-0500,tzUtVVO31D,,,,com.sec.android.app.shealth,,910aa7c2-4323-496e-97c4-5de6625e299a,,,
,63070030,2026-01-17 19:22:21.447,,175.3,84.3682,,63070030,2026-01-17 19:22:26.768,2026-01-17 19:22:26.768,,,,,,UTC-0500,tzUtVVO31D,,,,com.sec.android.app.shealth,,1c480275-9c4e-4f9b-a0b6-8808bd8b4bff,,,
,63070030,2026-01-18 11:10:16.935,,175.3,85.8197,,63070030,2026-01-18 11:10:21.785,2026-01-18 11:10:21.785,,,,,,UTC-0500,tzUtVVO31D,,,,com.sec.android.app.shealth,,a5c0692c-b778-45f6-baa1-47e3b25ed5d8,,,
,63070030,2026-01-18 17:47:41.058,,175.3,85.0033,,63070030,2026-01-18 17:47:45.532,2026-01-18 17:47:45.532,,,,,,UTC-0500,tzUtVVO31D,,,,com.sec.android.app.shealth,,225ddd96-a957-40ca-97fc-b1c221f6356b,,,
,63070030,2026-01-19 12:01:43.116,,175.3,85.5476,,63070030,2026-01-19 12:01:46.738,2026-01-19 12:01:46.738,,,,,,UTC-0500,tzUtVVO31D,,,,com.sec.android.app.shealth,,61f984a3-e152-4e69-a684-a543ff015241,,,
,63070030,2026-01-20 12:21:44.462,,175.3,85.0033,,63070030,2026-01-20 12:21:48.020,2026-01-20 12:21:48.020,,,,,,UTC-0500,tzUtVVO31D,,,,com.sec.android.app.shealth,,ba470032-22bf-446b-9306-f565b2755a47,,,
,63070030,2026-01-21 12:43:32.585,,175.3,83.8239,,63070030,2026-01-21 12:43:39.021,2026-01-21 12:43:39.021,,,,,,UTC-0500,tzUtVVO31D,,,,com.sec.android.app.shealth,,9b02a001-b6e2-459b-ae15-7eec7ab9b219,,,
,63070030,2026-01-22 12:12:41.439,,175.3,84.4589,,63070030,2026-01-22 12:12:47.346,2026-01-22 12:12:47.346,,,,,,UTC-0500,tzUtVVO31D,,,,com.sec.android.app.shealth,,7d5ec401-96c6-408e-b535-3c3c53f9c402,,,
,63070030,2026-01-23 12:57:56.501,,175.3,83.9146,,63070030,2026-01-23 12:57:59.866,2026-01-23 12:57:59.866,,,,,,UTC-0500,tzUtVVO31D,,,,com.sec.android.app.shealth,,ed84bb5f-7d5e-42b1-ab51-c73fba16a653,,,
,63070030,2026-01-24 16:16:36.864,,175.3,84.0961,,63070030,2026-01-24 16:16:40.988,2026-01-24 16:16:40.988,,,,,,UTC-0500,tzUtVVO31D,,,,com.sec.android.app.shealth,,e7f06314-38b2-4544-bf12-8cfd2a03105b,,,
,63070030,2026-01-25 19:03:10.237,,175.3,84.9125,,63070030,2026-01-25 19:03:14.347,2026-01-25 19:03:14.347,,,,,,UTC-0500,tzUtVVO31D,,,,com.sec.android.app.shealth,,fe13279b-815e-4376-b18b-df0efa056077,,,
,63070030,2026-01-26 13:21:04.675,,175.3,84.4589,,63070030,2026-01-26 13:21:07.020,2026-01-26 13:21:07.020,,,,,,UTC-0500,tzUtVVO31D,,,,com.sec.android.app.shealth,,70e2d956-df8a-4d3e-8d6d-a9d487a88062,,,
,63070030,2026-01-27 12:17:12.585,,175.3,85.3661,,63070030,2026-01-27 12:17:15.108,2026-01-27 12:17:15.108,,,,,,UTC-0500,tzUtVVO31D,,,,com.sec.android.app.shealth,,54ed09c3-9449-41c0-a4db-8201e5c2bbff,,,
,63070030,2026-01-28 02:29:31.471,,175.3,84.6404,,63070030,2026-01-28 02:29:36.460,2026-01-28 02:29:36.460,,,,,,UTC-0500,tzUtVVO31D,,,,com.sec.android.app.shealth,,a0855bf2-98b1-43a1-a10a-07baa43df78d,,,
,63070030,2026-01-28 12:25:24.128,,175.3,84.5497,,63070030,2026-01-28 12:25:28.977,2026-01-28 12:25:28.977,,,,,,UTC-0500,tzUtVVO31D,,,,com.sec.android.app.shealth,,53fa2b19-de93-4643-bdfa-b2cba1dbe364,,,
,63070030,2026-01-29 02:47:02.640,,175.3,84.3682,,63070030,2026-01-29 02:47:05.681,2026-01-29 02:47:05.681,,,,,,UTC-0500,tzUtVVO31D,,,,com.sec.android.app.shealth,,c783cd97-c392-4f78-8738-5c86706ab09b,,,
,63070030,2026-01-29 12:20:24.822,,175.3,84.5497,,63070030,2026-01-29 12:20:29.164,2026-01-29 12:20:29.164,,,,,,UTC-0500,tzUtVVO31D,,,,com.sec.android.app.shealth,,4e173290-556f-418b-8340-65b890195271,,,
,63070030,2026-01-30 12:27:59.538,,175.3,85.6383,,63070030,2026-01-30 12:28:04.802,2026-01-30 12:28:04.802,,,,,,UTC-0500,tzUtVVO31D,,,,com.sec.android.app.shealth,,f3309b35-f198-44c3-9d84-3df0a051a9b6,,,
,63070030,2026-01-31 05:10:29.666,,175.3,86.7269,,63070030,2026-01-31 05:10:36.731,2026-01-31 05:10:36.731,,,,,,UTC-0500,tzUtVVO31D,,,,com.sec.android.app.shealth,,47f86ce7-7106-4178-9c20-eee477dd9edd,,,
,63070030,2026-01-31 17:38:02.649,,175.3,85.4568,,63070030,2026-01-31 17:38:07.964,2026-01-31 17:38:07.964,,,,,,UTC-0500,tzUtVVO31D,,,,com.sec.android.app.shealth,,79a9322c-e6b4-46ff-8b3b-e12768f46a90,,,
,63070030,2026-01-31 20:47:40.753,,175.3,85.0033,,63070030,2026-01-31 20:47:42.954,2026-01-31 20:47:42.954,,,,,,UTC-0500,tzUtVVO31D,,,,com.sec.android.app.shealth,,6fe1bf78-6067-456f-a7fb-c8e2fd466363,,,
,63070030,2026-02-01 15:41:29.454,,175.3,85.5476,,63070030,2026-02-01 15:41:32.971,2026-02-01 15:41:32.971,,,,,,UTC-0500,tzUtVVO31D,,,,com.sec.android.app.shealth,,889f8f49-49f1-4e2f-a10d-66b6a6032613,,,
,63070030,2026-02-02 15:03:35.585,,175.3,84.9125,,63070030,2026-02-02 15:03:39.572,2026-02-02 15:03:39.572,,,,,,UTC-0500,tzUtVVO31D,,,,com.sec.android.app.shealth,,11c28997-7563-4fb1-9b35-43d81ace21cb,,,
,63070030,2026-02-03 12:26:33.429,,175.3,85.5476,,63070030,2026-02-03 12:26:39.644,2026-02-03 12:26:39.644,,,,,,UTC-0500,tzUtVVO31D,,,,com.sec.android.app.shealth,,b1bbae49-4c89-49b1-a571-d7ee17aa051a,,,
,63070030,2026-02-04 01:27:48.490,,175.3,85.094,,63070030,2026-02-04 01:27:51.256,2026-02-04 01:27:51.256,,,,,,UTC-0500,tzUtVVO31D,,,,com.sec.android.app.shealth,,6366f025-75d1-4284-955e-66d4794327c4,,,
,63070030,2026-02-04 12:04:49.969,,175.3,84.4589,,63070030,2026-02-04 12:04:53.976,2026-02-04 12:04:53.976,,,,,,UTC-0500,tzUtVVO31D,,,,com.sec.android.app.shealth,,8b88b811-5f19-472f-a16a-eab75f3836f5,,,
,63070030,2026-02-05 12:31:08.802,,175.3,85.2754,,63070030,2026-02-05 12:31:12.929,2026-02-05 12:31:12.929,,,,,,UTC-0500,tzUtVVO31D,,,,com.sec.android.app.shealth,,880ff87f-5ae8-468b-b04f-7be608fdfc2f,,,
,63070030,2026-02-06 12:31:17.466,,175.3,86.0919,,63070030,2026-02-06 12:31:21.338,2026-02-06 12:31:21.338,,,,,,UTC-0500,tzUtVVO31D,,,,com.sec.android.app.shealth,,8cd32633-1d14-46d8-9a65-881866fa0b01,,,
,63070030,2026-02-07 15:52:47.766,,175.3,86.0919,,63070030,2026-02-07 15:52:49.994,2026-02-07 15:52:49.994,,,,,,UTC-0500,tzUtVVO31D,,,,com.sec.android.app.shealth,,abc826a5-7c07-45ae-982e-c40eab7de11b,,,
,63070030,2026-02-08 19:39:29.009,,175.3,85.729,,63070030,2026-02-08 19:39:32.547,2026-02-08 19:39:32.547,,,,,,UTC-0500,tzUtVVO31D,,,,com.sec.android.app.shealth,,58b89fc7-fe02-4506-aa8e-06d68a03b2d5,,,
,63070030,2026-02-09 12:43:15.916,,175.3,85.4568,,63070030,2026-02-09 12:43:20.416,2026-02-09 12:43:20.416,,,,,,UTC-0500,tzUtVVO31D,,,,com.sec.android.app.shealth,,10b8e4c2-b22a-401f-8c8d-f2bbadbb9f1b,,,
,63070030,2026-02-10 12:25:10.412,,175.3,85.0033,,63070030,2026-02-10 12:25:12.890,2026-02-10 12:25:12.890,,,,,,UTC-0500,tzUtVVO31D,,,,com.sec.android.app.shealth,,b8492c90-0539-4b46-b6b8-3737d0d10d16,,,
,63070030,2026-02-11 12:39:42.411,,175.3,85.729,,63070030,2026-02-11 12:39:46.761,2026-02-11 12:39:46.761,,,,,,UTC-0500,tzUtVVO31D,,,,com.sec.android.app.shealth,,e866b3d2-dcc1-4dd8-adb1-af8fc67853de,,,
,63070030,2026-02-12 12:18:57.259,,175.3,86.0919,,63070030,2026-02-12 12:19:00.576,2026-02-12 12:19:00.576,,,,,,UTC-0500,tzUtVVO31D,,,,com.sec.android.app.shealth,,6319fc74-6fde-4074-844f-000c239693cf,,,
,63070030,2026-02-13 12:13:35.356,,175.3,85.1847,,63070030,2026-02-13 12:13:38.994,2026-02-13 12:13:38.994,,,,,,UTC-0500,tzUtVVO31D,,,,com.sec.android.app.shealth,,a9632c72-d1e2-46c7-a81c-033d0ccdb526,,,
,63070030,2026-02-14 15:57:45.026,,175.3,85.2754,,63070030,2026-02-14 15:57:49.456,2026-02-14 15:57:49.456,,,,,,UTC-0500,tzUtVVO31D,,,,com.sec.android.app.shealth,,e4143fd0-6653-42dd-8f27-20deb27b8875,,,
,63070030,2026-02-15 14:27:36.865,,175.3,85.5476,,63070030,2026-02-15 14:27:39.844,2026-02-15 14:27:39.844,,,,,,UTC-0500,tzUtVVO31D,,,,com.sec.android.app.shealth,,552dac83-74ce-406e-8c8d-ff5d80b075ca,,,
,63070030,2026-02-16 22:18:34.120,,175.3,84.5497,,63070030,2026-02-16 22:18:39.916,2026-02-16 22:18:39.916,,,,,,UTC-0500,tzUtVVO31D,,,,com.sec.android.app.shealth,,d87c34ca-8bb0-4a45-a04c-c226b1770304,,,
,63070030,2026-02-16 17:00:00.000,,175.3,86.228,,63070030,2026-02-16 22:19:06.010,2026-02-16 22:19:06.010,,,,,,UTC-0500,tzUtVVO31D,,,,com.sec.android.app.shealth,,957cb17f-bc76-4589-b5e2-478915991ad9,,,
,63070030,2026-02-17 11:16:27.480,,175.3,85.9104,,63070030,2026-02-17 11:16:31.019,2026-02-17 11:16:31.019,,,,,,UTC-0500,tzUtVVO31D,,,,com.sec.android.app.shealth,,7863ddb8-0f22-4ceb-a4b6-9e2c65e71883,,,
,63070030,2026-02-18 12:23:23.778,,175.3,85.1847,,63070030,2026-02-18 12:23:29.221,2026-02-18 12:23:29.221,,,,,,UTC-0500,tzUtVVO31D,,,,com.sec.android.app.shealth,,0ba6130b-7e22-4eef-9834-6b796dd7dbf1,,,
,63070030,2026-02-19 12:22:12.104,,175.3,85.4568,,63070030,2026-02-19 12:22:16.217,2026-02-19 12:22:16.217,,,,,,UTC-0500,tzUtVVO31D,,,,com.sec.android.app.shealth,,8b329ad1-90a2-41cd-a4b0-2f8f2808c3d6,,,
,63070030,2026-02-20 12:07:42.029,,175.3,86.0012,,63070030,2026-02-20 12:07:45.814,2026-02-20 12:07:45.814,,,,,,UTC-0500,tzUtVVO31D,,,,com.sec.android.app.shealth,,7ef92374-926f-4e37-b554-ec0513d827b8,,,
,63070030,2026-02-21 16:33:26.556,,175.3,86.4548,,63070030,2026-02-21 16:33:29.155,2026-02-21 16:33:29.155,,,,,,UTC-0500,tzUtVVO31D,,,,com.sec.android.app.shealth,,498dbb17-fc11-46de-81ce-12eccd426902,,,
,63070030,2026-02-22 21:27:33.180,,175.3,85.9104,,63070030,2026-02-22 21:27:36.558,2026-02-22 21:27:36.558,,,,,,UTC-0500,tzUtVVO31D,,,,com.sec.android.app.shealth,,52fa5a7b-8f7b-41b7-a1c5-e552cb7b52c7,,,
,63070030,2026-02-23 16:01:10.798,,175.3,86.0919,,63070030,2026-02-23 16:01:14.023,2026-02-23 16:01:14.023,,,,,,UTC-0500,tzUtVVO31D,,,,com.sec.android.app.shealth,,e48ad640-e26e-45da-82fb-2c2e43a2161b,,,
,63070030,2026-02-24 13:18:03.562,,175.3,85.9104,,63070030,2026-02-24 13:18:06.350,2026-02-24 13:18:06.350,,,,,,UTC-0500,tzUtVVO31D,,,,com.sec.android.app.shealth,,f7fd9f3e-08e0-4e0f-af7b-506704263ed7,,,
,63070030,2026-02-25 11:55:28.544,,175.3,85.1847,,63070030,2026-02-25 11:55:34.164,2026-02-25 11:55:34.164,,,,,,UTC-0500,tzUtVVO31D,,,,com.sec.android.app.shealth,,4dc2ffa8-c7ad-4bae-8258-6669ccfe901d,,,
,63070030,2026-02-26 12:43:12.083,,175.3,85.4568,,63070030,2026-02-26 12:43:15.430,2026-02-26 12:43:15.430,,,,,,UTC-0500,tzUtVVO31D,,,,com.sec.android.app.shealth,,af13e429-4e89-403b-b665-d33e0eb71966,,,
,63070030,2026-02-27 02:34:08.297,,175.3,85.1847,,63070030,2026-02-27 02:34:14.584,2026-02-27 02:34:14.584,,,,,,UTC-0500,tzUtVVO31D,,,,com.sec.android.app.shealth,,f2d64f6f-22a4-4c69-a1a7-6a4c6c43351a,,,
,63070030,2026-02-27 12:32:53.918,,175.3,85.1847,,63070030,2026-02-27 12:32:55.823,2026-02-27 12:32:55.823,,,,,,UTC-0500,tzUtVVO31D,,,,com.sec.android.app.shealth,,15da01e0-07e2-49b1-ac96-e31f96947db1,,,
,63070030,2026-02-28 16:25:51.252,,175.3,85.0033,,63070030,2026-02-28 16:25:54.902,2026-02-28 16:25:54.902,,,,,,UTC-0500,tzUtVVO31D,,,,com.sec.android.app.shealth,,44656bb2-ddc1-4402-9857-807664356c3f,,,
,63070030,2026-03-01 16:16:22.454,,175.3,86.0919,,63070030,2026-03-01 16:16:27.194,2026-03-01 16:16:27.194,,,,,,UTC-0500,tzUtVVO31D,,,,com.sec.android.app.shealth,,e2190979-ada7-495c-9aa4-6b8e61e071af,,,
,63110130,2026-03-08 20:00:56.224,,175.3,86.0012,,63110130,2026-03-08 20:00:58.586,2026-03-08 20:00:58.586,,,,,,UTC-0400,tzUtVVO31D,,,,com.sec.android.app.shealth,,fd64a612-f19e-4e98-88d6-ba196c2b9709,,,
,63110130,2026-03-09 11:28:07.181,,175.3,86.1826,,63110130,2026-03-09 11:28:11.816,2026-03-09 11:28:11.816,,,,,,UTC-0400,tzUtVVO31D,,,,com.sec.android.app.shealth,,bc243e56-63b9-4a9b-a946-5e229e0976a4,,,
,63110130,2026-03-10 02:41:00.871,,175.3,85.6383,,63110130,2026-03-10 02:41:05.415,2026-03-10 02:41:05.415,,,,,,UTC-0400,tzUtVVO31D,,,,com.sec.android.app.shealth,,94b99d31-6b51-4691-9a4b-8d311a42fe64,,,
,63110130,2026-03-10 12:26:17.150,,175.3,85.729,,63110130,2026-03-10 12:26:21.708,2026-03-10 12:26:21.708,,,,,,UTC-0400,tzUtVVO31D,,,,com.sec.android.app.shealth,,1d2842c5-1abc-4111-a132-40c0e495c4b1,,,
,63110130,2026-03-11 01:49:24.229,,175.3,84.9125,,63110130,2026-03-11 01:49:29.220,2026-03-11 01:49:29.220,,,,,,UTC-0400,tzUtVVO31D,,,,com.sec.android.app.shealth,,911d4b0e-8c5f-4984-a789-c13cdc040cc3,,,
,63110130,2026-03-11 11:25:50.087,,175.3,85.0033,,63110130,2026-03-11 11:25:53.106,2026-03-11 11:25:53.106,,,,,,UTC-0400,tzUtVVO31D,,,,com.sec.android.app.shealth,,8a2a411a-db17-4ce8-b6cd-4024e74df1c3,,,
,63110130,2026-03-12 11:41:23.517,,175.3,85.4568,,63110130,2026-03-12 11:41:25.997,2026-03-12 11:41:25.997,,,,,,UTC-0400,tzUtVVO31D,,,,com.sec.android.app.shealth,,c8d8240a-023f-471f-a73a-df749bb95ae0,,,
,63110130,2026-03-13 11:38:12.921,,175.3,86.0012,,63110130,2026-03-13 11:38:16.391,2026-03-13 11:38:16.391,,,,,,UTC-0400,tzUtVVO31D,,,,com.sec.android.app.shealth,,713d00c4-d119-4e62-bf6e-dfb3e09d04d8,,,
,63110130,2026-03-14 13:53:08.039,,175.3,85.1847,,63110130,2026-03-14 13:53:12.665,2026-03-14 13:53:12.665,,,,,,UTC-0400,tzUtVVO31D,,,,com.sec.android.app.shealth,,be641bd5-48b7-4255-8d60-aac0313d2b32,,,
,63110130,2026-03-15 15:45:00.236,,175.3,85.8197,,63110130,2026-03-15 15:45:05.203,2026-03-15 15:45:05.203,,,,,,UTC-0400,tzUtVVO31D,,,,com.sec.android.app.shealth,,7a34ba38-0fca-4b93-a41c-1d7c8bb1c68c,,,
,63110130,2026-03-15 16:52:31.071,,175.3,85.729,,63110130,2026-03-15 16:52:33.801,2026-03-15 16:52:33.801,,,,,,UTC-0400,tzUtVVO31D,,,,com.sec.android.app.shealth,,6620b9fe-e111-41f0-87ed-1c0425aec112,,,
,63110130,2026-03-16 08:50:51.584,,175.3,85.4568,,63110130,2026-03-16 08:51:08.730,2026-03-16 08:51:08.730,,,,,,UTC-0400,tzUtVVO31D,,,,com.sec.android.app.shealth,,6418112f-5e88-40ea-9061-38d5797fd462,,,
,63110130,2026-03-17 11:18:28.066,,175.3,85.1847,,63110130,2026-03-17 11:18:32.312,2026-03-17 11:18:32.312,,,,,,UTC-0400,tzUtVVO31D,,,,com.sec.android.app.shealth,,646194c4-ab7d-43b2-9a66-54a305d3b077,,,
,63110130,2026-03-18 11:25:20.614,,175.3,85.3661,,63110130,2026-03-18 11:25:25.559,2026-03-18 11:25:25.559,,,,,,UTC-0400,tzUtVVO31D,,,,com.sec.android.app.shealth,,f1851e97-d9ae-4046-b207-3da36bdc9802,,,
,63110130,2026-03-19 11:30:43.953,,175.3,85.8197,,63110130,2026-03-19 11:30:46.354,2026-03-19 11:30:46.354,,,,,,UTC-0400,tzUtVVO31D,,,,com.sec.android.app.shealth,,59e3c5c8-8afe-4552-ae52-8279e364ca95,,,
,63110130,2026-03-20 01:19:40.967,,175.3,85.3661,,63110130,2026-03-20 01:19:43.244,2026-03-20 01:19:43.244,,,,,,UTC-0400,tzUtVVO31D,,,,com.sec.android.app.shealth,,8723f055-6fb8-4434-8ae4-b4b2976621de,,,
,63110130,2026-03-20 11:19:18.937,,175.3,85.5476,,63110130,2026-03-20 11:19:25.064,2026-03-20 11:19:25.064,,,,,,UTC-0400,tzUtVVO31D,,,,com.sec.android.app.shealth,,18891eb2-919a-4dba-b759-5e34bcd7fe55,,,
,63110130,2026-03-21 16:59:43.257,,175.3,85.094,,63110130,2026-03-21 16:59:45.408,2026-03-21 16:59:45.408,,,,,,UTC-0400,tzUtVVO31D,,,,com.sec.android.app.shealth,,5f997cbb-d7c5-45ea-9fe8-7073089f271d,,,
,63110130,2026-03-22 16:50:49.744,,175.3,85.729,,63110130,2026-03-22 16:50:54.194,2026-03-22 16:50:54.194,,,,,,UTC-0400,tzUtVVO31D,,,,com.sec.android.app.shealth,,a3aac07e-2d73-40fd-877d-181562f407e2,,,
,63110130,2026-03-23 10:49:09.213,,175.3,86.6362,,63110130,2026-03-23 10:49:11.824,2026-03-23 10:49:11.824,,,,,,UTC-0400,tzUtVVO31D,,,,com.sec.android.app.shealth,,1897925b-4e5e-49ae-8e7a-fba82565f3c2,,,
,63110130,2026-03-24 11:54:06.412,,175.3,86.0919,,63110130,2026-03-24 11:54:10.404,2026-03-24 11:54:10.404,,,,,,UTC-0400,tzUtVVO31D,,,,com.sec.android.app.shealth,,02a3b985-6f1d-43ff-a2a8-ee32af4e193f,,,
,63110130,2026-03-24 15:14:31.751,,175.3,85.5476,,63110130,2026-03-24 15:14:36.378,2026-03-24 15:14:36.378,,,,,,UTC-0400,tzUtVVO31D,,,,com.sec.android.app.shealth,,4db81831-6672-494b-be46-d2632c2ac710,,,
,63110130,2026-03-25 11:12:22.450,,175.3,85.729,,63110130,2026-03-25 11:12:28.068,2026-03-25 11:12:28.068,,,,,,UTC-0400,tzUtVVO31D,,,,com.sec.android.app.shealth,,fdd3ee96-4ac0-41d4-9080-b610e0335079,,,
,63110130,2026-03-26 11:37:44.011,,175.3,86.0919,,63110130,2026-03-26 11:37:47.446,2026-03-26 11:37:47.446,,,,,,UTC-0400,tzUtVVO31D,,,,com.sec.android.app.shealth,,ffc340de-fea3-4dd0-b686-c37667052c88,,,
,63110130,2026-03-27 01:24:47.006,,175.3,85.1847,,63110130,2026-03-27 01:24:49.876,2026-03-27 01:24:49.876,,,,,,UTC-0400,tzUtVVO31D,,,,com.sec.android.app.shealth,,694840e9-73f1-4a8d-bbec-ec6cdc6cc11f,,,
,63110130,2026-03-27 11:32:12.041,,175.3,85.3661,,63110130,2026-03-27 11:32:16.542,2026-03-27 11:32:16.542,,,,,,UTC-0400,tzUtVVO31D,,,,com.sec.android.app.shealth,,93aa7b04-4c60-4424-bf7f-f148532451d0,,,
,63130130,2026-03-28 16:38:37.154,,175.3,85.2754,,63130130,2026-03-28 16:38:39.693,2026-03-28 16:38:39.693,,,,,,UTC-0400,tzUtVVO31D,,,,com.sec.android.app.shealth,,2446ae2c-c43a-4cdf-9adb-6877ed2ca736,,,
,63130130,2026-03-29 15:51:32.155,,175.3,86.0012,,63130130,2026-03-29 15:51:36.289,2026-03-29 15:51:36.289,,,,,,UTC-0400,tzUtVVO31D,,,,com.sec.android.app.shealth,,74f50644-5c22-4dc3-b819-293ab1088f5c,,,
,63130130,2026-03-30 15:19:54.900,,175.3,86.9991,,63130130,2026-03-30 15:19:58.809,2026-03-30 15:19:58.809,,,,,,UTC-0400,tzUtVVO31D,,,,com.sec.android.app.shealth,,324dab6d-ebb7-4030-a0a8-06d85f0f0a49,,,
,63130130,2026-04-01 01:33:58.450,,175.3,85.5476,,63130130,2026-04-01 01:34:02.469,2026-04-01 01:34:02.469,,,,,,UTC-0400,tzUtVVO31D,,,,com.sec.android.app.shealth,,196f5cff-b09b-4203-94c7-84fdfc92dca7,,,
,63130130,2026-04-01 11:45:40.388,,175.3,86.0012,,63130130,2026-04-01 11:45:42.987,2026-04-01 11:45:42.987,,,,,,UTC-0400,tzUtVVO31D,,,,com.sec.android.app.shealth,,667d33c4-1bb1-4ad8-95ee-4879b81f112c,,,
,63130130,2026-04-02 02:01:47.917,,175.26,85.094,,63130130,2026-04-02 02:01:51.038,2026-04-02 02:01:51.038,,,,,,UTC-0400,tzUtVVO31D,,,,com.sec.android.app.shealth,,3ad2daf1-2e34-4e2d-b24e-c60f5767f6ab,,,
,63130130,2026-04-02 11:10:26.745,,175.3,85.4568,,63130130,2026-04-02 11:10:30.311,2026-04-02 11:10:30.311,,,,,,UTC-0400,tzUtVVO31D,,,,com.sec.android.app.shealth,,163bb5c5-26b2-4724-ab42-1842f3c7381e,,,
,63130130,2026-04-03 00:30:20.127,,175.3,85.0033,,63130130,2026-04-03 00:30:22.884,2026-04-03 00:30:22.884,,,,,,UTC-0400,tzUtVVO31D,,,,com.sec.android.app.shealth,,9e1f9cb7-8a27-4700-bcaf-38e21b7c5d6c,,,
,63130130,2026-04-03 10:55:54.779,,175.3,85.1847,,63130130,2026-04-03 10:55:57.900,2026-04-03 10:55:57.900,,,,,,UTC-0400,tzUtVVO31D,,,,com.sec.android.app.shealth,,4b3ed377-cf9d-4941-8c0e-18b265a42de8,,,
,63130130,2026-04-04 16:03:33.407,,175.3,85.3661,,63130130,2026-04-04 16:03:37.759,2026-04-04 16:03:37.759,,,,,,UTC-0400,tzUtVVO31D,,,,com.sec.android.app.shealth,,95a04689-dd2d-49e6-a926-fd56cdfe67b5,,,
,63130130,2026-04-06 09:30:47.122,,175.3,86.364,,63130130,2026-04-06 09:30:50.841,2026-04-06 09:30:50.841,,,,,,UTC-0400,tzUtVVO31D,,,,com.sec.android.app.shealth,,5d983ac3-1c90-4a83-a351-003b0589552b,,,
,63130130,2026-04-07 12:10:09.317,,175.3,86.0012,,63130130,2026-04-07 12:10:12.723,2026-04-07 12:10:12.723,,,,,,UTC-0400,tzUtVVO31D,,,,com.sec.android.app.shealth,,dc74c2b4-0ea5-411c-88a2-c7a91a981ac6,,,
,63130130,2026-04-08 10:47:49.939,,175.3,86.1826,,63130130,2026-04-08 10:47:53.713,2026-04-08 10:47:53.713,,,,,,UTC-0400,tzUtVVO31D,,,,com.sec.android.app.shealth,,6a96b4ab-2c1a-4daf-93d9-c83706f43997,,,
,63130130,2026-04-09 01:21:52.021,,175.3,85.5476,,63130130,2026-04-09 01:21:56.592,2026-04-09 01:21:56.592,,,,,,UTC-0400,tzUtVVO31D,,,,com.sec.android.app.shealth,,f2f0cb66-02ad-4a5d-8285-5be87bfa5651,,,
,63130130,2026-04-09 11:23:12.391,,175.3,85.3661,,63130130,2026-04-09 11:23:16.193,2026-04-09 11:23:16.193,,,,,,UTC-0400,tzUtVVO31D,,,,com.sec.android.app.shealth,,3e8f9c94-b763-430f-927c-07a1c7931f6f,,,
,63130130,2026-04-10 01:23:26.813,,175.3,85.0033,,63130130,2026-04-10 01:23:31.119,2026-04-10 01:23:31.119,,,,,,UTC-0400,tzUtVVO31D,,,,com.sec.android.app.shealth,,6c47e4bb-bff7-4f3b-a6e4-1a9ba68a5b20,,,
,63130130,2026-04-10 10:58:39.634,,175.3,84.9125,,63130130,2026-04-10 10:58:42.910,2026-04-10 10:58:42.910,,,,,,UTC-0400,tzUtVVO31D,,,,com.sec.android.app.shealth,,098f3381-714d-451b-840b-11e330fbd1f6,,,
,63130130,2026-04-11 14:15:23.895,,175.3,85.2754,,63130130,2026-04-11 14:15:27.655,2026-04-11 14:15:27.655,,,,,,UTC-0400,tzUtVVO31D,,,,com.sec.android.app.shealth,,72d8729d-0036-48ab-8ff8-e0dc659d1db7,,,
,63130130,2026-04-12 15:27:55.060,,175.3,84.9125,,63130130,2026-04-12 15:28:00.247,2026-04-12 15:28:00.247,,,,,,UTC-0400,tzUtVVO31D,,,,com.sec.android.app.shealth,,db585c79-f706-48d9-ab86-0f98b8ddc13b,,,
,63130130,2026-04-13 16:46:11.068,,175.26,85.4568,,63130130,2026-04-13 16:46:14.145,2026-04-13 16:46:14.145,,,,,,UTC-0400,tzUtVVO31D,,,,com.sec.android.app.shealth,,3363be1c-7cc2-414e-b8c8-003ee5d2b5c6,,,
,63130130,2026-04-14 14:34:41.966,,175.3,85.3661,,63130130,2026-04-14 14:34:45.623,2026-04-14 14:34:45.623,,,,,,UTC-0400,tzUtVVO31D,,,,com.sec.android.app.shealth,,8b05aed1-fc95-41bc-9d68-76ddafec0c2c,,,
,63200010,2026-04-15 14:21:51.784,,175.3,85.1847,,63200010,2026-04-15 14:21:57.127,2026-04-15 14:21:57.127,,,,,,UTC-0400,tzUtVVO31D,,,,com.sec.android.app.shealth,,d84de1e1-28ca-4537-b0a2-d3ee54f65913,,,
,63200010,2026-04-15 14:48:20.087,,175.3,85.0033,,63200010,2026-04-15 14:48:23.002,2026-04-15 14:48:23.002,,,,,,UTC-0400,tzUtVVO31D,,,,com.sec.android.app.shealth,,6d87dbb2-089c-41c2-8e23-b3e7fe6bf642,,,
,63200010,2026-04-16 05:00:41.226,,175.3,85.4568,,63200010,2026-04-16 05:00:43.727,2026-04-16 05:00:43.727,,,,,,UTC-0400,tzUtVVO31D,,,,com.sec.android.app.shealth,,19be24e1-e8c3-4a58-8a10-062a1bf18e18,,,
,63200010,2026-04-16 16:01:11.998,,175.3,84.8218,,63200010,2026-04-16 16:01:15.404,2026-04-16 16:01:15.404,,,,,,UTC-0400,tzUtVVO31D,,,,com.sec.android.app.shealth,,07896e29-d9e6-4e2a-a331-19bc8363711d,,,
,63200010,2026-04-17 15:52:20.360,,175.3,85.0033,,63200010,2026-04-17 15:52:24.885,2026-04-17 15:52:24.885,,,,,,UTC-0400,tzUtVVO31D,,,,com.sec.android.app.shealth,,8ba72779-85cc-4f2b-b8f1-a32464a252aa,,,
,63200010,2026-04-18 16:15:53.371,,175.3,85.8197,,63200010,2026-04-18 16:15:58.783,2026-04-18 16:15:58.783,,,,,,UTC-0400,tzUtVVO31D,,,,com.sec.android.app.shealth,,5c74f70e-71ba-4f8d-b7ec-26c3f3e03032,,,
,63200010,2026-04-19 16:09:41.814,,175.3,85.729,,63200010,2026-04-19 16:09:45.523,2026-04-19 16:09:45.523,,,,,,UTC-0400,tzUtVVO31D,,,,com.sec.android.app.shealth,,0d59331f-7ada-4227-944f-9a261a34adb3,,,
,63200010,2026-04-20 11:24:56.943,,175.3,85.6383,,63200010,2026-04-20 11:25:00.512,2026-04-20 11:25:00.512,,,,,,UTC-0400,tzUtVVO31D,,,,com.sec.android.app.shealth,,32e288ea-9444-4860-b73b-ab0579b0a45f,,,
,63200010,2026-04-21 11:14:02.653,,175.3,85.6383,,63200010,2026-04-21 11:14:04.482,2026-04-21 11:14:04.482,,,,,,UTC-0400,tzUtVVO31D,,,,com.sec.android.app.shealth,,28655eb7-4b92-4482-9f51-0038ad1022d1,,,
,63200010,2026-04-22 11:14:29.099,,175.3,85.1847,,63200010,2026-04-22 11:14:31.580,2026-04-22 11:14:31.580,,,,,,UTC-0400,tzUtVVO31D,,,,com.sec.android.app.shealth,,1c7e6399-89dc-4975-ba2b-ad100ef1bcec,,,
,63200010,2026-04-23 11:32:55.637,,175.3,85.3661,,63200010,2026-04-23 11:33:02.112,2026-04-23 11:33:02.112,,,,,,UTC-0400,tzUtVVO31D,,,,com.sec.android.app.shealth,,eb8e2ac9-6066-48af-8bee-ca7e33f41cc8,,,
,63200010,2026-04-23 23:53:59.049,,175.3,84.3682,,63200010,2026-04-23 23:54:03.223,2026-04-23 23:54:03.223,,,,,,UTC-0400,tzUtVVO31D,,,,com.sec.android.app.shealth,,0f4bd53e-aa39-4992-afc1-890a55f52326,,,
,63200010,2026-04-24 11:03:56.277,,175.3,84.3682,,63200010,2026-04-24 11:03:57.888,2026-04-24 11:03:57.888,,,,,,UTC-0400,tzUtVVO31D,,,,com.sec.android.app.shealth,,9be3f758-5401-44c7-ba52-2c2079ac945c,,,
,63200010,2026-04-25 19:19:04.183,,175.3,82.4631,,63200010,2026-04-25 19:19:09.396,2026-04-25 19:19:09.396,,,,,,UTC-0400,tzUtVVO31D,,,,com.sec.android.app.shealth,,84191f1f-c5ee-40b0-b8c5-043bd3d447cd,,,
,63200010,2026-04-26 14:37:40.620,,175.3,83.0074,,63200010,2026-04-26 14:37:46.841,2026-04-26 14:37:46.841,,,,,,UTC-0400,tzUtVVO31D,,,,com.sec.android.app.shealth,,f45698d6-59f3-41ba-9fa9-9f93f2034773,,,
,63200010,2026-04-26 17:54:17.728,,175.3,82.826,,63200010,2026-04-26 17:54:22.191,2026-04-26 17:54:22.191,,,,,,UTC-0400,tzUtVVO31D,,,,com.sec.android.app.shealth,,9d661690-d1d0-450d-b3b4-f9f6db63c513,,,
,63200010,2026-04-27 13:36:16.018,,175.3,82.1003,,63200010,2026-04-27 13:36:20.794,2026-04-27 13:36:20.794,,,,,,UTC-0400,tzUtVVO31D,,,,com.sec.android.app.shealth,,4784e1f8-b54f-462e-ada9-1388e5f00abd,,,
,63200010,2026-04-28 13:17:07.131,,175.3,82.826,,63200010,2026-04-28 13:17:11.073,2026-04-28 13:17:11.073,,,,,,UTC-0400,tzUtVVO31D,,,,com.sec.android.app.shealth,,b51896c4-55de-4749-a3e9-7291f98a8d6b,,,
,63200010,2026-04-28 15:29:33.719,,175.3,82.5539,,63200010,2026-04-28 15:29:36.942,2026-04-28 15:29:36.942,,,,,,UTC-0400,tzUtVVO31D,,,,com.sec.android.app.shealth,,6288124c-9d98-4d22-8113-c5a3f34679e3,,,
,63200010,2026-04-29 14:42:37.123,,175.3,82.5539,,63200010,2026-04-29 14:42:39.279,2026-04-29 14:42:39.279,,,,,,UTC-0400,tzUtVVO31D,,,,com.sec.android.app.shealth,,9c8b8103-dc19-43d8-99ad-1d6354cc45e0,,,